{
"type": "FeatureCollection",
"name": "rivers",
"crs": { "type": "name", "properties": { "name": "urn:ogc:def:crs:OGC:1.3:CRS84" } },
"features": [
{ "type": "Feature", "properties": { }, "geometry": { "type": "LineString", "coordinates": [ [ 93.1854166666661, 26.947916666666252 ], [ 93.189583333332763, 26.940187070270937 ] ] } },
{ "type": "Feature", "properties": { }, "geometry": { "type": "MultiLineString", "coordinates": [ [ [ 93.818787374152933, 27.122879292512799 ], [ 93.826466033508567, 27.115200633157137 ] ], [ [ 93.827083333332808, 27.1125744010563 ], [ 93.827156690196745, 27.110343309802293 ] ] ] } },
{ "type": "Feature", "properties": { }, "geometry": { "type": "LineString", "coordinates": [ [ 92.116416973109992, 26.896083026889013 ], [ 92.118749999999437, 26.890757336133952 ] ] } },
{ "type": "Feature", "properties": { }, "geometry": { "type": "LineString", "coordinates": [ [ 92.127083333332763, 26.931249999999586 ], [ 92.127083333332763, 26.914583333332907 ], [ 92.1229166666661, 26.910416666666244 ], [ 92.1229166666661, 26.902083333332932 ], [ 92.117160020561826, 26.897916666666227 ] ] } },
{ "type": "Feature", "properties": { }, "geometry": { "type": "LineString", "coordinates": [ [ 92.139583333332808, 26.943749999999561 ], [ 92.139583333332808, 26.939583333332898 ], [ 92.127083333332763, 26.931249999999586 ] ] } },
{ "type": "Feature", "properties": { }, "geometry": { "type": "LineString", "coordinates": [ [ 92.143749999999415, 26.947916666666252 ], [ 92.139583333332808, 26.943749999999561 ] ] } },
{ "type": "Feature", "properties": { }, "geometry": { "type": "LineString", "coordinates": [ [ 92.418749999999449, 26.989583333332881 ], [ 92.418749999999449, 26.943833550831787 ] ] } },
{ "type": "Feature", "properties": { }, "geometry": { "type": "LineString", "coordinates": [ [ 92.389583333332865, 27.006249999999561 ], [ 92.397916666666248, 26.997916666666235 ], [ 92.40624999999946, 26.997916666666235 ], [ 92.414583333332786, 26.989583333332881 ], [ 92.418749999999449, 26.989583333332881 ] ] } },
{ "type": "Feature", "properties": { }, "geometry": { "type": "LineString", "coordinates": [ [ 92.385416666666089, 27.014583333332915 ], [ 92.389583333332865, 27.006249999999561 ] ] } },
{ "type": "Feature", "properties": { }, "geometry": { "type": "LineString", "coordinates": [ [ 92.635416666666089, 27.022916666666241 ], [ 92.639548028192578, 27.018785305139755 ] ] } },
{ "type": "Feature", "properties": { }, "geometry": { "type": "LineString", "coordinates": [ [ 92.15208333333274, 26.964583333332889 ], [ 92.15208333333274, 26.956249999999578 ], [ 92.143749999999415, 26.947916666666252 ] ] } },
{ "type": "Feature", "properties": { }, "geometry": { "type": "LineString", "coordinates": [ [ 92.15624999999946, 26.972916666666244 ], [ 92.15208333333274, 26.964583333332889 ] ] } },
{ "type": "Feature", "properties": { }, "geometry": { "type": "LineString", "coordinates": [ [ 92.15624999999946, 26.985416666666218 ], [ 92.15624999999946, 26.972916666666244 ] ] } },
{ "type": "Feature", "properties": { }, "geometry": { "type": "LineString", "coordinates": [ [ 92.164583333332786, 27.006249999999561 ], [ 92.164583333332786, 27.002083333332898 ], [ 92.15624999999946, 26.993749999999586 ], [ 92.15624999999946, 26.985416666666218 ] ] } },
{ "type": "Feature", "properties": { }, "geometry": { "type": "LineString", "coordinates": [ [ 92.15208333333274, 27.014583333332915 ], [ 92.164583333332786, 27.006249999999561 ] ] } },
{ "type": "Feature", "properties": { }, "geometry": { "type": "LineString", "coordinates": [ [ 92.15624999999946, 27.022916666666241 ], [ 92.15208333333274, 27.014583333332915 ] ] } },
{ "type": "Feature", "properties": { }, "geometry": { "type": "LineString", "coordinates": [ [ 92.15624999999946, 27.031249999999552 ], [ 92.15624999999946, 27.022916666666241 ] ] } },
{ "type": "Feature", "properties": { }, "geometry": { "type": "LineString", "coordinates": [ [ 92.15208333333274, 27.039583333332907 ], [ 92.15624999999946, 27.031249999999552 ] ] } },
{ "type": "Feature", "properties": { }, "geometry": { "type": "LineString", "coordinates": [ [ 92.147916666666134, 27.043749999999569 ], [ 92.15208333333274, 27.039583333332907 ] ] } },
{ "type": "Feature", "properties": { }, "geometry": { "type": "LineString", "coordinates": [ [ 92.381249999999426, 27.022916666666241 ], [ 92.385416666666089, 27.014583333332915 ] ] } },
{ "type": "Feature", "properties": { }, "geometry": { "type": "LineString", "coordinates": [ [ 92.63124999999954, 27.027083333332889 ], [ 92.635416666666089, 27.022916666666241 ] ] } },
{ "type": "Feature", "properties": { }, "geometry": { "type": "LineString", "coordinates": [ [ 92.614583333332831, 27.031249999999552 ], [ 92.622916666666157, 27.031249999999552 ], [ 92.63124999999954, 27.027083333332889 ] ] } },
{ "type": "Feature", "properties": { }, "geometry": { "type": "LineString", "coordinates": [ [ 92.606249999999505, 27.039583333332907 ], [ 92.614583333332831, 27.031249999999552 ] ] } },
{ "type": "Feature", "properties": { }, "geometry": { "type": "LineString", "coordinates": [ [ 92.381249999999426, 27.047916666666275 ], [ 92.385416666666089, 27.043749999999569 ], [ 92.381249999999426, 27.022916666666241 ] ] } },
{ "type": "Feature", "properties": { }, "geometry": { "type": "LineString", "coordinates": [ [ 92.597916666666123, 27.047916666666275 ], [ 92.606249999999505, 27.039583333332907 ] ] } },
{ "type": "Feature", "properties": { }, "geometry": { "type": "LineString", "coordinates": [ [ 92.381249999999426, 27.056249999999586 ], [ 92.381249999999426, 27.047916666666275 ] ] } },
{ "type": "Feature", "properties": { }, "geometry": { "type": "LineString", "coordinates": [ [ 92.372916666666214, 27.064583333332898 ], [ 92.381249999999426, 27.056249999999586 ] ] } },
{ "type": "Feature", "properties": { }, "geometry": { "type": "LineString", "coordinates": [ [ 92.589583333332797, 27.085416666666241 ], [ 92.589583333332797, 27.072916666666266 ], [ 92.59374999999946, 27.068749999999561 ], [ 92.59374999999946, 27.056249999999586 ], [ 92.597916666666123, 27.047916666666275 ] ] } },
{ "type": "Feature", "properties": { }, "geometry": { "type": "LineString", "coordinates": [ [ 92.597916666666123, 27.093749999999552 ], [ 92.589583333332797, 27.085416666666241 ] ] } },
{ "type": "Feature", "properties": { }, "geometry": { "type": "LineString", "coordinates": [ [ 92.139583333332808, 27.056249999999586 ], [ 92.147916666666134, 27.043749999999569 ] ] } },
{ "type": "Feature", "properties": { }, "geometry": { "type": "LineString", "coordinates": [ [ 92.135416666666089, 27.064583333332898 ], [ 92.139583333332808, 27.056249999999586 ] ] } },
{ "type": "Feature", "properties": { }, "geometry": { "type": "LineString", "coordinates": [ [ 92.131249999999426, 27.068749999999561 ], [ 92.135416666666089, 27.064583333332898 ] ] } },
{ "type": "Feature", "properties": { }, "geometry": { "type": "LineString", "coordinates": [ [ 92.1229166666661, 27.077083333332872 ], [ 92.131249999999426, 27.068749999999561 ] ] } },
{ "type": "Feature", "properties": { }, "geometry": { "type": "LineString", "coordinates": [ [ 92.772916666666191, 27.047916666666275 ], [ 92.772916666666191, 27.039583333332907 ], [ 92.768749999999415, 27.033002350839766 ] ] } },
{ "type": "Feature", "properties": { }, "geometry": { "type": "LineString", "coordinates": [ [ 92.772916666666191, 27.064583333332898 ], [ 92.772916666666191, 27.047916666666275 ] ] } },
{ "type": "Feature", "properties": { }, "geometry": { "type": "LineString", "coordinates": [ [ 92.772916666666191, 27.077083333332872 ], [ 92.772916666666191, 27.064583333332898 ] ] } },
{ "type": "Feature", "properties": { }, "geometry": { "type": "LineString", "coordinates": [ [ 92.77708333333274, 27.081249999999578 ], [ 92.772916666666191, 27.077083333332872 ] ] } },
{ "type": "Feature", "properties": { }, "geometry": { "type": "LineString", "coordinates": [ [ 92.6854166666661, 27.164583333332921 ], [ 92.672916666666111, 27.160416666666215 ] ] } },
{ "type": "Feature", "properties": { }, "geometry": { "type": "LineString", "coordinates": [ [ 92.689583333332763, 27.168749999999569 ], [ 92.6854166666661, 27.164583333332921 ] ] } },
{ "type": "Feature", "properties": { }, "geometry": { "type": "LineString", "coordinates": [ [ 92.697916666666089, 27.172916666666232 ], [ 92.689583333332763, 27.168749999999569 ] ] } },
{ "type": "Feature", "properties": { }, "geometry": { "type": "LineString", "coordinates": [ [ 92.71874999999946, 27.172916666666232 ], [ 92.697916666666089, 27.172916666666232 ] ] } },
{ "type": "Feature", "properties": { }, "geometry": { "type": "LineString", "coordinates": [ [ 92.114583333332774, 27.081249999999578 ], [ 92.1229166666661, 27.077083333332872 ] ] } },
{ "type": "Feature", "properties": { }, "geometry": { "type": "LineString", "coordinates": [ [ 92.106249999999505, 27.089583333332889 ], [ 92.114583333332774, 27.081249999999578 ] ] } },
{ "type": "Feature", "properties": { }, "geometry": { "type": "LineString", "coordinates": [ [ 92.114583333332774, 27.102083333332907 ], [ 92.106249999999505, 27.089583333332889 ] ] } },
{ "type": "Feature", "properties": { }, "geometry": { "type": "LineString", "coordinates": [ [ 93.40624999999946, 26.968749999999595 ], [ 93.410416666666123, 26.964583333332889 ], [ 93.40624999999946, 26.958698827411215 ] ] } },
{ "type": "Feature", "properties": { }, "geometry": { "type": "LineString", "coordinates": [ [ 93.422916666666168, 26.993749999999586 ], [ 93.414583333332843, 26.977083333332907 ], [ 93.40624999999946, 26.968749999999595 ] ] } },
{ "type": "Feature", "properties": { }, "geometry": { "type": "LineString", "coordinates": [ [ 93.427083333332718, 27.018749999999578 ], [ 93.414583333332843, 27.006249999999561 ], [ 93.414583333332843, 27.002083333332898 ], [ 93.422916666666168, 26.993749999999586 ] ] } },
{ "type": "Feature", "properties": { }, "geometry": { "type": "LineString", "coordinates": [ [ 93.435416666666043, 27.027083333332889 ], [ 93.427083333332718, 27.022916666666241 ], [ 93.427083333332718, 27.018749999999578 ] ] } },
{ "type": "Feature", "properties": { }, "geometry": { "type": "LineString", "coordinates": [ [ 93.418749999999392, 27.027083333332889 ], [ 93.427083333332718, 27.018749999999578 ] ] } },
{ "type": "Feature", "properties": { }, "geometry": { "type": "LineString", "coordinates": [ [ 93.631249999999426, 27.068749999999561 ], [ 93.635416666666089, 27.068749999999561 ] ] } },
{ "type": "Feature", "properties": { }, "geometry": { "type": "LineString", "coordinates": [ [ 93.627083333332763, 27.068749999999561 ], [ 93.631249999999426, 27.068749999999561 ] ] } },
{ "type": "Feature", "properties": { }, "geometry": { "type": "LineString", "coordinates": [ [ 93.602083333332729, 27.072916666666266 ], [ 93.606249999999392, 27.068749999999561 ] ] } },
{ "type": "Feature", "properties": { }, "geometry": { "type": "LineString", "coordinates": [ [ 93.606249999999392, 27.068749999999561 ], [ 93.614583333332718, 27.072916666666266 ], [ 93.6229166666661, 27.072916666666266 ], [ 93.627083333332763, 27.068749999999561 ] ] } },
{ "type": "Feature", "properties": { }, "geometry": { "type": "LineString", "coordinates": [ [ 93.414583333332843, 27.022916666666241 ], [ 93.418749999999392, 27.027083333332889 ] ] } },
{ "type": "Feature", "properties": { }, "geometry": { "type": "LineString", "coordinates": [ [ 93.40624999999946, 27.031249999999552 ], [ 93.414583333332843, 27.022916666666241 ] ] } },
{ "type": "Feature", "properties": { }, "geometry": { "type": "LineString", "coordinates": [ [ 93.452083333332752, 27.031249999999552 ], [ 93.439583333332877, 27.031249999999552 ], [ 93.435416666666043, 27.027083333332889 ] ] } },
{ "type": "Feature", "properties": { }, "geometry": { "type": "LineString", "coordinates": [ [ 93.402083333332797, 27.031249999999552 ], [ 93.40624999999946, 27.031249999999552 ] ] } },
{ "type": "Feature", "properties": { }, "geometry": { "type": "LineString", "coordinates": [ [ 93.456249999999415, 27.035416666666258 ], [ 93.452083333332752, 27.031249999999552 ] ] } },
{ "type": "Feature", "properties": { }, "geometry": { "type": "LineString", "coordinates": [ [ 93.393749999999471, 27.039583333332907 ], [ 93.402083333332797, 27.031249999999552 ] ] } },
{ "type": "Feature", "properties": { }, "geometry": { "type": "LineString", "coordinates": [ [ 93.460416666666077, 27.039583333332907 ], [ 93.456249999999415, 27.035416666666258 ] ] } },
{ "type": "Feature", "properties": { }, "geometry": { "type": "LineString", "coordinates": [ [ 93.389583333332808, 27.039583333332907 ], [ 93.393749999999471, 27.039583333332907 ] ] } },
{ "type": "Feature", "properties": { }, "geometry": { "type": "LineString", "coordinates": [ [ 93.3729166666661, 27.043749999999569 ], [ 93.385416666666146, 27.043749999999569 ], [ 93.389583333332808, 27.039583333332907 ] ] } },
{ "type": "Feature", "properties": { }, "geometry": { "type": "LineString", "coordinates": [ [ 93.481249999999392, 27.043749999999569 ], [ 93.477083333332786, 27.047916666666275 ], [ 93.460416666666077, 27.039583333332907 ] ] } },
{ "type": "Feature", "properties": { }, "geometry": { "type": "LineString", "coordinates": [ [ 93.489583333332718, 27.047916666666275 ], [ 93.481249999999392, 27.043749999999569 ] ] } },
{ "type": "Feature", "properties": { }, "geometry": { "type": "LineString", "coordinates": [ [ 93.364583333332774, 27.047916666666275 ], [ 93.3729166666661, 27.043749999999569 ] ] } },
{ "type": "Feature", "properties": { }, "geometry": { "type": "LineString", "coordinates": [ [ 93.489583333332718, 27.052083333332924 ], [ 93.489583333332718, 27.047916666666275 ] ] } },
{ "type": "Feature", "properties": { }, "geometry": { "type": "LineString", "coordinates": [ [ 93.360416666666111, 27.056249999999586 ], [ 93.364583333332774, 27.047916666666275 ] ] } },
{ "type": "Feature", "properties": { }, "geometry": { "type": "LineString", "coordinates": [ [ 93.493749999999437, 27.056249999999586 ], [ 93.489583333332718, 27.052083333332924 ] ] } },
{ "type": "Feature", "properties": { }, "geometry": { "type": "LineString", "coordinates": [ [ 93.522916666666134, 27.064583333332898 ], [ 93.518749999999471, 27.060416666666249 ], [ 93.506249999999426, 27.060416666666249 ], [ 93.502083333332763, 27.056249999999586 ], [ 93.493749999999437, 27.056249999999586 ] ] } },
{ "type": "Feature", "properties": { }, "geometry": { "type": "LineString", "coordinates": [ [ 93.364583333332774, 27.068749999999561 ], [ 93.360416666666111, 27.064583333332898 ], [ 93.360416666666111, 27.056249999999586 ] ] } },
{ "type": "Feature", "properties": { }, "geometry": { "type": "LineString", "coordinates": [ [ 93.360416666666111, 27.077083333332872 ], [ 93.364583333332774, 27.068749999999561 ] ] } },
{ "type": "Feature", "properties": { }, "geometry": { "type": "LineString", "coordinates": [ [ 93.502083333332763, 27.093749999999552 ], [ 93.502083333332763, 27.089583333332889 ], [ 93.522916666666134, 27.068749999999561 ], [ 93.522916666666134, 27.064583333332898 ] ] } },
{ "type": "Feature", "properties": { }, "geometry": { "type": "LineString", "coordinates": [ [ 93.360416666666111, 27.089583333332889 ], [ 93.360416666666111, 27.077083333332872 ] ] } },
{ "type": "Feature", "properties": { }, "geometry": { "type": "LineString", "coordinates": [ [ 93.252083333332763, 26.968749999999595 ], [ 93.256249999999483, 26.960416666666227 ], [ 93.252083333332763, 26.95372229706658 ] ] } },
{ "type": "Feature", "properties": { }, "geometry": { "type": "LineString", "coordinates": [ [ 93.252083333332763, 26.977083333332907 ], [ 93.252083333332763, 26.968749999999595 ] ] } },
{ "type": "Feature", "properties": { }, "geometry": { "type": "LineString", "coordinates": [ [ 93.256249999999483, 27.002083333332898 ], [ 93.2479166666661, 26.989583333332881 ], [ 93.252083333332763, 26.977083333332907 ] ] } },
{ "type": "Feature", "properties": { }, "geometry": { "type": "LineString", "coordinates": [ [ 93.264583333332808, 27.010416666666224 ], [ 93.256249999999483, 27.002083333332898 ] ] } },
{ "type": "Feature", "properties": { }, "geometry": { "type": "LineString", "coordinates": [ [ 93.268749999999471, 27.014583333332915 ], [ 93.264583333332808, 27.010416666666224 ] ] } },
{ "type": "Feature", "properties": { }, "geometry": { "type": "LineString", "coordinates": [ [ 93.014583333332808, 27.222916666666215 ], [ 93.006249999999483, 27.222916666666215 ] ] } },
{ "type": "Feature", "properties": { }, "geometry": { "type": "LineString", "coordinates": [ [ 93.031249999999517, 27.227083333332878 ], [ 93.022916666666191, 27.222916666666215 ], [ 93.014583333332808, 27.222916666666215 ] ] } },
{ "type": "Feature", "properties": { }, "geometry": { "type": "LineString", "coordinates": [ [ 92.989583333332774, 27.222916666666215 ], [ 92.985416666666111, 27.227083333332878 ] ] } },
{ "type": "Feature", "properties": { }, "geometry": { "type": "LineString", "coordinates": [ [ 93.006249999999483, 27.222916666666215 ], [ 93.00208333333282, 27.227083333332878 ], [ 92.993749999999437, 27.227083333332878 ], [ 92.989583333332774, 27.222916666666215 ] ] } },
{ "type": "Feature", "properties": { }, "geometry": { "type": "LineString", "coordinates": [ [ 92.985416666666111, 27.227083333332878 ], [ 92.977083333332786, 27.227083333332878 ] ] } },
{ "type": "Feature", "properties": { }, "geometry": { "type": "LineString", "coordinates": [ [ 93.635416666666089, 27.068749999999561 ], [ 93.643749999999415, 27.072916666666266 ] ] } },
{ "type": "Feature", "properties": { }, "geometry": { "type": "LineString", "coordinates": [ [ 93.643749999999415, 27.072916666666266 ], [ 93.652083333332797, 27.072916666666266 ] ] } },
{ "type": "Feature", "properties": { }, "geometry": { "type": "LineString", "coordinates": [ [ 93.652083333332797, 27.072916666666266 ], [ 93.660416666666123, 27.077083333332872 ] ] } },
{ "type": "Feature", "properties": { }, "geometry": { "type": "LineString", "coordinates": [ [ 93.660416666666123, 27.077083333332872 ], [ 93.668749999999449, 27.081249999999578 ] ] } },
{ "type": "Feature", "properties": { }, "geometry": { "type": "LineString", "coordinates": [ [ 93.668749999999449, 27.081249999999578 ], [ 93.677083333332831, 27.085416666666241 ] ] } },
{ "type": "Feature", "properties": { }, "geometry": { "type": "LineString", "coordinates": [ [ 93.677083333332831, 27.085416666666241 ], [ 93.681249999999494, 27.089583333332889 ] ] } },
{ "type": "Feature", "properties": { }, "geometry": { "type": "LineString", "coordinates": [ [ 93.681249999999494, 27.089583333332889 ], [ 93.68958333333282, 27.089583333332889 ], [ 93.693749999999483, 27.093749999999552 ] ] } },
{ "type": "Feature", "properties": { }, "geometry": { "type": "LineString", "coordinates": [ [ 93.693749999999483, 27.093749999999552 ], [ 93.68958333333282, 27.097916666666258 ], [ 93.68958333333282, 27.106249999999569 ], [ 93.693749999999483, 27.110416666666232 ] ] } },
{ "type": "Feature", "properties": { }, "geometry": { "type": "LineString", "coordinates": [ [ 93.693749999999483, 27.110416666666232 ], [ 93.702083333332865, 27.118749999999586 ] ] } },
{ "type": "Feature", "properties": { }, "geometry": { "type": "LineString", "coordinates": [ [ 93.702083333332865, 27.118749999999586 ], [ 93.71458333333274, 27.122916666666249 ] ] } },
{ "type": "Feature", "properties": { }, "geometry": { "type": "LineString", "coordinates": [ [ 93.352083333332786, 27.097916666666258 ], [ 93.360416666666111, 27.089583333332889 ] ] } },
{ "type": "Feature", "properties": { }, "geometry": { "type": "LineString", "coordinates": [ [ 93.493749999999437, 27.097916666666258 ], [ 93.502083333332763, 27.093749999999552 ] ] } },
{ "type": "Feature", "properties": { }, "geometry": { "type": "LineString", "coordinates": [ [ 93.34374999999946, 27.097916666666258 ], [ 93.352083333332786, 27.097916666666258 ] ] } },
{ "type": "Feature", "properties": { }, "geometry": { "type": "LineString", "coordinates": [ [ 93.489583333332718, 27.102083333332907 ], [ 93.493749999999437, 27.097916666666258 ] ] } },
{ "type": "Feature", "properties": { }, "geometry": { "type": "LineString", "coordinates": [ [ 93.3729166666661, 27.214583333332904 ], [ 93.389583333332808, 27.214583333332904 ] ] } },
{ "type": "Feature", "properties": { }, "geometry": { "type": "LineString", "coordinates": [ [ 93.389583333332808, 27.214583333332904 ], [ 93.393749999999471, 27.214583333332904 ] ] } },
{ "type": "Feature", "properties": { }, "geometry": { "type": "LineString", "coordinates": [ [ 93.393749999999471, 27.214583333332904 ], [ 93.402083333332797, 27.214583333332904 ] ] } },
{ "type": "Feature", "properties": { }, "geometry": { "type": "LineString", "coordinates": [ [ 93.360416666666111, 27.218749999999567 ], [ 93.364583333332774, 27.214583333332904 ], [ 93.3729166666661, 27.214583333332904 ] ] } },
{ "type": "Feature", "properties": { }, "geometry": { "type": "LineString", "coordinates": [ [ 93.402083333332797, 27.214583333332904 ], [ 93.418749999999392, 27.222916666666215 ] ] } },
{ "type": "Feature", "properties": { }, "geometry": { "type": "LineString", "coordinates": [ [ 93.356249999999392, 27.227083333332878 ], [ 93.360416666666111, 27.218749999999567 ] ] } },
{ "type": "Feature", "properties": { }, "geometry": { "type": "LineString", "coordinates": [ [ 93.71458333333274, 27.122916666666249 ], [ 93.718749999999403, 27.131249999999561 ] ] } },
{ "type": "Feature", "properties": { }, "geometry": { "type": "LineString", "coordinates": [ [ 93.718749999999403, 27.131249999999561 ], [ 93.722916666666066, 27.135416666666224 ], [ 93.735416666666111, 27.135416666666224 ] ] } },
{ "type": "Feature", "properties": { }, "geometry": { "type": "LineString", "coordinates": [ [ 93.747916666666043, 27.139583333332929 ], [ 93.760416666666089, 27.127083333332912 ] ] } },
{ "type": "Feature", "properties": { }, "geometry": { "type": "LineString", "coordinates": [ [ 93.735416666666111, 27.135416666666224 ], [ 93.743749999999437, 27.139583333332929 ] ] } },
{ "type": "Feature", "properties": { }, "geometry": { "type": "LineString", "coordinates": [ [ 93.743749999999437, 27.139583333332929 ], [ 93.747916666666043, 27.139583333332929 ] ] } },
{ "type": "Feature", "properties": { }, "geometry": { "type": "LineString", "coordinates": [ [ 93.747916666666043, 27.156249999999552 ], [ 93.752083333332763, 27.152083333332904 ], [ 93.743749999999437, 27.143749999999578 ], [ 93.747916666666043, 27.139583333332929 ] ] } },
{ "type": "Feature", "properties": { }, "geometry": { "type": "LineString", "coordinates": [ [ 93.752083333332763, 27.160416666666215 ], [ 93.747916666666043, 27.156249999999552 ] ] } },
{ "type": "Feature", "properties": { }, "geometry": { "type": "LineString", "coordinates": [ [ 93.614583333332718, 27.206249999999578 ], [ 93.618749999999437, 27.206249999999578 ] ] } },
{ "type": "Feature", "properties": { }, "geometry": { "type": "LineString", "coordinates": [ [ 93.618749999999437, 27.206249999999578 ], [ 93.627083333332763, 27.206249999999578 ], [ 93.631249999999426, 27.210416666666241 ] ] } },
{ "type": "Feature", "properties": { }, "geometry": { "type": "LineString", "coordinates": [ [ 93.606249999999392, 27.210416666666241 ], [ 93.614583333332718, 27.206249999999578 ] ] } },
{ "type": "Feature", "properties": { }, "geometry": { "type": "LineString", "coordinates": [ [ 93.631249999999426, 27.210416666666241 ], [ 93.643749999999415, 27.210416666666241 ], [ 93.647916666666134, 27.214583333332904 ] ] } },
{ "type": "Feature", "properties": { }, "geometry": { "type": "LineString", "coordinates": [ [ 93.65624999999946, 27.214583333332904 ], [ 93.664583333332786, 27.214583333332904 ] ] } },
{ "type": "Feature", "properties": { }, "geometry": { "type": "LineString", "coordinates": [ [ 93.647916666666134, 27.214583333332904 ], [ 93.65624999999946, 27.214583333332904 ] ] } },
{ "type": "Feature", "properties": { }, "geometry": { "type": "LineString", "coordinates": [ [ 93.681249999999494, 27.214583333332904 ], [ 93.68958333333282, 27.214583333332904 ] ] } },
{ "type": "Feature", "properties": { }, "geometry": { "type": "LineString", "coordinates": [ [ 93.597916666666066, 27.218749999999567 ], [ 93.606249999999392, 27.210416666666241 ] ] } },
{ "type": "Feature", "properties": { }, "geometry": { "type": "LineString", "coordinates": [ [ 93.664583333332786, 27.214583333332904 ], [ 93.672916666666168, 27.218749999999567 ], [ 93.681249999999494, 27.214583333332904 ] ] } },
{ "type": "Feature", "properties": { }, "geometry": { "type": "LineString", "coordinates": [ [ 93.68958333333282, 27.214583333332904 ], [ 93.702083333332865, 27.222916666666215 ] ] } },
{ "type": "Feature", "properties": { }, "geometry": { "type": "LineString", "coordinates": [ [ 93.585416666666077, 27.218749999999567 ], [ 93.597916666666066, 27.218749999999567 ] ] } },
{ "type": "Feature", "properties": { }, "geometry": { "type": "LineString", "coordinates": [ [ 93.56874999999954, 27.227083333332878 ], [ 93.585416666666077, 27.218749999999567 ] ] } },
{ "type": "Feature", "properties": { }, "geometry": { "type": "LineString", "coordinates": [ [ 93.56458333333282, 27.227083333332878 ], [ 93.56874999999954, 27.227083333332878 ] ] } },
{ "type": "Feature", "properties": { }, "geometry": { "type": "LineString", "coordinates": [ [ 93.418749999999392, 27.222916666666215 ], [ 93.422916666666168, 27.231249999999584 ] ] } },
{ "type": "Feature", "properties": { }, "geometry": { "type": "LineString", "coordinates": [ [ 93.34374999999946, 27.231249999999584 ], [ 93.356249999999392, 27.227083333332878 ] ] } },
{ "type": "Feature", "properties": { }, "geometry": { "type": "LineString", "coordinates": [ [ 93.53124999999946, 27.231249999999584 ], [ 93.535416666666123, 27.227083333332878 ], [ 93.539583333332786, 27.231249999999584 ] ] } },
{ "type": "Feature", "properties": { }, "geometry": { "type": "LineString", "coordinates": [ [ 93.447916666666089, 27.231249999999584 ], [ 93.456249999999415, 27.231249999999584 ] ] } },
{ "type": "Feature", "properties": { }, "geometry": { "type": "LineString", "coordinates": [ [ 93.527083333332797, 27.231249999999584 ], [ 93.53124999999946, 27.231249999999584 ] ] } },
{ "type": "Feature", "properties": { }, "geometry": { "type": "LineString", "coordinates": [ [ 93.456249999999415, 27.231249999999584 ], [ 93.468749999999574, 27.231249999999584 ] ] } },
{ "type": "Feature", "properties": { }, "geometry": { "type": "LineString", "coordinates": [ [ 93.422916666666168, 27.231249999999584 ], [ 93.431249999999494, 27.231249999999584 ], [ 93.435416666666043, 27.235416666666232 ], [ 93.447916666666089, 27.231249999999584 ] ] } },
{ "type": "Feature", "properties": { }, "geometry": { "type": "LineString", "coordinates": [ [ 93.468749999999574, 27.231249999999584 ], [ 93.477083333332786, 27.235416666666232 ] ] } },
{ "type": "Feature", "properties": { }, "geometry": { "type": "LineString", "coordinates": [ [ 93.514583333332752, 27.239583333332895 ], [ 93.518749999999471, 27.231249999999584 ], [ 93.527083333332797, 27.231249999999584 ] ] } },
{ "type": "Feature", "properties": { }, "geometry": { "type": "LineString", "coordinates": [ [ 93.477083333332786, 27.235416666666232 ], [ 93.485416666666111, 27.239583333332895 ] ] } },
{ "type": "Feature", "properties": { }, "geometry": { "type": "LineString", "coordinates": [ [ 92.59374999999946, 27.102083333332907 ], [ 92.597916666666123, 27.093749999999552 ] ] } },
{ "type": "Feature", "properties": { }, "geometry": { "type": "LineString", "coordinates": [ [ 92.602083333332786, 27.110416666666232 ], [ 92.59374999999946, 27.102083333332907 ] ] } },
{ "type": "Feature", "properties": { }, "geometry": { "type": "LineString", "coordinates": [ [ 92.602083333332786, 27.118749999999586 ], [ 92.602083333332786, 27.110416666666232 ] ] } },
{ "type": "Feature", "properties": { }, "geometry": { "type": "LineString", "coordinates": [ [ 92.606249999999505, 27.135416666666224 ], [ 92.606249999999505, 27.122916666666249 ], [ 92.602083333332786, 27.118749999999586 ] ] } },
{ "type": "Feature", "properties": { }, "geometry": { "type": "LineString", "coordinates": [ [ 92.610416666666168, 27.139583333332929 ], [ 92.606249999999505, 27.135416666666224 ] ] } },
{ "type": "Feature", "properties": { }, "geometry": { "type": "LineString", "coordinates": [ [ 92.622916666666157, 27.147916666666241 ], [ 92.618749999999494, 27.147916666666241 ], [ 92.610416666666168, 27.139583333332929 ] ] } },
{ "type": "Feature", "properties": { }, "geometry": { "type": "LineString", "coordinates": [ [ 92.635416666666089, 27.147916666666241 ], [ 92.63124999999954, 27.147916666666241 ] ] } },
{ "type": "Feature", "properties": { }, "geometry": { "type": "LineString", "coordinates": [ [ 92.63124999999954, 27.147916666666241 ], [ 92.622916666666157, 27.147916666666241 ] ] } },
{ "type": "Feature", "properties": { }, "geometry": { "type": "LineString", "coordinates": [ [ 92.65208333333274, 27.152083333332904 ], [ 92.639583333332752, 27.152083333332904 ], [ 92.635416666666089, 27.147916666666241 ] ] } },
{ "type": "Feature", "properties": { }, "geometry": { "type": "LineString", "coordinates": [ [ 92.664583333332786, 27.156249999999552 ], [ 92.656249999999574, 27.156249999999552 ], [ 92.65208333333274, 27.152083333332904 ] ] } },
{ "type": "Feature", "properties": { }, "geometry": { "type": "LineString", "coordinates": [ [ 92.672916666666111, 27.160416666666215 ], [ 92.664583333332786, 27.156249999999552 ] ] } },
{ "type": "Feature", "properties": { }, "geometry": { "type": "LineString", "coordinates": [ [ 92.572916666666089, 27.193749999999561 ], [ 92.59374999999946, 27.193749999999561 ] ] } },
{ "type": "Feature", "properties": { }, "geometry": { "type": "LineString", "coordinates": [ [ 92.556249999999437, 27.206249999999578 ], [ 92.568749999999426, 27.202083333332887 ], [ 92.572916666666089, 27.193749999999561 ] ] } },
{ "type": "Feature", "properties": { }, "geometry": { "type": "LineString", "coordinates": [ [ 92.489583333332831, 27.202083333332887 ], [ 92.493749999999494, 27.202083333332887 ] ] } },
{ "type": "Feature", "properties": { }, "geometry": { "type": "LineString", "coordinates": [ [ 92.59374999999946, 27.193749999999561 ], [ 92.606249999999505, 27.210416666666241 ] ] } },
{ "type": "Feature", "properties": { }, "geometry": { "type": "LineString", "coordinates": [ [ 92.477083333332843, 27.206249999999578 ], [ 92.485416666666168, 27.206249999999578 ], [ 92.489583333332831, 27.202083333332887 ] ] } },
{ "type": "Feature", "properties": { }, "geometry": { "type": "LineString", "coordinates": [ [ 92.52708333333274, 27.206249999999578 ], [ 92.535416666666066, 27.202083333332887 ] ] } },
{ "type": "Feature", "properties": { }, "geometry": { "type": "LineString", "coordinates": [ [ 92.535416666666066, 27.202083333332887 ], [ 92.539583333332786, 27.206249999999578 ], [ 92.543749999999392, 27.202083333332887 ], [ 92.556249999999437, 27.206249999999578 ] ] } },
{ "type": "Feature", "properties": { }, "geometry": { "type": "LineString", "coordinates": [ [ 92.522916666666191, 27.206249999999578 ], [ 92.52708333333274, 27.206249999999578 ] ] } },
{ "type": "Feature", "properties": { }, "geometry": { "type": "LineString", "coordinates": [ [ 92.40208333333274, 27.206249999999578 ], [ 92.410416666666066, 27.206249999999578 ] ] } },
{ "type": "Feature", "properties": { }, "geometry": { "type": "LineString", "coordinates": [ [ 92.731249999999449, 27.185416666666249 ], [ 92.71874999999946, 27.172916666666232 ] ] } },
{ "type": "Feature", "properties": { }, "geometry": { "type": "LineString", "coordinates": [ [ 92.818749999999426, 27.177083333332938 ], [ 92.802083333332774, 27.177083333332938 ], [ 92.797916666666111, 27.181249999999544 ], [ 92.789583333332899, 27.181249999999544 ], [ 92.785416666666066, 27.177083333332938 ], [ 92.781249999999517, 27.181249999999544 ] ] } },
{ "type": "Feature", "properties": { }, "geometry": { "type": "LineString", "coordinates": [ [ 92.831249999999415, 27.185416666666249 ], [ 92.827083333332752, 27.185416666666249 ], [ 92.818749999999426, 27.177083333332938 ] ] } },
{ "type": "Feature", "properties": { }, "geometry": { "type": "LineString", "coordinates": [ [ 92.781249999999517, 27.181249999999544 ], [ 92.768749999999415, 27.193749999999561 ] ] } },
{ "type": "Feature", "properties": { }, "geometry": { "type": "LineString", "coordinates": [ [ 92.839583333332797, 27.189583333332912 ], [ 92.831249999999415, 27.185416666666249 ] ] } },
{ "type": "Feature", "properties": { }, "geometry": { "type": "LineString", "coordinates": [ [ 92.747916666666157, 27.193749999999561 ], [ 92.731249999999449, 27.185416666666249 ] ] } },
{ "type": "Feature", "properties": { }, "geometry": { "type": "LineString", "coordinates": [ [ 92.847916666666123, 27.189583333332912 ], [ 92.839583333332797, 27.189583333332912 ] ] } },
{ "type": "Feature", "properties": { }, "geometry": { "type": "LineString", "coordinates": [ [ 92.856249999999449, 27.189583333332912 ], [ 92.847916666666123, 27.189583333332912 ] ] } },
{ "type": "Feature", "properties": { }, "geometry": { "type": "LineString", "coordinates": [ [ 92.864583333332831, 27.193749999999561 ], [ 92.856249999999449, 27.189583333332912 ] ] } },
{ "type": "Feature", "properties": { }, "geometry": { "type": "LineString", "coordinates": [ [ 92.768749999999415, 27.193749999999561 ], [ 92.747916666666157, 27.193749999999561 ] ] } },
{ "type": "Feature", "properties": { }, "geometry": { "type": "LineString", "coordinates": [ [ 92.218749999999517, 27.247916666666249 ], [ 92.218749999999517, 27.243749999999601 ], [ 92.227083333332843, 27.235416666666232 ] ] } },
{ "type": "Feature", "properties": { }, "geometry": { "type": "LineString", "coordinates": [ [ 92.1854166666661, 27.243749999999601 ], [ 92.197916666666146, 27.243749999999601 ] ] } },
{ "type": "Feature", "properties": { }, "geometry": { "type": "LineString", "coordinates": [ [ 92.197916666666146, 27.243749999999601 ], [ 92.210416666666134, 27.252083333332912 ] ] } },
{ "type": "Feature", "properties": { }, "geometry": { "type": "LineString", "coordinates": [ [ 92.210416666666134, 27.252083333332912 ], [ 92.218749999999517, 27.247916666666249 ] ] } },
{ "type": "Feature", "properties": { }, "geometry": { "type": "LineString", "coordinates": [ [ 92.381249999999426, 27.206249999999578 ], [ 92.40208333333274, 27.206249999999578 ] ] } },
{ "type": "Feature", "properties": { }, "geometry": { "type": "LineString", "coordinates": [ [ 92.410416666666066, 27.206249999999578 ], [ 92.414583333332786, 27.210416666666241 ] ] } },
{ "type": "Feature", "properties": { }, "geometry": { "type": "LineString", "coordinates": [ [ 92.493749999999494, 27.202083333332887 ], [ 92.493749999999494, 27.214583333332904 ], [ 92.497916666666214, 27.218749999999567 ] ] } },
{ "type": "Feature", "properties": { }, "geometry": { "type": "LineString", "coordinates": [ [ 92.497916666666214, 27.218749999999567 ], [ 92.518749999999415, 27.202083333332887 ], [ 92.522916666666191, 27.206249999999578 ] ] } },
{ "type": "Feature", "properties": { }, "geometry": { "type": "LineString", "coordinates": [ [ 92.464583333332797, 27.214583333332904 ], [ 92.477083333332843, 27.206249999999578 ] ] } },
{ "type": "Feature", "properties": { }, "geometry": { "type": "LineString", "coordinates": [ [ 92.606249999999505, 27.210416666666241 ], [ 92.62708333333282, 27.202083333332887 ], [ 92.639583333332752, 27.222916666666215 ], [ 92.647916666666191, 27.218749999999567 ], [ 92.647916666666191, 27.214583333332904 ] ] } },
{ "type": "Feature", "properties": { }, "geometry": { "type": "LineString", "coordinates": [ [ 92.27708333333274, 27.214583333332904 ], [ 92.285416666666066, 27.210416666666241 ] ] } },
{ "type": "Feature", "properties": { }, "geometry": { "type": "LineString", "coordinates": [ [ 92.360416666666168, 27.218749999999567 ], [ 92.372916666666214, 27.206249999999578 ], [ 92.381249999999426, 27.206249999999578 ] ] } },
{ "type": "Feature", "properties": { }, "geometry": { "type": "LineString", "coordinates": [ [ 92.447916666666146, 27.214583333332904 ], [ 92.456249999999471, 27.210416666666241 ], [ 92.464583333332797, 27.214583333332904 ] ] } },
{ "type": "Feature", "properties": { }, "geometry": { "type": "LineString", "coordinates": [ [ 92.27708333333274, 27.210416666666241 ], [ 92.27708333333274, 27.214583333332904 ] ] } },
{ "type": "Feature", "properties": { }, "geometry": { "type": "LineString", "coordinates": [ [ 92.443749999999426, 27.214583333332904 ], [ 92.447916666666146, 27.214583333332904 ] ] } },
{ "type": "Feature", "properties": { }, "geometry": { "type": "LineString", "coordinates": [ [ 92.647916666666191, 27.214583333332904 ], [ 92.65208333333274, 27.214583333332904 ] ] } },
{ "type": "Feature", "properties": { }, "geometry": { "type": "LineString", "coordinates": [ [ 92.285416666666066, 27.210416666666241 ], [ 92.302083333332774, 27.218749999999567 ] ] } },
{ "type": "Feature", "properties": { }, "geometry": { "type": "LineString", "coordinates": [ [ 92.414583333332786, 27.210416666666241 ], [ 92.422916666666111, 27.218749999999567 ], [ 92.443749999999426, 27.214583333332904 ] ] } },
{ "type": "Feature", "properties": { }, "geometry": { "type": "LineString", "coordinates": [ [ 92.243749999999551, 27.227083333332878 ], [ 92.2479166666661, 27.222916666666215 ], [ 92.264583333332922, 27.222916666666215 ], [ 92.264583333332922, 27.214583333332904 ], [ 92.268749999999415, 27.210416666666241 ], [ 92.27708333333274, 27.210416666666241 ] ] } },
{ "type": "Feature", "properties": { }, "geometry": { "type": "LineString", "coordinates": [ [ 92.65208333333274, 27.214583333332904 ], [ 92.660416666666066, 27.222916666666215 ] ] } },
{ "type": "Feature", "properties": { }, "geometry": { "type": "LineString", "coordinates": [ [ 92.302083333332774, 27.218749999999567 ], [ 92.314583333332763, 27.218749999999567 ] ] } },
{ "type": "Feature", "properties": { }, "geometry": { "type": "LineString", "coordinates": [ [ 92.314583333332763, 27.218749999999567 ], [ 92.318749999999483, 27.218749999999567 ] ] } },
{ "type": "Feature", "properties": { }, "geometry": { "type": "LineString", "coordinates": [ [ 92.318749999999483, 27.218749999999567 ], [ 92.322916666666146, 27.222916666666215 ] ] } },
{ "type": "Feature", "properties": { }, "geometry": { "type": "LineString", "coordinates": [ [ 92.322916666666146, 27.222916666666215 ], [ 92.352083333332843, 27.222916666666215 ], [ 92.360416666666168, 27.218749999999567 ] ] } },
{ "type": "Feature", "properties": { }, "geometry": { "type": "LineString", "coordinates": [ [ 92.885416666666146, 27.202083333332887 ], [ 92.87708333333282, 27.202083333332887 ], [ 92.864583333332831, 27.193749999999561 ] ] } },
{ "type": "Feature", "properties": { }, "geometry": { "type": "LineString", "coordinates": [ [ 92.889583333332865, 27.202083333332887 ], [ 92.885416666666146, 27.202083333332887 ] ] } },
{ "type": "Feature", "properties": { }, "geometry": { "type": "LineString", "coordinates": [ [ 92.90208333333274, 27.218749999999567 ], [ 92.90208333333274, 27.214583333332904 ], [ 92.889583333332865, 27.202083333332887 ] ] } },
{ "type": "Feature", "properties": { }, "geometry": { "type": "LineString", "coordinates": [ [ 92.947916666666089, 27.222916666666215 ], [ 92.939583333332763, 27.218749999999567 ], [ 92.922916666666111, 27.218749999999567 ], [ 92.918749999999392, 27.214583333332904 ], [ 92.910416666666066, 27.214583333332904 ], [ 92.90208333333274, 27.218749999999567 ] ] } },
{ "type": "Feature", "properties": { }, "geometry": { "type": "LineString", "coordinates": [ [ 92.897916666666191, 27.222916666666215 ], [ 92.90208333333274, 27.218749999999567 ] ] } },
{ "type": "Feature", "properties": { }, "geometry": { "type": "LineString", "coordinates": [ [ 92.96458333333274, 27.227083333332878 ], [ 92.960416666666077, 27.222916666666215 ], [ 92.947916666666089, 27.222916666666215 ] ] } },
{ "type": "Feature", "properties": { }, "geometry": { "type": "LineString", "coordinates": [ [ 92.977083333332786, 27.227083333332878 ], [ 92.96458333333274, 27.227083333332878 ] ] } },
{ "type": "Feature", "properties": { }, "geometry": { "type": "LineString", "coordinates": [ [ 92.897916666666191, 27.231249999999584 ], [ 92.897916666666191, 27.222916666666215 ] ] } },
{ "type": "Feature", "properties": { }, "geometry": { "type": "LineString", "coordinates": [ [ 92.893749999999528, 27.235416666666232 ], [ 92.897916666666191, 27.231249999999584 ] ] } },
{ "type": "Feature", "properties": { }, "geometry": { "type": "LineString", "coordinates": [ [ 92.893749999999528, 27.247916666666249 ], [ 92.893749999999528, 27.235416666666232 ] ] } },
{ "type": "Feature", "properties": { }, "geometry": { "type": "LineString", "coordinates": [ [ 92.660416666666066, 27.222916666666215 ], [ 92.668749999999392, 27.231249999999584 ] ] } },
{ "type": "Feature", "properties": { }, "geometry": { "type": "LineString", "coordinates": [ [ 92.239583333332888, 27.231249999999584 ], [ 92.243749999999551, 27.227083333332878 ] ] } },
{ "type": "Feature", "properties": { }, "geometry": { "type": "LineString", "coordinates": [ [ 92.231249999999505, 27.235416666666232 ], [ 92.239583333332888, 27.231249999999584 ] ] } },
{ "type": "Feature", "properties": { }, "geometry": { "type": "LineString", "coordinates": [ [ 92.227083333332843, 27.235416666666232 ], [ 92.231249999999505, 27.235416666666232 ] ] } },
{ "type": "Feature", "properties": { }, "geometry": { "type": "LineString", "coordinates": [ [ 92.668749999999392, 27.231249999999584 ], [ 92.668749999999392, 27.243749999999601 ] ] } },
{ "type": "Feature", "properties": { }, "geometry": { "type": "LineString", "coordinates": [ [ 92.672916666666111, 27.277083333332904 ], [ 92.681249999999437, 27.272916666666241 ] ] } },
{ "type": "Feature", "properties": { }, "geometry": { "type": "LineString", "coordinates": [ [ 92.668749999999392, 27.285416666666215 ], [ 92.672916666666111, 27.277083333332904 ] ] } },
{ "type": "Feature", "properties": { }, "geometry": { "type": "LineString", "coordinates": [ [ 92.660416666666066, 27.293749999999584 ], [ 92.668749999999392, 27.285416666666215 ] ] } },
{ "type": "Feature", "properties": { }, "geometry": { "type": "LineString", "coordinates": [ [ 92.635416666666089, 27.297916666666232 ], [ 92.65208333333274, 27.297916666666232 ], [ 92.660416666666066, 27.293749999999584 ] ] } },
{ "type": "Feature", "properties": { }, "geometry": { "type": "LineString", "coordinates": [ [ 92.62708333333282, 27.297916666666232 ], [ 92.635416666666089, 27.297916666666232 ] ] } },
{ "type": "Feature", "properties": { }, "geometry": { "type": "LineString", "coordinates": [ [ 92.893749999999528, 27.252083333332912 ], [ 92.893749999999528, 27.247916666666249 ] ] } },
{ "type": "Feature", "properties": { }, "geometry": { "type": "LineString", "coordinates": [ [ 92.668749999999392, 27.243749999999601 ], [ 92.6854166666661, 27.256249999999575 ], [ 92.702083333332752, 27.256249999999575 ] ] } },
{ "type": "Feature", "properties": { }, "geometry": { "type": "LineString", "coordinates": [ [ 92.893749999999528, 27.260416666666224 ], [ 92.893749999999528, 27.252083333332912 ] ] } },
{ "type": "Feature", "properties": { }, "geometry": { "type": "LineString", "coordinates": [ [ 92.702083333332752, 27.256249999999575 ], [ 92.706249999999415, 27.260416666666224 ] ] } },
{ "type": "Feature", "properties": { }, "geometry": { "type": "LineString", "coordinates": [ [ 92.910416666666066, 27.26874999999955 ], [ 92.893749999999528, 27.260416666666224 ] ] } },
{ "type": "Feature", "properties": { }, "geometry": { "type": "LineString", "coordinates": [ [ 92.706249999999415, 27.260416666666224 ], [ 92.71874999999946, 27.272916666666241 ] ] } },
{ "type": "Feature", "properties": { }, "geometry": { "type": "LineString", "coordinates": [ [ 92.885416666666146, 27.272916666666241 ], [ 92.893749999999528, 27.264583333332887 ], [ 92.893749999999528, 27.260416666666224 ] ] } },
{ "type": "Feature", "properties": { }, "geometry": { "type": "LineString", "coordinates": [ [ 92.681249999999437, 27.272916666666241 ], [ 92.6854166666661, 27.272916666666241 ], [ 92.693749999999426, 27.264583333332887 ], [ 92.706249999999415, 27.277083333332904 ], [ 92.714583333332797, 27.277083333332904 ] ] } },
{ "type": "Feature", "properties": { }, "geometry": { "type": "LineString", "coordinates": [ [ 92.922916666666111, 27.281249999999567 ], [ 92.910416666666066, 27.26874999999955 ] ] } },
{ "type": "Feature", "properties": { }, "geometry": { "type": "LineString", "coordinates": [ [ 92.71874999999946, 27.272916666666241 ], [ 92.714583333332797, 27.277083333332904 ] ] } },
{ "type": "Feature", "properties": { }, "geometry": { "type": "LineString", "coordinates": [ [ 92.885416666666146, 27.281249999999567 ], [ 92.889583333332865, 27.277083333332904 ], [ 92.885416666666146, 27.272916666666241 ] ] } },
{ "type": "Feature", "properties": { }, "geometry": { "type": "LineString", "coordinates": [ [ 92.714583333332797, 27.277083333332904 ], [ 92.731249999999449, 27.289583333332878 ] ] } },
{ "type": "Feature", "properties": { }, "geometry": { "type": "LineString", "coordinates": [ [ 92.860416666666111, 27.289583333332878 ], [ 92.872916666666157, 27.289583333332878 ], [ 92.881249999999483, 27.281249999999567 ], [ 92.885416666666146, 27.281249999999567 ] ] } },
{ "type": "Feature", "properties": { }, "geometry": { "type": "LineString", "coordinates": [ [ 92.731249999999449, 27.289583333332878 ], [ 92.739583333332831, 27.285416666666215 ] ] } },
{ "type": "Feature", "properties": { }, "geometry": { "type": "LineString", "coordinates": [ [ 92.847916666666123, 27.289583333332878 ], [ 92.852083333332786, 27.285416666666215 ], [ 92.860416666666111, 27.289583333332878 ] ] } },
{ "type": "Feature", "properties": { }, "geometry": { "type": "LineString", "coordinates": [ [ 92.822916666666089, 27.285416666666215 ], [ 92.831249999999415, 27.289583333332878 ] ] } },
{ "type": "Feature", "properties": { }, "geometry": { "type": "LineString", "coordinates": [ [ 92.831249999999415, 27.289583333332878 ], [ 92.84374999999946, 27.289583333332878 ] ] } },
{ "type": "Feature", "properties": { }, "geometry": { "type": "LineString", "coordinates": [ [ 92.84374999999946, 27.289583333332878 ], [ 92.847916666666123, 27.289583333332878 ] ] } },
{ "type": "Feature", "properties": { }, "geometry": { "type": "LineString", "coordinates": [ [ 92.9354166666661, 27.297916666666232 ], [ 92.9354166666661, 27.293749999999584 ], [ 92.922916666666111, 27.281249999999567 ] ] } },
{ "type": "Feature", "properties": { }, "geometry": { "type": "LineString", "coordinates": [ [ 92.739583333332831, 27.285416666666215 ], [ 92.747916666666157, 27.297916666666232 ], [ 92.756249999999483, 27.293749999999584 ] ] } },
{ "type": "Feature", "properties": { }, "geometry": { "type": "LineString", "coordinates": [ [ 93.810416666666043, 27.122916666666249 ], [ 93.814474536484369, 27.122916666666249 ] ] } },
{ "type": "Feature", "properties": { }, "geometry": { "type": "LineString", "coordinates": [ [ 93.806249999999494, 27.127083333332912 ], [ 93.810416666666043, 27.122916666666249 ] ] } },
{ "type": "Feature", "properties": { }, "geometry": { "type": "LineString", "coordinates": [ [ 93.760416666666089, 27.127083333332912 ], [ 93.764583333332752, 27.122916666666249 ], [ 93.772916666666077, 27.131249999999561 ] ] } },
{ "type": "Feature", "properties": { }, "geometry": { "type": "LineString", "coordinates": [ [ 93.789583333332786, 27.127083333332912 ], [ 93.806249999999494, 27.127083333332912 ] ] } },
{ "type": "Feature", "properties": { }, "geometry": { "type": "LineString", "coordinates": [ [ 93.785416666666123, 27.131249999999561 ], [ 93.789583333332786, 27.127083333332912 ] ] } },
{ "type": "Feature", "properties": { }, "geometry": { "type": "LineString", "coordinates": [ [ 93.772916666666077, 27.131249999999561 ], [ 93.785416666666123, 27.131249999999561 ] ] } },
{ "type": "Feature", "properties": { }, "geometry": { "type": "LineString", "coordinates": [ [ 93.768749999999415, 27.168749999999569 ], [ 93.760416666666089, 27.160416666666215 ], [ 93.752083333332763, 27.160416666666215 ] ] } },
{ "type": "Feature", "properties": { }, "geometry": { "type": "LineString", "coordinates": [ [ 93.772916666666077, 27.168749999999569 ], [ 93.768749999999415, 27.168749999999569 ] ] } },
{ "type": "Feature", "properties": { }, "geometry": { "type": "LineString", "coordinates": [ [ 93.785416666666123, 27.177083333332938 ], [ 93.777083333332797, 27.168749999999569 ], [ 93.772916666666077, 27.168749999999569 ] ] } },
{ "type": "Feature", "properties": { }, "geometry": { "type": "LineString", "coordinates": [ [ 93.793749999999449, 27.197916666666224 ], [ 93.785416666666123, 27.193749999999561 ], [ 93.789583333332786, 27.185416666666249 ], [ 93.785416666666123, 27.177083333332938 ] ] } },
{ "type": "Feature", "properties": { }, "geometry": { "type": "LineString", "coordinates": [ [ 93.797916666666111, 27.206249999999578 ], [ 93.793749999999449, 27.197916666666224 ] ] } },
{ "type": "Feature", "properties": { }, "geometry": { "type": "LineString", "coordinates": [ [ 93.802083333332774, 27.206249999999578 ], [ 93.797916666666111, 27.206249999999578 ] ] } },
{ "type": "Feature", "properties": { }, "geometry": { "type": "LineString", "coordinates": [ [ 93.810416666666043, 27.210416666666241 ], [ 93.802083333332774, 27.206249999999578 ] ] } },
{ "type": "Feature", "properties": { }, "geometry": { "type": "LineString", "coordinates": [ [ 93.818749999999483, 27.218749999999567 ], [ 93.810416666666043, 27.210416666666241 ] ] } },
{ "type": "Feature", "properties": { }, "geometry": { "type": "LineString", "coordinates": [ [ 93.810416666666043, 27.239583333332895 ], [ 93.81458333333282, 27.235416666666232 ], [ 93.81458333333282, 27.222916666666215 ], [ 93.818749999999483, 27.218749999999567 ] ] } },
{ "type": "Feature", "properties": { }, "geometry": { "type": "LineString", "coordinates": [ [ 93.747916666666043, 27.239583333332895 ], [ 93.756249999999426, 27.239583333332895 ], [ 93.768749999999415, 27.247916666666249 ] ] } },
{ "type": "Feature", "properties": { }, "geometry": { "type": "LineString", "coordinates": [ [ 93.810416666666043, 27.252083333332912 ], [ 93.810416666666043, 27.239583333332895 ] ] } },
{ "type": "Feature", "properties": { }, "geometry": { "type": "LineString", "coordinates": [ [ 93.768749999999415, 27.247916666666249 ], [ 93.78124999999946, 27.260416666666224 ] ] } },
{ "type": "Feature", "properties": { }, "geometry": { "type": "LineString", "coordinates": [ [ 93.797916666666111, 27.256249999999575 ], [ 93.810416666666043, 27.252083333332912 ] ] } },
{ "type": "Feature", "properties": { }, "geometry": { "type": "LineString", "coordinates": [ [ 93.78124999999946, 27.260416666666224 ], [ 93.785416666666123, 27.256249999999575 ], [ 93.797916666666111, 27.256249999999575 ] ] } },
{ "type": "Feature", "properties": { }, "geometry": { "type": "LineString", "coordinates": [ [ 95.689583333332706, 26.993749999999586 ], [ 95.689583333332706, 27.002083333332898 ] ] } },
{ "type": "Feature", "properties": { }, "geometry": { "type": "LineString", "coordinates": [ [ 95.689583333332706, 27.002083333332898 ], [ 95.685416666666157, 27.010416666666224 ] ] } },
{ "type": "Feature", "properties": { }, "geometry": { "type": "LineString", "coordinates": [ [ 95.685416666666157, 27.010416666666224 ], [ 95.693749999999369, 27.027083333332889 ] ] } },
{ "type": "Feature", "properties": { }, "geometry": { "type": "LineString", "coordinates": [ [ 95.693749999999369, 27.027083333332889 ], [ 95.693749999999369, 27.039583333332907 ], [ 95.689583333332706, 27.043749999999569 ], [ 95.697916666666146, 27.052083333332924 ], [ 95.697916666666146, 27.056249999999586 ] ] } },
{ "type": "Feature", "properties": { }, "geometry": { "type": "LineString", "coordinates": [ [ 95.697916666666146, 27.056249999999586 ], [ 95.702083333332695, 27.060416666666249 ], [ 95.702083333332695, 27.072916666666266 ], [ 95.706249999999528, 27.077083333332872 ] ] } },
{ "type": "Feature", "properties": { }, "geometry": { "type": "LineString", "coordinates": [ [ 95.706249999999528, 27.077083333332872 ], [ 95.706249999999528, 27.081249999999578 ], [ 95.71458333333274, 27.089583333332889 ] ] } },
{ "type": "Feature", "properties": { }, "geometry": { "type": "LineString", "coordinates": [ [ 95.71458333333274, 27.089583333332889 ], [ 95.710416666666021, 27.097916666666258 ] ] } },
{ "type": "Feature", "properties": { }, "geometry": { "type": "LineString", "coordinates": [ [ 95.710416666666021, 27.097916666666258 ], [ 95.706249999999528, 27.106249999999569 ] ] } },
{ "type": "Feature", "properties": { }, "geometry": { "type": "LineString", "coordinates": [ [ 95.706249999999528, 27.106249999999569 ], [ 95.706249999999528, 27.118749999999586 ] ] } },
{ "type": "Feature", "properties": { }, "geometry": { "type": "LineString", "coordinates": [ [ 95.706249999999528, 27.118749999999586 ], [ 95.706249999999528, 27.122916666666249 ], [ 95.710416666666021, 27.122916666666249 ] ] } },
{ "type": "Feature", "properties": { }, "geometry": { "type": "LineString", "coordinates": [ [ 95.710416666666021, 27.122916666666249 ], [ 95.718749999999346, 27.127083333332912 ] ] } },
{ "type": "Feature", "properties": { }, "geometry": { "type": "LineString", "coordinates": [ [ 95.718749999999346, 27.127083333332912 ], [ 95.722916666666066, 27.131249999999561 ] ] } },
{ "type": "Feature", "properties": { }, "geometry": { "type": "LineString", "coordinates": [ [ 95.735416666666055, 27.131249999999561 ], [ 95.74374999999938, 27.127083333332912 ], [ 95.752083333332706, 27.131249999999561 ] ] } },
{ "type": "Feature", "properties": { }, "geometry": { "type": "LineString", "coordinates": [ [ 95.731249999999392, 27.131249999999561 ], [ 95.735416666666055, 27.131249999999561 ] ] } },
{ "type": "Feature", "properties": { }, "geometry": { "type": "LineString", "coordinates": [ [ 95.722916666666066, 27.131249999999561 ], [ 95.731249999999392, 27.131249999999561 ] ] } },
{ "type": "Feature", "properties": { }, "geometry": { "type": "LineString", "coordinates": [ [ 95.922916666666111, 27.210416666666241 ], [ 95.927083333332774, 27.218749999999567 ] ] } },
{ "type": "Feature", "properties": { }, "geometry": { "type": "LineString", "coordinates": [ [ 95.927083333332774, 27.218749999999567 ], [ 95.9354166666661, 27.227083333332878 ] ] } },
{ "type": "Feature", "properties": { }, "geometry": { "type": "LineString", "coordinates": [ [ 95.9354166666661, 27.227083333332878 ], [ 95.9354166666661, 27.231249999999584 ] ] } },
{ "type": "Feature", "properties": { }, "geometry": { "type": "LineString", "coordinates": [ [ 95.9354166666661, 27.231249999999584 ], [ 95.9354166666661, 27.235416666666232 ] ] } },
{ "type": "Feature", "properties": { }, "geometry": { "type": "LineString", "coordinates": [ [ 97.060416666666043, 27.181249999999544 ], [ 97.056249999999324, 27.185416666666249 ] ] } },
{ "type": "Feature", "properties": { }, "geometry": { "type": "LineString", "coordinates": [ [ 97.056249999999324, 27.185416666666249 ], [ 97.047916666665998, 27.185416666666249 ], [ 97.043749999999392, 27.189583333332912 ] ] } },
{ "type": "Feature", "properties": { }, "geometry": { "type": "LineString", "coordinates": [ [ 97.043749999999392, 27.189583333332912 ], [ 97.035416666666009, 27.193749999999561 ] ] } },
{ "type": "Feature", "properties": { }, "geometry": { "type": "LineString", "coordinates": [ [ 97.035416666666009, 27.193749999999561 ], [ 97.031249999999346, 27.197916666666224 ] ] } },
{ "type": "Feature", "properties": { }, "geometry": { "type": "LineString", "coordinates": [ [ 97.031249999999346, 27.197916666666224 ], [ 97.027083333332683, 27.202083333332887 ], [ 97.018749999999358, 27.197916666666224 ], [ 97.014583333332808, 27.202083333332887 ] ] } },
{ "type": "Feature", "properties": { }, "geometry": { "type": "LineString", "coordinates": [ [ 96.24374999999938, 27.306249999999558 ], [ 96.235416666666055, 27.302083333332895 ], [ 96.227083333332672, 27.302083333332895 ], [ 96.210416666666021, 27.310416666666249 ] ] } },
{ "type": "Feature", "properties": { }, "geometry": { "type": "LineString", "coordinates": [ [ 96.581249999999415, 27.410416666666229 ], [ 96.572916666666089, 27.418749999999541 ], [ 96.564583333332706, 27.418749999999541 ], [ 96.560416666666043, 27.422916666666204 ] ] } },
{ "type": "Feature", "properties": { }, "geometry": { "type": "LineString", "coordinates": [ [ 96.560416666666043, 27.422916666666204 ], [ 96.552083333332718, 27.427083333332909 ] ] } },
{ "type": "Feature", "properties": { }, "geometry": { "type": "LineString", "coordinates": [ [ 96.552083333332718, 27.427083333332909 ], [ 96.552083333332718, 27.439583333332926 ] ] } },
{ "type": "Feature", "properties": { }, "geometry": { "type": "LineString", "coordinates": [ [ 96.731249999999449, 27.435416666666221 ], [ 96.727083333332786, 27.435416666666221 ] ] } },
{ "type": "Feature", "properties": { }, "geometry": { "type": "LineString", "coordinates": [ [ 96.372916666666043, 27.318749999999575 ], [ 96.36874999999938, 27.318749999999575 ] ] } },
{ "type": "Feature", "properties": { }, "geometry": { "type": "LineString", "coordinates": [ [ 96.36874999999938, 27.318749999999575 ], [ 96.364583333332831, 27.318749999999575 ] ] } },
{ "type": "Feature", "properties": { }, "geometry": { "type": "LineString", "coordinates": [ [ 96.381249999999369, 27.318749999999575 ], [ 96.372916666666043, 27.318749999999575 ] ] } },
{ "type": "Feature", "properties": { }, "geometry": { "type": "LineString", "coordinates": [ [ 96.364583333332831, 27.318749999999575 ], [ 96.360416666665998, 27.318749999999575 ] ] } },
{ "type": "Feature", "properties": { }, "geometry": { "type": "LineString", "coordinates": [ [ 96.360416666665998, 27.318749999999575 ], [ 96.347916666666123, 27.322916666666238 ] ] } },
{ "type": "Feature", "properties": { }, "geometry": { "type": "LineString", "coordinates": [ [ 96.347916666666123, 27.322916666666238 ], [ 96.343749999999346, 27.318749999999575 ], [ 96.339583333332797, 27.322916666666238 ] ] } },
{ "type": "Feature", "properties": { }, "geometry": { "type": "LineString", "coordinates": [ [ 96.389583333332695, 27.322916666666238 ], [ 96.381249999999369, 27.318749999999575 ] ] } },
{ "type": "Feature", "properties": { }, "geometry": { "type": "LineString", "coordinates": [ [ 96.256249999999369, 27.310416666666249 ], [ 96.24374999999938, 27.306249999999558 ] ] } },
{ "type": "Feature", "properties": { }, "geometry": { "type": "LineString", "coordinates": [ [ 96.172916666666055, 27.310416666666249 ], [ 96.168749999999392, 27.306249999999558 ], [ 96.160416666666066, 27.306249999999558 ] ] } },
{ "type": "Feature", "properties": { }, "geometry": { "type": "LineString", "coordinates": [ [ 96.264583333332695, 27.310416666666249 ], [ 96.256249999999369, 27.310416666666249 ] ] } },
{ "type": "Feature", "properties": { }, "geometry": { "type": "LineString", "coordinates": [ [ 96.210416666666021, 27.310416666666249 ], [ 96.206249999999471, 27.314583333332912 ] ] } },
{ "type": "Feature", "properties": { }, "geometry": { "type": "LineString", "coordinates": [ [ 96.206249999999471, 27.314583333332912 ], [ 96.197916666666089, 27.310416666666249 ], [ 96.189583333332763, 27.310416666666249 ] ] } },
{ "type": "Feature", "properties": { }, "geometry": { "type": "LineString", "coordinates": [ [ 96.189583333332763, 27.310416666666249 ], [ 96.1854166666661, 27.314583333332912 ], [ 96.177083333332774, 27.314583333332912 ], [ 96.172916666666055, 27.310416666666249 ] ] } },
{ "type": "Feature", "properties": { }, "geometry": { "type": "LineString", "coordinates": [ [ 96.268749999999415, 27.314583333332912 ], [ 96.264583333332695, 27.310416666666249 ] ] } },
{ "type": "Feature", "properties": { }, "geometry": { "type": "LineString", "coordinates": [ [ 96.160416666666066, 27.306249999999558 ], [ 96.147916666666021, 27.327083333332887 ] ] } },
{ "type": "Feature", "properties": { }, "geometry": { "type": "LineString", "coordinates": [ [ 96.285416666666066, 27.318749999999575 ], [ 96.272916666666021, 27.318749999999575 ], [ 96.268749999999415, 27.314583333332912 ] ] } },
{ "type": "Feature", "properties": { }, "geometry": { "type": "LineString", "coordinates": [ [ 96.297916666666055, 27.327083333332887 ], [ 96.285416666666066, 27.318749999999575 ] ] } },
{ "type": "Feature", "properties": { }, "geometry": { "type": "LineString", "coordinates": [ [ 96.318749999999426, 27.322916666666238 ], [ 96.302083333332718, 27.322916666666238 ] ] } },
{ "type": "Feature", "properties": { }, "geometry": { "type": "LineString", "coordinates": [ [ 96.302083333332718, 27.322916666666238 ], [ 96.297916666666055, 27.327083333332887 ] ] } },
{ "type": "Feature", "properties": { }, "geometry": { "type": "LineString", "coordinates": [ [ 96.147916666666021, 27.327083333332887 ], [ 96.147916666666021, 27.33124999999955 ], [ 96.160416666666066, 27.347916666666229 ] ] } },
{ "type": "Feature", "properties": { }, "geometry": { "type": "LineString", "coordinates": [ [ 96.160416666666066, 27.347916666666229 ], [ 96.164583333332729, 27.352083333332878 ] ] } },
{ "type": "Feature", "properties": { }, "geometry": { "type": "LineString", "coordinates": [ [ 96.164583333332729, 27.352083333332878 ], [ 96.177083333332774, 27.364583333332895 ] ] } },
{ "type": "Feature", "properties": { }, "geometry": { "type": "LineString", "coordinates": [ [ 96.177083333332774, 27.364583333332895 ], [ 96.177083333332774, 27.372916666666221 ], [ 96.181249999999437, 27.377083333332912 ] ] } },
{ "type": "Feature", "properties": { }, "geometry": { "type": "LineString", "coordinates": [ [ 96.181249999999437, 27.377083333332912 ], [ 96.177083333332774, 27.385416666666238 ], [ 96.181249999999437, 27.389583333332887 ] ] } },
{ "type": "Feature", "properties": { }, "geometry": { "type": "LineString", "coordinates": [ [ 96.135416666666032, 27.389583333332887 ], [ 96.122916666666043, 27.389583333332887 ], [ 96.11874999999938, 27.39374999999955 ] ] } },
{ "type": "Feature", "properties": { }, "geometry": { "type": "LineString", "coordinates": [ [ 96.156249999999403, 27.402083333332904 ], [ 96.135416666666032, 27.389583333332887 ] ] } },
{ "type": "Feature", "properties": { }, "geometry": { "type": "LineString", "coordinates": [ [ 96.181249999999437, 27.389583333332887 ], [ 96.168749999999392, 27.402083333332904 ] ] } },
{ "type": "Feature", "properties": { }, "geometry": { "type": "LineString", "coordinates": [ [ 95.768749999999415, 27.160416666666215 ], [ 95.77708333333274, 27.164583333332921 ] ] } },
{ "type": "Feature", "properties": { }, "geometry": { "type": "LineString", "coordinates": [ [ 95.77708333333274, 27.164583333332921 ], [ 95.781249999999403, 27.168749999999569 ] ] } },
{ "type": "Feature", "properties": { }, "geometry": { "type": "LineString", "coordinates": [ [ 95.781249999999403, 27.168749999999569 ], [ 95.785416666666123, 27.172916666666232 ] ] } },
{ "type": "Feature", "properties": { }, "geometry": { "type": "LineString", "coordinates": [ [ 95.785416666666123, 27.172916666666232 ], [ 95.793749999999449, 27.172916666666232 ] ] } },
{ "type": "Feature", "properties": { }, "geometry": { "type": "LineString", "coordinates": [ [ 95.793749999999449, 27.172916666666232 ], [ 95.802083333332774, 27.172916666666232 ] ] } },
{ "type": "Feature", "properties": { }, "geometry": { "type": "LineString", "coordinates": [ [ 95.802083333332774, 27.172916666666232 ], [ 95.806249999999437, 27.177083333332938 ] ] } },
{ "type": "Feature", "properties": { }, "geometry": { "type": "LineString", "coordinates": [ [ 95.806249999999437, 27.177083333332938 ], [ 95.806249999999437, 27.181249999999544 ], [ 95.827083333332695, 27.197916666666224 ], [ 95.835416666666021, 27.193749999999561 ] ] } },
{ "type": "Feature", "properties": { }, "geometry": { "type": "LineString", "coordinates": [ [ 95.835416666666021, 27.193749999999561 ], [ 95.843749999999346, 27.193749999999561 ], [ 95.847916666666066, 27.197916666666224 ] ] } },
{ "type": "Feature", "properties": { }, "geometry": { "type": "LineString", "coordinates": [ [ 95.847916666666066, 27.197916666666224 ], [ 95.856249999999392, 27.210416666666241 ] ] } },
{ "type": "Feature", "properties": { }, "geometry": { "type": "LineString", "coordinates": [ [ 95.856249999999392, 27.210416666666241 ], [ 95.864583333332718, 27.218749999999567 ] ] } },
{ "type": "Feature", "properties": { }, "geometry": { "type": "LineString", "coordinates": [ [ 95.752083333332706, 27.131249999999561 ], [ 95.756249999999369, 27.139583333332929 ], [ 95.760416666666089, 27.139583333332929 ] ] } },
{ "type": "Feature", "properties": { }, "geometry": { "type": "LineString", "coordinates": [ [ 95.760416666666089, 27.139583333332929 ], [ 95.764583333332752, 27.143749999999578 ], [ 95.760416666666089, 27.152083333332904 ] ] } },
{ "type": "Feature", "properties": { }, "geometry": { "type": "LineString", "coordinates": [ [ 95.760416666666089, 27.152083333332904 ], [ 95.764583333332752, 27.156249999999552 ] ] } },
{ "type": "Feature", "properties": { }, "geometry": { "type": "LineString", "coordinates": [ [ 95.764583333332752, 27.156249999999552 ], [ 95.768749999999415, 27.160416666666215 ] ] } },
{ "type": "Feature", "properties": { }, "geometry": { "type": "LineString", "coordinates": [ [ 95.864583333332718, 27.218749999999567 ], [ 95.872916666666043, 27.222916666666215 ] ] } },
{ "type": "Feature", "properties": { }, "geometry": { "type": "LineString", "coordinates": [ [ 95.872916666666043, 27.222916666666215 ], [ 95.877083333332706, 27.227083333332878 ] ] } },
{ "type": "Feature", "properties": { }, "geometry": { "type": "LineString", "coordinates": [ [ 95.877083333332706, 27.227083333332878 ], [ 95.881249999999369, 27.231249999999584 ] ] } },
{ "type": "Feature", "properties": { }, "geometry": { "type": "LineString", "coordinates": [ [ 95.881249999999369, 27.231249999999584 ], [ 95.889583333332695, 27.235416666666232 ] ] } },
{ "type": "Feature", "properties": { }, "geometry": { "type": "LineString", "coordinates": [ [ 95.889583333332695, 27.235416666666232 ], [ 95.897916666666077, 27.252083333332912 ] ] } },
{ "type": "Feature", "properties": { }, "geometry": { "type": "MultiLineString", "coordinates": [ [ [ 95.897916666666077, 27.252083333332912 ], [ 95.893749999999415, 27.256249999999575 ], [ 95.893749999999415, 27.263022543997046 ] ], [ [ 95.8996756023312, 27.27050893566469 ], [ 95.90208333333274, 27.277083333332904 ] ] ] } },
{ "type": "Feature", "properties": { }, "geometry": { "type": "MultiLineString", "coordinates": [ [ [ 95.90208333333274, 27.277083333332904 ], [ 95.90208333333274, 27.277411517439795 ] ], [ [ 95.904432340236482, 27.283599006903298 ], [ 95.906249999999403, 27.285416666666215 ] ] ] } },
{ "type": "Feature", "properties": { }, "geometry": { "type": "LineString", "coordinates": [ [ 95.906249999999403, 27.285416666666215 ], [ 95.914583333332729, 27.289583333332878 ] ] } },
{ "type": "Feature", "properties": { }, "geometry": { "type": "LineString", "coordinates": [ [ 95.914583333332729, 27.289583333332878 ], [ 95.918749999999449, 27.289583333332878 ] ] } },
{ "type": "Feature", "properties": { }, "geometry": { "type": "LineString", "coordinates": [ [ 95.9354166666661, 27.235416666666232 ], [ 95.939583333332763, 27.239583333332895 ] ] } },
{ "type": "Feature", "properties": { }, "geometry": { "type": "LineString", "coordinates": [ [ 95.939583333332763, 27.239583333332895 ], [ 95.947916666666032, 27.252083333332912 ] ] } },
{ "type": "Feature", "properties": { }, "geometry": { "type": "LineString", "coordinates": [ [ 95.947916666666032, 27.252083333332912 ], [ 95.960416666666021, 27.260416666666224 ], [ 95.964583333332797, 27.256249999999575 ] ] } },
{ "type": "Feature", "properties": { }, "geometry": { "type": "LineString", "coordinates": [ [ 95.964583333332797, 27.256249999999575 ], [ 95.97291666666618, 27.260416666666224 ] ] } },
{ "type": "Feature", "properties": { }, "geometry": { "type": "LineString", "coordinates": [ [ 95.97291666666618, 27.260416666666224 ], [ 95.985416666666055, 27.272916666666241 ] ] } },
{ "type": "Feature", "properties": { }, "geometry": { "type": "LineString", "coordinates": [ [ 95.985416666666055, 27.272916666666241 ], [ 95.99374999999938, 27.289583333332878 ], [ 96.002083333332706, 27.289583333332878 ], [ 96.006249999999369, 27.293749999999584 ], [ 96.014583333332695, 27.285416666666215 ] ] } },
{ "type": "Feature", "properties": { }, "geometry": { "type": "LineString", "coordinates": [ [ 96.014583333332695, 27.285416666666215 ], [ 96.02708333333274, 27.285416666666215 ] ] } },
{ "type": "Feature", "properties": { }, "geometry": { "type": "LineString", "coordinates": [ [ 96.02708333333274, 27.285416666666215 ], [ 96.039583333332729, 27.293749999999584 ] ] } },
{ "type": "Feature", "properties": { }, "geometry": { "type": "LineString", "coordinates": [ [ 95.918749999999449, 27.289583333332878 ], [ 95.931249999999437, 27.302083333332895 ], [ 95.943749999999483, 27.302083333332895 ] ] } },
{ "type": "Feature", "properties": { }, "geometry": { "type": "LineString", "coordinates": [ [ 96.039583333332729, 27.293749999999584 ], [ 96.047916666666111, 27.297916666666232 ], [ 96.047916666666111, 27.306249999999558 ], [ 96.052083333332774, 27.310416666666249 ] ] } },
{ "type": "Feature", "properties": { }, "geometry": { "type": "LineString", "coordinates": [ [ 95.943749999999483, 27.302083333332895 ], [ 95.952083333332695, 27.306249999999558 ], [ 95.960416666666021, 27.316142979815456 ] ] } },
{ "type": "Feature", "properties": { }, "geometry": { "type": "LineString", "coordinates": [ [ 96.052083333332774, 27.310416666666249 ], [ 96.056249999999437, 27.314583333332912 ], [ 96.056249999999437, 27.322916666666238 ] ] } },
{ "type": "Feature", "properties": { }, "geometry": { "type": "LineString", "coordinates": [ [ 95.964078838288017, 27.318749999999575 ], [ 95.964583333332797, 27.318749999999575 ] ] } },
{ "type": "Feature", "properties": { }, "geometry": { "type": "LineString", "coordinates": [ [ 95.964583333332797, 27.318749999999575 ], [ 95.97291666666618, 27.327083333332887 ] ] } },
{ "type": "Feature", "properties": { }, "geometry": { "type": "LineString", "coordinates": [ [ 96.056249999999437, 27.322916666666238 ], [ 96.052083333332774, 27.327083333332887 ] ] } },
{ "type": "Feature", "properties": { }, "geometry": { "type": "LineString", "coordinates": [ [ 96.052083333332774, 27.327083333332887 ], [ 96.047916666666111, 27.327083333332887 ], [ 96.052083333332774, 27.33124999999955 ], [ 96.047916666666111, 27.335416666666255 ] ] } },
{ "type": "Feature", "properties": { }, "geometry": { "type": "LineString", "coordinates": [ [ 95.97291666666618, 27.327083333332887 ], [ 95.968767939121562, 27.331232060877461 ] ] } },
{ "type": "Feature", "properties": { }, "geometry": { "type": "LineString", "coordinates": [ [ 96.047916666666111, 27.335416666666255 ], [ 96.043749999999392, 27.343749999999567 ] ] } },
{ "type": "Feature", "properties": { }, "geometry": { "type": "LineString", "coordinates": [ [ 96.043749999999392, 27.343749999999567 ], [ 96.039583333332729, 27.343749999999567 ] ] } },
{ "type": "Feature", "properties": { }, "geometry": { "type": "LineString", "coordinates": [ [ 96.039583333332729, 27.343749999999567 ], [ 96.035416666666066, 27.343749999999567 ] ] } },
{ "type": "Feature", "properties": { }, "geometry": { "type": "LineString", "coordinates": [ [ 96.035416666666066, 27.343749999999567 ], [ 96.031249999999403, 27.347916666666229 ] ] } },
{ "type": "Feature", "properties": { }, "geometry": { "type": "LineString", "coordinates": [ [ 96.031249999999403, 27.347916666666229 ], [ 96.02708333333274, 27.352083333332878 ] ] } },
{ "type": "Feature", "properties": { }, "geometry": { "type": "LineString", "coordinates": [ [ 96.02708333333274, 27.352083333332878 ], [ 96.018749999999415, 27.356249999999541 ] ] } },
{ "type": "Feature", "properties": { }, "geometry": { "type": "LineString", "coordinates": [ [ 96.018749999999415, 27.356249999999541 ], [ 96.014583333332695, 27.364583333332895 ] ] } },
{ "type": "Feature", "properties": { }, "geometry": { "type": "LineString", "coordinates": [ [ 96.014583333332695, 27.364583333332895 ], [ 96.014305461668869, 27.364861204996718 ] ] } },
{ "type": "Feature", "properties": { }, "geometry": { "type": "LineString", "coordinates": [ [ 96.11874999999938, 27.39374999999955 ], [ 96.114583333332718, 27.397916666666255 ] ] } },
{ "type": "Feature", "properties": { }, "geometry": { "type": "LineString", "coordinates": [ [ 96.043749999999392, 27.410416666666229 ], [ 96.039583333332729, 27.410416666666229 ] ] } },
{ "type": "Feature", "properties": { }, "geometry": { "type": "LineString", "coordinates": [ [ 96.010416666666032, 27.410416666666229 ], [ 96.006249999999369, 27.410416666666229 ] ] } },
{ "type": "Feature", "properties": { }, "geometry": { "type": "LineString", "coordinates": [ [ 96.039583333332729, 27.410416666666229 ], [ 96.035416666666066, 27.410416666666229 ] ] } },
{ "type": "Feature", "properties": { }, "geometry": { "type": "LineString", "coordinates": [ [ 96.035416666666066, 27.410416666666229 ], [ 96.031249999999403, 27.414583333332892 ] ] } },
{ "type": "Feature", "properties": { }, "geometry": { "type": "LineString", "coordinates": [ [ 96.052083333332774, 27.414583333332892 ], [ 96.043749999999392, 27.410416666666229 ] ] } },
{ "type": "Feature", "properties": { }, "geometry": { "type": "LineString", "coordinates": [ [ 96.006249999999369, 27.410416666666229 ], [ 96.002083333332706, 27.414583333332892 ], [ 95.990936973917798, 27.414583333332892 ] ] } },
{ "type": "Feature", "properties": { }, "geometry": { "type": "LineString", "coordinates": [ [ 96.014583333332695, 27.414583333332892 ], [ 96.010416666666032, 27.410416666666229 ] ] } },
{ "type": "Feature", "properties": { }, "geometry": { "type": "LineString", "coordinates": [ [ 96.114583333332718, 27.397916666666255 ], [ 96.114583333332718, 27.406249999999567 ], [ 96.110416666666055, 27.414583333332892 ], [ 96.093749999999346, 27.427083333332909 ] ] } },
{ "type": "Feature", "properties": { }, "geometry": { "type": "LineString", "coordinates": [ [ 96.02708333333274, 27.414583333332892 ], [ 96.014583333332695, 27.414583333332892 ] ] } },
{ "type": "Feature", "properties": { }, "geometry": { "type": "LineString", "coordinates": [ [ 97.006249999999426, 27.202083333332887 ], [ 96.985416666666111, 27.202083333332887 ], [ 96.981249999999392, 27.206249999999578 ] ] } },
{ "type": "Feature", "properties": { }, "geometry": { "type": "LineString", "coordinates": [ [ 96.977083333332729, 27.206249999999578 ], [ 96.968749999999403, 27.206249999999578 ] ] } },
{ "type": "Feature", "properties": { }, "geometry": { "type": "LineString", "coordinates": [ [ 96.981249999999392, 27.206249999999578 ], [ 96.977083333332729, 27.206249999999578 ] ] } },
{ "type": "Feature", "properties": { }, "geometry": { "type": "LineString", "coordinates": [ [ 96.968749999999403, 27.206249999999578 ], [ 96.96458333333274, 27.210416666666241 ] ] } },
{ "type": "Feature", "properties": { }, "geometry": { "type": "LineString", "coordinates": [ [ 96.96458333333274, 27.210416666666241 ], [ 96.960416666666077, 27.210416666666241 ] ] } },
{ "type": "Feature", "properties": { }, "geometry": { "type": "LineString", "coordinates": [ [ 96.960416666666077, 27.210416666666241 ], [ 96.952083333332695, 27.214583333332904 ] ] } },
{ "type": "Feature", "properties": { }, "geometry": { "type": "LineString", "coordinates": [ [ 96.952083333332695, 27.214583333332904 ], [ 96.947916666666032, 27.218749999999567 ] ] } },
{ "type": "Feature", "properties": { }, "geometry": { "type": "LineString", "coordinates": [ [ 96.947916666666032, 27.218749999999567 ], [ 96.947916666666032, 27.227083333332878 ], [ 96.943749999999369, 27.231249999999584 ], [ 96.935416666666043, 27.231249999999584 ], [ 96.922916666665998, 27.239583333332895 ] ] } },
{ "type": "Feature", "properties": { }, "geometry": { "type": "LineString", "coordinates": [ [ 96.922916666665998, 27.239583333332895 ], [ 96.922916666665998, 27.252083333332912 ], [ 96.931249999999324, 27.26874999999955 ] ] } },
{ "type": "Feature", "properties": { }, "geometry": { "type": "LineString", "coordinates": [ [ 97.014583333332808, 27.202083333332887 ], [ 97.010416666666146, 27.197916666666224 ], [ 97.006249999999426, 27.202083333332887 ] ] } },
{ "type": "Feature", "properties": { }, "geometry": { "type": "LineString", "coordinates": [ [ 96.931249999999324, 27.26874999999955 ], [ 96.906249999999346, 27.285416666666215 ] ] } },
{ "type": "Feature", "properties": { }, "geometry": { "type": "LineString", "coordinates": [ [ 96.906249999999346, 27.285416666666215 ], [ 96.902083333332683, 27.293749999999584 ], [ 96.902083333332683, 27.302083333332895 ] ] } },
{ "type": "Feature", "properties": { }, "geometry": { "type": "LineString", "coordinates": [ [ 96.902083333332683, 27.302083333332895 ], [ 96.902083333332683, 27.306249999999558 ], [ 96.893749999999358, 27.314583333332912 ] ] } },
{ "type": "Feature", "properties": { }, "geometry": { "type": "LineString", "coordinates": [ [ 96.893749999999358, 27.314583333332912 ], [ 96.877083333332763, 27.33124999999955 ] ] } },
{ "type": "Feature", "properties": { }, "geometry": { "type": "LineString", "coordinates": [ [ 96.877083333332763, 27.33124999999955 ], [ 96.8729166666661, 27.339583333332904 ] ] } },
{ "type": "Feature", "properties": { }, "geometry": { "type": "LineString", "coordinates": [ [ 96.8729166666661, 27.339583333332904 ], [ 96.864583333332774, 27.343749999999567 ] ] } },
{ "type": "Feature", "properties": { }, "geometry": { "type": "LineString", "coordinates": [ [ 96.864583333332774, 27.343749999999567 ], [ 96.860416666666111, 27.343749999999567 ] ] } },
{ "type": "Feature", "properties": { }, "geometry": { "type": "LineString", "coordinates": [ [ 96.860416666666111, 27.343749999999567 ], [ 96.852083333332729, 27.352083333332878 ] ] } },
{ "type": "Feature", "properties": { }, "geometry": { "type": "LineString", "coordinates": [ [ 96.852083333332729, 27.352083333332878 ], [ 96.847916666666066, 27.356249999999541 ] ] } },
{ "type": "Feature", "properties": { }, "geometry": { "type": "LineString", "coordinates": [ [ 96.847916666666066, 27.356249999999541 ], [ 96.843749999999403, 27.360416666666246 ] ] } },
{ "type": "Feature", "properties": { }, "geometry": { "type": "LineString", "coordinates": [ [ 96.843749999999403, 27.360416666666246 ], [ 96.843749999999403, 27.364583333332895 ], [ 96.835416666666077, 27.372916666666221 ] ] } },
{ "type": "Feature", "properties": { }, "geometry": { "type": "LineString", "coordinates": [ [ 96.835416666666077, 27.372916666666221 ], [ 96.822916666666032, 27.381249999999575 ] ] } },
{ "type": "Feature", "properties": { }, "geometry": { "type": "LineString", "coordinates": [ [ 96.822916666666032, 27.381249999999575 ], [ 96.818749999999369, 27.385416666666238 ] ] } },
{ "type": "Feature", "properties": { }, "geometry": { "type": "LineString", "coordinates": [ [ 96.818749999999369, 27.385416666666238 ], [ 96.802083333332718, 27.385416666666238 ] ] } },
{ "type": "Feature", "properties": { }, "geometry": { "type": "LineString", "coordinates": [ [ 96.802083333332718, 27.385416666666238 ], [ 96.797916666665998, 27.389583333332887 ], [ 96.785416666666066, 27.389583333332887 ] ] } },
{ "type": "Feature", "properties": { }, "geometry": { "type": "LineString", "coordinates": [ [ 96.785416666666066, 27.389583333332887 ], [ 96.781249999999346, 27.389583333332887 ] ] } },
{ "type": "Feature", "properties": { }, "geometry": { "type": "LineString", "coordinates": [ [ 96.781249999999346, 27.389583333332887 ], [ 96.772916666666021, 27.39374999999955 ] ] } },
{ "type": "Feature", "properties": { }, "geometry": { "type": "LineString", "coordinates": [ [ 96.772916666666021, 27.39374999999955 ], [ 96.768749999999358, 27.397916666666255 ] ] } },
{ "type": "Feature", "properties": { }, "geometry": { "type": "LineString", "coordinates": [ [ 96.768749999999358, 27.397916666666255 ], [ 96.764583333332695, 27.406249999999567 ] ] } },
{ "type": "Feature", "properties": { }, "geometry": { "type": "LineString", "coordinates": [ [ 96.764583333332695, 27.406249999999567 ], [ 96.764583333332695, 27.414583333332892 ] ] } },
{ "type": "Feature", "properties": { }, "geometry": { "type": "LineString", "coordinates": [ [ 96.40208333333274, 27.322916666666238 ], [ 96.397916666666021, 27.322916666666238 ] ] } },
{ "type": "Feature", "properties": { }, "geometry": { "type": "LineString", "coordinates": [ [ 96.339583333332797, 27.322916666666238 ], [ 96.331249999999415, 27.322916666666238 ] ] } },
{ "type": "Feature", "properties": { }, "geometry": { "type": "LineString", "coordinates": [ [ 96.327083333332752, 27.322916666666238 ], [ 96.318749999999426, 27.322916666666238 ] ] } },
{ "type": "Feature", "properties": { }, "geometry": { "type": "LineString", "coordinates": [ [ 96.397916666666021, 27.322916666666238 ], [ 96.389583333332695, 27.322916666666238 ] ] } },
{ "type": "Feature", "properties": { }, "geometry": { "type": "LineString", "coordinates": [ [ 96.331249999999415, 27.322916666666238 ], [ 96.327083333332752, 27.322916666666238 ] ] } },
{ "type": "Feature", "properties": { }, "geometry": { "type": "LineString", "coordinates": [ [ 96.414583333332729, 27.327083333332887 ], [ 96.406249999999346, 27.327083333332887 ], [ 96.40208333333274, 27.322916666666238 ] ] } },
{ "type": "Feature", "properties": { }, "geometry": { "type": "LineString", "coordinates": [ [ 96.418749999999392, 27.33124999999955 ], [ 96.414583333332729, 27.327083333332887 ] ] } },
{ "type": "Feature", "properties": { }, "geometry": { "type": "LineString", "coordinates": [ [ 96.422916666666055, 27.335416666666255 ], [ 96.418749999999392, 27.33124999999955 ] ] } },
{ "type": "Feature", "properties": { }, "geometry": { "type": "LineString", "coordinates": [ [ 96.43124999999938, 27.339583333332904 ], [ 96.422916666666055, 27.335416666666255 ] ] } },
{ "type": "Feature", "properties": { }, "geometry": { "type": "LineString", "coordinates": [ [ 96.418749999999392, 27.472916666666229 ], [ 96.414583333332729, 27.477083333332892 ] ] } },
{ "type": "Feature", "properties": { }, "geometry": { "type": "LineString", "coordinates": [ [ 96.727083333332786, 27.435416666666221 ], [ 96.722916666666066, 27.435416666666221 ] ] } },
{ "type": "Feature", "properties": { }, "geometry": { "type": "LineString", "coordinates": [ [ 96.739583333332774, 27.435416666666221 ], [ 96.731249999999449, 27.435416666666221 ] ] } },
{ "type": "Feature", "properties": { }, "geometry": { "type": "LineString", "coordinates": [ [ 96.722916666666066, 27.435416666666221 ], [ 96.71458333333274, 27.439583333332926 ] ] } },
{ "type": "Feature", "properties": { }, "geometry": { "type": "LineString", "coordinates": [ [ 96.71458333333274, 27.439583333332926 ], [ 96.710416666666077, 27.439583333332926 ] ] } },
{ "type": "Feature", "properties": { }, "geometry": { "type": "LineString", "coordinates": [ [ 96.710416666666077, 27.439583333332926 ], [ 96.702083333332752, 27.439583333332926 ], [ 96.697916666666032, 27.443749999999575 ] ] } },
{ "type": "Feature", "properties": { }, "geometry": { "type": "LineString", "coordinates": [ [ 96.697916666666032, 27.443749999999575 ], [ 96.685416666666043, 27.447916666666238 ] ] } },
{ "type": "Feature", "properties": { }, "geometry": { "type": "LineString", "coordinates": [ [ 96.685416666666043, 27.447916666666238 ], [ 96.68124999999938, 27.447916666666238 ] ] } },
{ "type": "Feature", "properties": { }, "geometry": { "type": "LineString", "coordinates": [ [ 96.68124999999938, 27.447916666666238 ], [ 96.677083333332718, 27.452083333332901 ] ] } },
{ "type": "Feature", "properties": { }, "geometry": { "type": "LineString", "coordinates": [ [ 96.677083333332718, 27.452083333332901 ], [ 96.668749999999392, 27.452083333332901 ] ] } },
{ "type": "Feature", "properties": { }, "geometry": { "type": "LineString", "coordinates": [ [ 96.668749999999392, 27.452083333332901 ], [ 96.664583333332672, 27.45624999999955 ] ] } },
{ "type": "Feature", "properties": { }, "geometry": { "type": "LineString", "coordinates": [ [ 96.168749999999392, 27.402083333332904 ], [ 96.156249999999403, 27.402083333332904 ] ] } },
{ "type": "Feature", "properties": { }, "geometry": { "type": "LineString", "coordinates": [ [ 96.222916666666123, 27.493749999999558 ], [ 96.218749999999346, 27.497916666666221 ] ] } },
{ "type": "Feature", "properties": { }, "geometry": { "type": "LineString", "coordinates": [ [ 96.231249999999505, 27.497916666666221 ], [ 96.222916666666123, 27.493749999999558 ] ] } },
{ "type": "Feature", "properties": { }, "geometry": { "type": "LineString", "coordinates": [ [ 96.214583333332797, 27.497916666666221 ], [ 96.210416666666021, 27.493749999999558 ] ] } },
{ "type": "Feature", "properties": { }, "geometry": { "type": "LineString", "coordinates": [ [ 96.210416666666021, 27.493749999999558 ], [ 96.202083333332808, 27.497916666666221 ] ] } },
{ "type": "Feature", "properties": { }, "geometry": { "type": "LineString", "coordinates": [ [ 96.218749999999346, 27.497916666666221 ], [ 96.214583333332797, 27.497916666666221 ] ] } },
{ "type": "Feature", "properties": { }, "geometry": { "type": "LineString", "coordinates": [ [ 96.239583333332718, 27.497916666666221 ], [ 96.231249999999505, 27.497916666666221 ] ] } },
{ "type": "Feature", "properties": { }, "geometry": { "type": "LineString", "coordinates": [ [ 96.202083333332808, 27.497916666666221 ], [ 96.193749999999426, 27.497916666666221 ], [ 96.189583333332763, 27.502083333332926 ] ] } },
{ "type": "Feature", "properties": { }, "geometry": { "type": "LineString", "coordinates": [ [ 96.189583333332763, 27.502083333332926 ], [ 96.181249999999437, 27.502083333332926 ], [ 96.177083333332774, 27.497916666666221 ], [ 96.168749999999392, 27.497916666666221 ], [ 96.164583333332729, 27.502083333332926 ] ] } },
{ "type": "Feature", "properties": { }, "geometry": { "type": "LineString", "coordinates": [ [ 96.24374999999938, 27.506249999999575 ], [ 96.239583333332718, 27.497916666666221 ] ] } },
{ "type": "Feature", "properties": { }, "geometry": { "type": "LineString", "coordinates": [ [ 96.552083333332718, 27.439583333332926 ], [ 96.547916666666055, 27.447916666666238 ], [ 96.547916666666055, 27.45624999999955 ], [ 96.535416666666066, 27.468749999999567 ] ] } },
{ "type": "Feature", "properties": { }, "geometry": { "type": "LineString", "coordinates": [ [ 96.664583333332672, 27.45624999999955 ], [ 96.660416666666066, 27.45624999999955 ] ] } },
{ "type": "Feature", "properties": { }, "geometry": { "type": "LineString", "coordinates": [ [ 96.660416666666066, 27.45624999999955 ], [ 96.656249999999346, 27.460416666666212 ] ] } },
{ "type": "Feature", "properties": { }, "geometry": { "type": "LineString", "coordinates": [ [ 96.622916666666157, 27.460416666666212 ], [ 96.618749999999494, 27.460416666666212 ] ] } },
{ "type": "Feature", "properties": { }, "geometry": { "type": "LineString", "coordinates": [ [ 96.610416666665998, 27.460416666666212 ], [ 96.606249999999449, 27.460416666666212 ] ] } },
{ "type": "Feature", "properties": { }, "geometry": { "type": "LineString", "coordinates": [ [ 96.618749999999494, 27.460416666666212 ], [ 96.610416666665998, 27.460416666666212 ] ] } },
{ "type": "Feature", "properties": { }, "geometry": { "type": "LineString", "coordinates": [ [ 96.606249999999449, 27.460416666666212 ], [ 96.597916666666123, 27.464583333332918 ] ] } },
{ "type": "Feature", "properties": { }, "geometry": { "type": "LineString", "coordinates": [ [ 96.656249999999346, 27.460416666666212 ], [ 96.652083333332683, 27.464583333332918 ] ] } },
{ "type": "Feature", "properties": { }, "geometry": { "type": "LineString", "coordinates": [ [ 96.647916666666021, 27.464583333332918 ], [ 96.639583333332695, 27.460416666666212 ], [ 96.635416666666032, 27.464583333332918 ] ] } },
{ "type": "Feature", "properties": { }, "geometry": { "type": "LineString", "coordinates": [ [ 96.627083333332706, 27.464583333332918 ], [ 96.622916666666157, 27.460416666666212 ] ] } },
{ "type": "Feature", "properties": { }, "geometry": { "type": "LineString", "coordinates": [ [ 96.635416666666032, 27.464583333332918 ], [ 96.627083333332706, 27.464583333332918 ] ] } },
{ "type": "Feature", "properties": { }, "geometry": { "type": "LineString", "coordinates": [ [ 96.652083333332683, 27.464583333332918 ], [ 96.647916666666021, 27.464583333332918 ] ] } },
{ "type": "Feature", "properties": { }, "geometry": { "type": "LineString", "coordinates": [ [ 96.597916666666123, 27.464583333332918 ], [ 96.59374999999946, 27.472916666666229 ], [ 96.58958333333274, 27.472916666666229 ] ] } },
{ "type": "Feature", "properties": { }, "geometry": { "type": "LineString", "coordinates": [ [ 96.58958333333274, 27.472916666666229 ], [ 96.585416666666077, 27.477083333332892 ] ] } },
{ "type": "Feature", "properties": { }, "geometry": { "type": "LineString", "coordinates": [ [ 96.585416666666077, 27.477083333332892 ], [ 96.577083333332752, 27.481249999999541 ] ] } },
{ "type": "Feature", "properties": { }, "geometry": { "type": "LineString", "coordinates": [ [ 96.535416666666066, 27.468749999999567 ], [ 96.539583333332672, 27.472916666666229 ], [ 96.539583333332672, 27.489583333332909 ] ] } },
{ "type": "Feature", "properties": { }, "geometry": { "type": "LineString", "coordinates": [ [ 96.577083333332752, 27.481249999999541 ], [ 96.568749999999426, 27.481249999999541 ], [ 96.552083333332718, 27.489583333332909 ] ] } },
{ "type": "Feature", "properties": { }, "geometry": { "type": "LineString", "coordinates": [ [ 96.535416666666066, 27.493749999999558 ], [ 96.527083333332683, 27.489583333332909 ], [ 96.518749999999358, 27.489583333332909 ], [ 96.514583333332695, 27.485416666666246 ] ] } },
{ "type": "Feature", "properties": { }, "geometry": { "type": "LineString", "coordinates": [ [ 96.552083333332718, 27.489583333332909 ], [ 96.539583333332672, 27.489583333332909 ] ] } },
{ "type": "Feature", "properties": { }, "geometry": { "type": "LineString", "coordinates": [ [ 96.539583333332672, 27.489583333332909 ], [ 96.535416666666066, 27.493749999999558 ] ] } },
{ "type": "Feature", "properties": { }, "geometry": { "type": "LineString", "coordinates": [ [ 96.422916666666055, 27.477083333332892 ], [ 96.418749999999392, 27.472916666666229 ] ] } },
{ "type": "Feature", "properties": { }, "geometry": { "type": "LineString", "coordinates": [ [ 96.435416666666043, 27.481249999999541 ], [ 96.427083333332718, 27.481249999999541 ], [ 96.422916666666055, 27.477083333332892 ] ] } },
{ "type": "Feature", "properties": { }, "geometry": { "type": "LineString", "coordinates": [ [ 96.414583333332729, 27.477083333332892 ], [ 96.406249999999346, 27.485416666666246 ] ] } },
{ "type": "Feature", "properties": { }, "geometry": { "type": "LineString", "coordinates": [ [ 96.452083333332752, 27.489583333332909 ], [ 96.435416666666043, 27.481249999999541 ] ] } },
{ "type": "Feature", "properties": { }, "geometry": { "type": "LineString", "coordinates": [ [ 96.481249999999449, 27.485416666666246 ], [ 96.464583333332797, 27.485416666666246 ] ] } },
{ "type": "Feature", "properties": { }, "geometry": { "type": "LineString", "coordinates": [ [ 96.493749999999494, 27.485416666666246 ], [ 96.481249999999449, 27.485416666666246 ] ] } },
{ "type": "Feature", "properties": { }, "geometry": { "type": "LineString", "coordinates": [ [ 96.464583333332797, 27.485416666666246 ], [ 96.456249999999415, 27.485416666666246 ] ] } },
{ "type": "Feature", "properties": { }, "geometry": { "type": "LineString", "coordinates": [ [ 96.456249999999415, 27.485416666666246 ], [ 96.452083333332752, 27.489583333332909 ] ] } },
{ "type": "Feature", "properties": { }, "geometry": { "type": "LineString", "coordinates": [ [ 96.497916666666043, 27.489583333332909 ], [ 96.493749999999494, 27.485416666666246 ] ] } },
{ "type": "Feature", "properties": { }, "geometry": { "type": "LineString", "coordinates": [ [ 96.514583333332695, 27.485416666666246 ], [ 96.502083333332706, 27.493749999999558 ] ] } },
{ "type": "Feature", "properties": { }, "geometry": { "type": "LineString", "coordinates": [ [ 96.502083333332706, 27.493749999999558 ], [ 96.497916666666043, 27.489583333332909 ] ] } },
{ "type": "Feature", "properties": { }, "geometry": { "type": "LineString", "coordinates": [ [ 96.406249999999346, 27.485416666666246 ], [ 96.393749999999358, 27.497916666666221 ], [ 96.393749999999358, 27.502083333332926 ] ] } },
{ "type": "Feature", "properties": { }, "geometry": { "type": "LineString", "coordinates": [ [ 96.506249999999369, 27.506249999999575 ], [ 96.506249999999369, 27.497916666666221 ], [ 96.502083333332706, 27.493749999999558 ] ] } },
{ "type": "Feature", "properties": { }, "geometry": { "type": "LineString", "coordinates": [ [ 96.377083333332706, 27.497916666666221 ], [ 96.372916666666043, 27.502083333332926 ], [ 96.364583333332831, 27.502083333332926 ] ] } },
{ "type": "Feature", "properties": { }, "geometry": { "type": "LineString", "coordinates": [ [ 96.389583333332695, 27.502083333332926 ], [ 96.385416666666032, 27.497916666666221 ], [ 96.377083333332706, 27.497916666666221 ] ] } },
{ "type": "Feature", "properties": { }, "geometry": { "type": "LineString", "coordinates": [ [ 96.393749999999358, 27.502083333332926 ], [ 96.389583333332695, 27.502083333332926 ] ] } },
{ "type": "Feature", "properties": { }, "geometry": { "type": "LineString", "coordinates": [ [ 96.364583333332831, 27.502083333332926 ], [ 96.360416666665998, 27.506249999999575 ] ] } },
{ "type": "Feature", "properties": { }, "geometry": { "type": "LineString", "coordinates": [ [ 96.510416666666032, 27.510416666666238 ], [ 96.506249999999369, 27.506249999999575 ] ] } },
{ "type": "Feature", "properties": { }, "geometry": { "type": "LineString", "coordinates": [ [ 96.360416666665998, 27.506249999999575 ], [ 96.352083333332672, 27.510416666666238 ] ] } },
{ "type": "Feature", "properties": { }, "geometry": { "type": "LineString", "coordinates": [ [ 96.352083333332672, 27.510416666666238 ], [ 96.347916666666123, 27.514583333332901 ] ] } },
{ "type": "Feature", "properties": { }, "geometry": { "type": "LineString", "coordinates": [ [ 96.164583333332729, 27.502083333332926 ], [ 96.143749999999415, 27.502083333332926 ], [ 96.139583333332695, 27.506249999999575 ] ] } },
{ "type": "Feature", "properties": { }, "geometry": { "type": "LineString", "coordinates": [ [ 96.139583333332695, 27.506249999999575 ], [ 96.122916666666043, 27.506249999999575 ] ] } },
{ "type": "Feature", "properties": { }, "geometry": { "type": "LineString", "coordinates": [ [ 96.268749999999415, 27.506249999999575 ], [ 96.256249999999369, 27.510416666666238 ] ] } },
{ "type": "Feature", "properties": { }, "geometry": { "type": "LineString", "coordinates": [ [ 96.252083333332706, 27.510416666666238 ], [ 96.24374999999938, 27.506249999999575 ] ] } },
{ "type": "Feature", "properties": { }, "geometry": { "type": "LineString", "coordinates": [ [ 96.27708333333274, 27.514583333332901 ], [ 96.268749999999415, 27.506249999999575 ] ] } },
{ "type": "Feature", "properties": { }, "geometry": { "type": "LineString", "coordinates": [ [ 96.256249999999369, 27.510416666666238 ], [ 96.252083333332706, 27.510416666666238 ] ] } },
{ "type": "Feature", "properties": { }, "geometry": { "type": "LineString", "coordinates": [ [ 96.293749999999392, 27.514583333332901 ], [ 96.289583333332729, 27.510416666666238 ], [ 96.285416666666066, 27.514583333332901 ], [ 96.27708333333274, 27.514583333332901 ] ] } },
{ "type": "Feature", "properties": { }, "geometry": { "type": "LineString", "coordinates": [ [ 96.297916666666055, 27.518749999999564 ], [ 96.293749999999392, 27.514583333332901 ] ] } },
{ "type": "Feature", "properties": { }, "geometry": { "type": "LineString", "coordinates": [ [ 96.302083333332718, 27.522916666666212 ], [ 96.297916666666055, 27.518749999999564 ] ] } },
{ "type": "Feature", "properties": { }, "geometry": { "type": "LineString", "coordinates": [ [ 96.314583333332763, 27.522916666666212 ], [ 96.302083333332718, 27.522916666666212 ] ] } },
{ "type": "Feature", "properties": { }, "geometry": { "type": "LineString", "coordinates": [ [ 96.531249999999346, 27.543749999999555 ], [ 96.522916666666021, 27.531249999999581 ] ] } },
{ "type": "Feature", "properties": { }, "geometry": { "type": "LineString", "coordinates": [ [ 96.693749999999369, 27.543749999999555 ], [ 96.685416666666043, 27.547916666666204 ] ] } },
{ "type": "Feature", "properties": { }, "geometry": { "type": "LineString", "coordinates": [ [ 96.727083333332786, 27.543749999999555 ], [ 96.71458333333274, 27.547916666666204 ] ] } },
{ "type": "Feature", "properties": { }, "geometry": { "type": "LineString", "coordinates": [ [ 96.706249999999415, 27.547916666666204 ], [ 96.697916666666032, 27.547916666666204 ], [ 96.693749999999369, 27.543749999999555 ] ] } },
{ "type": "Feature", "properties": { }, "geometry": { "type": "LineString", "coordinates": [ [ 96.731249999999449, 27.547916666666204 ], [ 96.727083333332786, 27.543749999999555 ] ] } },
{ "type": "Feature", "properties": { }, "geometry": { "type": "LineString", "coordinates": [ [ 96.685416666666043, 27.547916666666204 ], [ 96.68124999999938, 27.547916666666204 ] ] } },
{ "type": "Feature", "properties": { }, "geometry": { "type": "LineString", "coordinates": [ [ 96.71458333333274, 27.547916666666204 ], [ 96.706249999999415, 27.547916666666204 ] ] } },
{ "type": "Feature", "properties": { }, "geometry": { "type": "LineString", "coordinates": [ [ 96.543749999999392, 27.552083333332867 ], [ 96.539583333332672, 27.552083333332867 ], [ 96.531249999999346, 27.543749999999555 ] ] } },
{ "type": "Feature", "properties": { }, "geometry": { "type": "LineString", "coordinates": [ [ 96.68124999999938, 27.547916666666204 ], [ 96.664583333332672, 27.564583333332884 ] ] } },
{ "type": "Feature", "properties": { }, "geometry": { "type": "LineString", "coordinates": [ [ 96.552083333332718, 27.564583333332884 ], [ 96.543749999999392, 27.556249999999572 ], [ 96.543749999999392, 27.552083333332867 ] ] } },
{ "type": "Feature", "properties": { }, "geometry": { "type": "LineString", "coordinates": [ [ 96.347916666666123, 27.514583333332901 ], [ 96.339583333332797, 27.514583333332901 ] ] } },
{ "type": "Feature", "properties": { }, "geometry": { "type": "LineString", "coordinates": [ [ 96.518749999999358, 27.522916666666212 ], [ 96.518749999999358, 27.518749999999564 ], [ 96.510416666666032, 27.510416666666238 ] ] } },
{ "type": "Feature", "properties": { }, "geometry": { "type": "LineString", "coordinates": [ [ 96.339583333332797, 27.514583333332901 ], [ 96.327083333332752, 27.522916666666212 ] ] } },
{ "type": "Feature", "properties": { }, "geometry": { "type": "LineString", "coordinates": [ [ 96.322916666666089, 27.518749999999564 ], [ 96.314583333332763, 27.522916666666212 ] ] } },
{ "type": "Feature", "properties": { }, "geometry": { "type": "LineString", "coordinates": [ [ 96.327083333332752, 27.522916666666212 ], [ 96.322916666666089, 27.518749999999564 ] ] } },
{ "type": "Feature", "properties": { }, "geometry": { "type": "LineString", "coordinates": [ [ 96.518749999999358, 27.527083333332875 ], [ 96.518749999999358, 27.522916666666212 ] ] } },
{ "type": "Feature", "properties": { }, "geometry": { "type": "LineString", "coordinates": [ [ 96.522916666666021, 27.531249999999581 ], [ 96.522916666666021, 27.527083333332875 ], [ 96.518749999999358, 27.527083333332875 ] ] } },
{ "type": "Feature", "properties": { }, "geometry": { "type": "LineString", "coordinates": [ [ 96.489583333332831, 27.697916666666252 ], [ 96.481249999999449, 27.702083333332901 ] ] } },
{ "type": "Feature", "properties": { }, "geometry": { "type": "LineString", "coordinates": [ [ 96.502083333332706, 27.706249999999564 ], [ 96.497916666666043, 27.706249999999564 ], [ 96.489583333332831, 27.697916666666252 ] ] } },
{ "type": "Feature", "properties": { }, "geometry": { "type": "LineString", "coordinates": [ [ 96.514583333332695, 27.710416666666227 ], [ 96.502083333332706, 27.706249999999564 ] ] } },
{ "type": "Feature", "properties": { }, "geometry": { "type": "LineString", "coordinates": [ [ 96.764583333332695, 27.414583333332892 ], [ 96.756249999999369, 27.422916666666204 ] ] } },
{ "type": "Feature", "properties": { }, "geometry": { "type": "LineString", "coordinates": [ [ 96.756249999999369, 27.422916666666204 ], [ 96.75208333333282, 27.422916666666204 ], [ 96.739583333332774, 27.435416666666221 ] ] } },
{ "type": "Feature", "properties": { }, "geometry": { "type": "LineString", "coordinates": [ [ 96.852083333332729, 27.518749999999564 ], [ 96.843749999999403, 27.522916666666212 ] ] } },
{ "type": "Feature", "properties": { }, "geometry": { "type": "LineString", "coordinates": [ [ 96.843749999999403, 27.522916666666212 ], [ 96.835416666666077, 27.531249999999581 ], [ 96.831249999999415, 27.531249999999581 ] ] } },
{ "type": "Feature", "properties": { }, "geometry": { "type": "LineString", "coordinates": [ [ 96.777083333332683, 27.531249999999581 ], [ 96.772916666666021, 27.531249999999581 ] ] } },
{ "type": "Feature", "properties": { }, "geometry": { "type": "LineString", "coordinates": [ [ 96.789583333332672, 27.531249999999581 ], [ 96.777083333332683, 27.531249999999581 ] ] } },
{ "type": "Feature", "properties": { }, "geometry": { "type": "LineString", "coordinates": [ [ 96.793749999999392, 27.535416666666229 ], [ 96.789583333332672, 27.531249999999581 ] ] } },
{ "type": "Feature", "properties": { }, "geometry": { "type": "LineString", "coordinates": [ [ 96.831249999999415, 27.531249999999581 ], [ 96.822916666666032, 27.535416666666229 ] ] } },
{ "type": "Feature", "properties": { }, "geometry": { "type": "LineString", "coordinates": [ [ 96.814583333332706, 27.535416666666229 ], [ 96.793749999999392, 27.535416666666229 ] ] } },
{ "type": "Feature", "properties": { }, "geometry": { "type": "LineString", "coordinates": [ [ 96.818749999999369, 27.535416666666229 ], [ 96.814583333332706, 27.535416666666229 ] ] } },
{ "type": "Feature", "properties": { }, "geometry": { "type": "LineString", "coordinates": [ [ 96.822916666666032, 27.535416666666229 ], [ 96.818749999999369, 27.535416666666229 ] ] } },
{ "type": "Feature", "properties": { }, "geometry": { "type": "LineString", "coordinates": [ [ 96.772916666666021, 27.531249999999581 ], [ 96.768749999999358, 27.531249999999581 ], [ 96.760416666666032, 27.539583333332892 ] ] } },
{ "type": "Feature", "properties": { }, "geometry": { "type": "LineString", "coordinates": [ [ 96.760416666666032, 27.539583333332892 ], [ 96.75208333333282, 27.547916666666204 ], [ 96.7479166666661, 27.547916666666204 ] ] } },
{ "type": "Feature", "properties": { }, "geometry": { "type": "LineString", "coordinates": [ [ 96.7479166666661, 27.547916666666204 ], [ 96.731249999999449, 27.547916666666204 ] ] } },
{ "type": "Feature", "properties": { }, "geometry": { "type": "LineString", "coordinates": [ [ 96.860416666666111, 27.656249999999538 ], [ 96.847916666666066, 27.656249999999538 ], [ 96.843749999999403, 27.660416666666244 ] ] } },
{ "type": "Feature", "properties": { }, "geometry": { "type": "LineString", "coordinates": [ [ 96.83958333333274, 27.660416666666244 ], [ 96.831249999999415, 27.660416666666244 ], [ 96.822916666666032, 27.656249999999538 ] ] } },
{ "type": "Feature", "properties": { }, "geometry": { "type": "LineString", "coordinates": [ [ 96.843749999999403, 27.660416666666244 ], [ 96.83958333333274, 27.660416666666244 ] ] } },
{ "type": "Feature", "properties": { }, "geometry": { "type": "LineString", "coordinates": [ [ 96.822916666666032, 27.656249999999538 ], [ 96.80624999999938, 27.668749999999555 ] ] } },
{ "type": "Feature", "properties": { }, "geometry": { "type": "LineString", "coordinates": [ [ 96.80624999999938, 27.668749999999555 ], [ 96.802083333332718, 27.677083333332909 ] ] } },
{ "type": "Feature", "properties": { }, "geometry": { "type": "LineString", "coordinates": [ [ 96.802083333332718, 27.677083333332909 ], [ 96.797916666665998, 27.681249999999572 ] ] } },
{ "type": "Feature", "properties": { }, "geometry": { "type": "LineString", "coordinates": [ [ 95.3729166666661, 26.793749999999555 ], [ 95.360416666666055, 26.797916666666261 ], [ 95.356249999999392, 26.806249999999572 ] ] } },
{ "type": "Feature", "properties": { }, "geometry": { "type": "LineString", "coordinates": [ [ 95.33958333333274, 26.806249999999572 ], [ 95.335416666666021, 26.810416666666235 ] ] } },
{ "type": "Feature", "properties": { }, "geometry": { "type": "LineString", "coordinates": [ [ 95.356249999999392, 26.806249999999572 ], [ 95.352083333332729, 26.810416666666235 ], [ 95.33958333333274, 26.806249999999572 ] ] } },
{ "type": "Feature", "properties": { }, "geometry": { "type": "LineString", "coordinates": [ [ 95.335416666666021, 26.810416666666235 ], [ 95.335416666666021, 26.814583333332898 ] ] } },
{ "type": "Feature", "properties": { }, "geometry": { "type": "LineString", "coordinates": [ [ 95.335416666666021, 26.814583333332898 ], [ 95.335416666666021, 26.822916666666252 ], [ 95.33958333333274, 26.827083333332915 ] ] } },
{ "type": "Feature", "properties": { }, "geometry": { "type": "LineString", "coordinates": [ [ 95.522916666666077, 27.060416666666249 ], [ 95.518749999999415, 27.064583333332898 ] ] } },
{ "type": "Feature", "properties": { }, "geometry": { "type": "LineString", "coordinates": [ [ 95.518749999999415, 27.064583333332898 ], [ 95.510416666666089, 27.072916666666266 ] ] } },
{ "type": "Feature", "properties": { }, "geometry": { "type": "LineString", "coordinates": [ [ 95.510416666666089, 27.072916666666266 ], [ 95.506249999999426, 27.072916666666266 ], [ 95.49374999999938, 27.085416666666241 ] ] } },
{ "type": "Feature", "properties": { }, "geometry": { "type": "LineString", "coordinates": [ [ 95.49374999999938, 27.085416666666241 ], [ 95.485416666666055, 27.093749999999552 ] ] } },
{ "type": "Feature", "properties": { }, "geometry": { "type": "LineString", "coordinates": [ [ 95.485416666666055, 27.093749999999552 ], [ 95.481249999999392, 27.093749999999552 ], [ 95.472916666666066, 27.102083333332907 ], [ 95.46458333333274, 27.102083333332907 ] ] } },
{ "type": "Feature", "properties": { }, "geometry": { "type": "LineString", "coordinates": [ [ 95.46458333333274, 27.102083333332907 ], [ 95.456249999999415, 27.110416666666232 ], [ 95.452083333332695, 27.110416666666232 ], [ 95.443749999999369, 27.122916666666249 ], [ 95.443749999999369, 27.127083333332912 ], [ 95.456542067927998, 27.135708734594893 ] ] } },
{ "type": "Feature", "properties": { }, "geometry": { "type": "LineString", "coordinates": [ [ 95.460416666666021, 27.160286525017433 ], [ 95.46458333333274, 27.164583333332921 ] ] } },
{ "type": "Feature", "properties": { }, "geometry": { "type": "LineString", "coordinates": [ [ 95.33958333333274, 26.827083333332915 ], [ 95.347916666666066, 26.831249999999564 ] ] } },
{ "type": "Feature", "properties": { }, "geometry": { "type": "LineString", "coordinates": [ [ 95.347916666666066, 26.831249999999564 ], [ 95.352083333332729, 26.843749999999581 ] ] } },
{ "type": "Feature", "properties": { }, "geometry": { "type": "LineString", "coordinates": [ [ 95.352083333332729, 26.843749999999581 ], [ 95.352083333332729, 26.852083333332907 ], [ 95.356249999999392, 26.860416666666218 ] ] } },
{ "type": "Feature", "properties": { }, "geometry": { "type": "LineString", "coordinates": [ [ 95.356249999999392, 26.860416666666218 ], [ 95.356249999999392, 26.868749999999572 ] ] } },
{ "type": "Feature", "properties": { }, "geometry": { "type": "LineString", "coordinates": [ [ 95.356249999999392, 26.868749999999572 ], [ 95.360416666666055, 26.877083333332898 ] ] } },
{ "type": "Feature", "properties": { }, "geometry": { "type": "LineString", "coordinates": [ [ 95.360416666666055, 26.877083333332898 ], [ 95.364583333332718, 26.881249999999547 ] ] } },
{ "type": "Feature", "properties": { }, "geometry": { "type": "LineString", "coordinates": [ [ 95.364583333332718, 26.881249999999547 ], [ 95.3729166666661, 26.889583333332915 ], [ 95.368749999999437, 26.893749999999564 ] ] } },
{ "type": "Feature", "properties": { }, "geometry": { "type": "LineString", "coordinates": [ [ 95.368749999999437, 26.893749999999564 ], [ 95.368749999999437, 26.902083333332932 ] ] } },
{ "type": "Feature", "properties": { }, "geometry": { "type": "LineString", "coordinates": [ [ 95.368749999999437, 26.902083333332932 ], [ 95.364583333332718, 26.910416666666244 ] ] } },
{ "type": "Feature", "properties": { }, "geometry": { "type": "LineString", "coordinates": [ [ 95.364583333332718, 26.910416666666244 ], [ 95.364583333332718, 26.927083333332924 ] ] } },
{ "type": "Feature", "properties": { }, "geometry": { "type": "LineString", "coordinates": [ [ 95.364583333332718, 26.927083333332924 ], [ 95.364583333332718, 26.931249999999586 ] ] } },
{ "type": "Feature", "properties": { }, "geometry": { "type": "LineString", "coordinates": [ [ 95.364583333332718, 26.931249999999586 ], [ 95.364583333332718, 26.939583333332898 ] ] } },
{ "type": "Feature", "properties": { }, "geometry": { "type": "LineString", "coordinates": [ [ 95.364583333332718, 26.939583333332898 ], [ 95.364583333332718, 26.952083333332872 ], [ 95.3729166666661, 26.960416666666227 ] ] } },
{ "type": "Feature", "properties": { }, "geometry": { "type": "LineString", "coordinates": [ [ 95.3729166666661, 26.960416666666227 ], [ 95.377083333332763, 26.968749999999595 ] ] } },
{ "type": "Feature", "properties": { }, "geometry": { "type": "LineString", "coordinates": [ [ 95.377083333332763, 26.968749999999595 ], [ 95.377083333332763, 26.981249999999569 ] ] } },
{ "type": "Feature", "properties": { }, "geometry": { "type": "LineString", "coordinates": [ [ 95.377083333332763, 26.981249999999569 ], [ 95.3729166666661, 26.989583333332881 ], [ 95.381249999999426, 26.997916666666235 ], [ 95.377083333332763, 27.006249999999561 ], [ 95.381249999999426, 27.010416666666224 ] ] } },
{ "type": "Feature", "properties": { }, "geometry": { "type": "LineString", "coordinates": [ [ 95.381249999999426, 27.010416666666224 ], [ 95.377083333332763, 27.014583333332915 ] ] } },
{ "type": "Feature", "properties": { }, "geometry": { "type": "LineString", "coordinates": [ [ 95.377083333332763, 27.014583333332915 ], [ 95.3729166666661, 27.018749999999578 ] ] } },
{ "type": "Feature", "properties": { }, "geometry": { "type": "LineString", "coordinates": [ [ 95.3729166666661, 27.018749999999578 ], [ 95.364583333332718, 27.035416666666258 ], [ 95.368749999999437, 27.039583333332907 ] ] } },
{ "type": "Feature", "properties": { }, "geometry": { "type": "LineString", "coordinates": [ [ 95.343749999999403, 27.027083333332889 ], [ 95.356249999999392, 27.039583333332907 ], [ 95.368749999999437, 27.039583333332907 ] ] } },
{ "type": "Feature", "properties": { }, "geometry": { "type": "LineString", "coordinates": [ [ 95.368749999999437, 27.039583333332907 ], [ 95.377083333332763, 27.043749999999569 ] ] } },
{ "type": "Feature", "properties": { }, "geometry": { "type": "LineString", "coordinates": [ [ 95.377083333332763, 27.043749999999569 ], [ 95.381249999999426, 27.047916666666275 ], [ 95.381249999999426, 27.060416666666249 ] ] } },
{ "type": "Feature", "properties": { }, "geometry": { "type": "LineString", "coordinates": [ [ 95.381249999999426, 27.060416666666249 ], [ 95.381249999999426, 27.077083333332872 ], [ 95.385416666666089, 27.085416666666241 ] ] } },
{ "type": "Feature", "properties": { }, "geometry": { "type": "LineString", "coordinates": [ [ 95.385416666666089, 27.085416666666241 ], [ 95.381249999999426, 27.085416666666241 ], [ 95.368749999999437, 27.097916666666258 ] ] } },
{ "type": "Feature", "properties": { }, "geometry": { "type": "LineString", "coordinates": [ [ 95.368749999999437, 27.097916666666258 ], [ 95.368749999999437, 27.102083333332907 ] ] } },
{ "type": "Feature", "properties": { }, "geometry": { "type": "LineString", "coordinates": [ [ 95.368749999999437, 27.102083333332907 ], [ 95.368749999999437, 27.106249999999569 ] ] } },
{ "type": "Feature", "properties": { }, "geometry": { "type": "MultiLineString", "coordinates": [ [ [ 95.368749999999437, 27.106249999999569 ], [ 95.368749999999437, 27.107416107149856 ] ], [ [ 95.368749999999437, 27.109857852416791 ], [ 95.368749999999437, 27.11216157913217 ] ] ] } },
{ "type": "Feature", "properties": { }, "geometry": { "type": "LineString", "coordinates": [ [ 95.46458333333274, 27.164583333332921 ], [ 95.46458333333274, 27.167963681585491 ] ] } },
{ "type": "Feature", "properties": { }, "geometry": { "type": "LineString", "coordinates": [ [ 95.465492212918804, 27.177992212918994 ], [ 95.468749999999346, 27.181249999999544 ] ] } },
{ "type": "Feature", "properties": { }, "geometry": { "type": "LineString", "coordinates": [ [ 95.468749999999346, 27.181249999999544 ], [ 95.468749999999346, 27.185416666666249 ] ] } },
{ "type": "Feature", "properties": { }, "geometry": { "type": "MultiLineString", "coordinates": [ [ [ 95.468749999999346, 27.185416666666249 ], [ 95.467470456020308, 27.186696210645305 ] ], [ [ 95.46458333333274, 27.199253731350247 ], [ 95.46458333333274, 27.202083333332887 ] ] ] } },
{ "type": "Feature", "properties": { }, "geometry": { "type": "LineString", "coordinates": [ [ 95.46458333333274, 27.202083333332887 ], [ 95.468749999999346, 27.206249999999578 ] ] } },
{ "type": "Feature", "properties": { }, "geometry": { "type": "LineString", "coordinates": [ [ 95.468749999999346, 27.206249999999578 ], [ 95.468749999999346, 27.214583333332904 ] ] } },
{ "type": "Feature", "properties": { }, "geometry": { "type": "MultiLineString", "coordinates": [ [ [ 95.468749999999346, 27.214583333332904 ], [ 95.468749999999346, 27.217922434450358 ] ], [ [ 95.469821157561498, 27.219821157561711 ], [ 95.473610669888018, 27.223610669888195 ] ], [ [ 95.473958288385361, 27.223958288385536 ], [ 95.477083333332729, 27.227083333332878 ] ] ] } },
{ "type": "Feature", "properties": { }, "geometry": { "type": "LineString", "coordinates": [ [ 95.477083333332729, 27.227083333332878 ], [ 95.481249999999392, 27.233769977948207 ] ] } },
{ "type": "Feature", "properties": { }, "geometry": { "type": "LineString", "coordinates": [ [ 95.489583333332718, 27.243749999999601 ], [ 95.486116269133973, 27.243749999999601 ] ] } },
{ "type": "Feature", "properties": { }, "geometry": { "type": "LineString", "coordinates": [ [ 95.502083333332763, 27.247916666666249 ], [ 95.49374999999938, 27.247916666666249 ], [ 95.489583333332718, 27.243749999999601 ] ] } },
{ "type": "Feature", "properties": { }, "geometry": { "type": "LineString", "coordinates": [ [ 95.506249999999426, 27.254608367338633 ], [ 95.502083333332763, 27.247916666666249 ] ] } },
{ "type": "Feature", "properties": { }, "geometry": { "type": "LineString", "coordinates": [ [ 95.518749999999415, 27.256249999999575 ], [ 95.510682232523152, 27.260151100809161 ] ] } },
{ "type": "Feature", "properties": { }, "geometry": { "type": "LineString", "coordinates": [ [ 95.527083333332797, 27.264583333332887 ], [ 95.518749999999415, 27.256249999999575 ] ] } },
{ "type": "Feature", "properties": { }, "geometry": { "type": "LineString", "coordinates": [ [ 95.531249999999346, 27.26874999999955 ], [ 95.527083333332797, 27.264583333332887 ] ] } },
{ "type": "Feature", "properties": { }, "geometry": { "type": "LineString", "coordinates": [ [ 95.532380126360309, 27.269880126360484 ], [ 95.531249999999346, 27.26874999999955 ] ] } },
{ "type": "Feature", "properties": { }, "geometry": { "type": "LineString", "coordinates": [ [ 94.281249999999403, 27.672916666666218 ], [ 94.260416666666089, 27.660416666666244 ] ] } },
{ "type": "Feature", "properties": { }, "geometry": { "type": "LineString", "coordinates": [ [ 94.297916666666111, 27.685416666666235 ], [ 94.281249999999403, 27.672916666666218 ] ] } },
{ "type": "Feature", "properties": { }, "geometry": { "type": "LineString", "coordinates": [ [ 94.302083333332774, 27.685416666666235 ], [ 94.297916666666111, 27.685416666666235 ] ] } },
{ "type": "Feature", "properties": { }, "geometry": { "type": "LineString", "coordinates": [ [ 94.306249999999437, 27.689583333332884 ], [ 94.302083333332774, 27.685416666666235 ] ] } },
{ "type": "Feature", "properties": { }, "geometry": { "type": "LineString", "coordinates": [ [ 94.3104166666661, 27.693749999999547 ], [ 94.306249999999437, 27.689583333332884 ] ] } },
{ "type": "Feature", "properties": { }, "geometry": { "type": "LineString", "coordinates": [ [ 94.327083333332808, 27.706249999999564 ], [ 94.322916666666089, 27.706249999999564 ], [ 94.3104166666661, 27.693749999999547 ] ] } },
{ "type": "Feature", "properties": { }, "geometry": { "type": "LineString", "coordinates": [ [ 94.347916666666123, 27.714583333332889 ], [ 94.339583333332797, 27.714583333332889 ], [ 94.327083333332808, 27.706249999999564 ] ] } },
{ "type": "Feature", "properties": { }, "geometry": { "type": "LineString", "coordinates": [ [ 94.352083333332843, 27.718749999999538 ], [ 94.347916666666123, 27.714583333332889 ] ] } },
{ "type": "Feature", "properties": { }, "geometry": { "type": "LineString", "coordinates": [ [ 94.368749999999494, 27.718749999999538 ], [ 94.352083333332843, 27.718749999999538 ] ] } },
{ "type": "Feature", "properties": { }, "geometry": { "type": "MultiLineString", "coordinates": [ [ [ 94.439583333332763, 27.618749999999572 ], [ 94.431249999999437, 27.595000843220184 ] ], [ [ 94.432288983923286, 27.592711016075725 ], [ 94.4354166666661, 27.585817884546643 ] ], [ [ 94.435749928997353, 27.585083404334963 ], [ 94.437720849211857, 27.583112484120466 ] ] ] } },
{ "type": "Feature", "properties": { }, "geometry": { "type": "LineString", "coordinates": [ [ 94.4354166666661, 27.631249999999547 ], [ 94.439583333332763, 27.627083333332884 ], [ 94.439583333332763, 27.618749999999572 ] ] } },
{ "type": "Feature", "properties": { }, "geometry": { "type": "LineString", "coordinates": [ [ 94.431249999999437, 27.635416666666252 ], [ 94.4354166666661, 27.631249999999547 ] ] } },
{ "type": "Feature", "properties": { }, "geometry": { "type": "LineString", "coordinates": [ [ 94.427083333332718, 27.731249999999555 ], [ 94.422916666666111, 27.727083333332907 ], [ 94.414583333332729, 27.731249999999555 ] ] } },
{ "type": "Feature", "properties": { }, "geometry": { "type": "LineString", "coordinates": [ [ 94.452083333332752, 27.731249999999555 ], [ 94.4354166666661, 27.731249999999555 ] ] } },
{ "type": "Feature", "properties": { }, "geometry": { "type": "LineString", "coordinates": [ [ 94.456249999999471, 27.731249999999555 ], [ 94.452083333332752, 27.731249999999555 ] ] } },
{ "type": "Feature", "properties": { }, "geometry": { "type": "LineString", "coordinates": [ [ 94.4354166666661, 27.731249999999555 ], [ 94.427083333332718, 27.731249999999555 ] ] } },
{ "type": "Feature", "properties": { }, "geometry": { "type": "LineString", "coordinates": [ [ 94.414583333332729, 27.731249999999555 ], [ 94.406249999999403, 27.731249999999555 ] ] } },
{ "type": "Feature", "properties": { }, "geometry": { "type": "LineString", "coordinates": [ [ 93.035416666666066, 27.227083333332878 ], [ 93.031249999999517, 27.227083333332878 ] ] } },
{ "type": "Feature", "properties": { }, "geometry": { "type": "LineString", "coordinates": [ [ 93.043749999999392, 27.239583333332895 ], [ 93.035416666666066, 27.231249999999584 ], [ 93.035416666666066, 27.227083333332878 ] ] } },
{ "type": "Feature", "properties": { }, "geometry": { "type": "LineString", "coordinates": [ [ 93.047916666666225, 27.243749999999601 ], [ 93.043749999999392, 27.239583333332895 ] ] } },
{ "type": "Feature", "properties": { }, "geometry": { "type": "LineString", "coordinates": [ [ 93.047916666666225, 27.247916666666249 ], [ 93.047916666666225, 27.243749999999601 ] ] } },
{ "type": "Feature", "properties": { }, "geometry": { "type": "LineString", "coordinates": [ [ 93.047916666666225, 27.256249999999575 ], [ 93.047916666666225, 27.247916666666249 ] ] } },
{ "type": "Feature", "properties": { }, "geometry": { "type": "LineString", "coordinates": [ [ 93.052083333332718, 27.260416666666224 ], [ 93.047916666666225, 27.256249999999575 ] ] } },
{ "type": "Feature", "properties": { }, "geometry": { "type": "LineString", "coordinates": [ [ 93.0604166666661, 27.264583333332887 ], [ 93.052083333332718, 27.260416666666224 ] ] } },
{ "type": "Feature", "properties": { }, "geometry": { "type": "LineString", "coordinates": [ [ 93.0604166666661, 27.26874999999955 ], [ 93.0604166666661, 27.264583333332887 ] ] } },
{ "type": "Feature", "properties": { }, "geometry": { "type": "LineString", "coordinates": [ [ 93.064583333332763, 27.272916666666241 ], [ 93.0604166666661, 27.26874999999955 ] ] } },
{ "type": "Feature", "properties": { }, "geometry": { "type": "LineString", "coordinates": [ [ 93.077083333332752, 27.277083333332904 ], [ 93.072916666666089, 27.272916666666241 ], [ 93.064583333332763, 27.272916666666241 ] ] } },
{ "type": "Feature", "properties": { }, "geometry": { "type": "LineString", "coordinates": [ [ 93.085416666666077, 27.289583333332878 ], [ 93.077083333332752, 27.277083333332904 ] ] } },
{ "type": "Feature", "properties": { }, "geometry": { "type": "LineString", "coordinates": [ [ 93.12708333333282, 27.285416666666215 ], [ 93.1229166666661, 27.289583333332878 ] ] } },
{ "type": "Feature", "properties": { }, "geometry": { "type": "LineString", "coordinates": [ [ 93.139583333332808, 27.293749999999584 ], [ 93.12708333333282, 27.285416666666215 ] ] } },
{ "type": "Feature", "properties": { }, "geometry": { "type": "LineString", "coordinates": [ [ 93.09374999999946, 27.293749999999584 ], [ 93.085416666666077, 27.289583333332878 ] ] } },
{ "type": "Feature", "properties": { }, "geometry": { "type": "LineString", "coordinates": [ [ 93.1229166666661, 27.289583333332878 ], [ 93.118749999999437, 27.293749999999584 ] ] } },
{ "type": "Feature", "properties": { }, "geometry": { "type": "LineString", "coordinates": [ [ 93.118749999999437, 27.293749999999584 ], [ 93.106249999999449, 27.293749999999584 ] ] } },
{ "type": "Feature", "properties": { }, "geometry": { "type": "LineString", "coordinates": [ [ 93.106249999999449, 27.293749999999584 ], [ 93.09374999999946, 27.293749999999584 ] ] } },
{ "type": "Feature", "properties": { }, "geometry": { "type": "LineString", "coordinates": [ [ 93.147916666666134, 27.297916666666232 ], [ 93.139583333332808, 27.293749999999584 ] ] } },
{ "type": "Feature", "properties": { }, "geometry": { "type": "LineString", "coordinates": [ [ 93.164583333332843, 27.297916666666232 ], [ 93.156249999999517, 27.293749999999584 ], [ 93.147916666666134, 27.297916666666232 ] ] } },
{ "type": "Feature", "properties": { }, "geometry": { "type": "LineString", "coordinates": [ [ 93.168749999999392, 27.302083333332895 ], [ 93.164583333332843, 27.297916666666232 ] ] } },
{ "type": "Feature", "properties": { }, "geometry": { "type": "LineString", "coordinates": [ [ 93.172916666666168, 27.306249999999558 ], [ 93.168749999999392, 27.302083333332895 ] ] } },
{ "type": "Feature", "properties": { }, "geometry": { "type": "LineString", "coordinates": [ [ 93.177083333332718, 27.310416666666249 ], [ 93.172916666666168, 27.306249999999558 ] ] } },
{ "type": "Feature", "properties": { }, "geometry": { "type": "LineString", "coordinates": [ [ 93.181249999999551, 27.306249999999558 ], [ 93.177083333332718, 27.310416666666249 ] ] } },
{ "type": "Feature", "properties": { }, "geometry": { "type": "LineString", "coordinates": [ [ 93.189583333332763, 27.314583333332912 ], [ 93.181249999999551, 27.306249999999558 ] ] } },
{ "type": "Feature", "properties": { }, "geometry": { "type": "LineString", "coordinates": [ [ 92.993749999999437, 27.310416666666249 ], [ 92.989583333332774, 27.314583333332912 ] ] } },
{ "type": "Feature", "properties": { }, "geometry": { "type": "LineString", "coordinates": [ [ 93.006249999999483, 27.314583333332912 ], [ 92.997916666666157, 27.314583333332912 ], [ 92.993749999999437, 27.310416666666249 ] ] } },
{ "type": "Feature", "properties": { }, "geometry": { "type": "LineString", "coordinates": [ [ 92.989583333332774, 27.314583333332912 ], [ 92.985416666666111, 27.314583333332912 ] ] } },
{ "type": "Feature", "properties": { }, "geometry": { "type": "LineString", "coordinates": [ [ 93.014583333332808, 27.318749999999575 ], [ 93.006249999999483, 27.314583333332912 ] ] } },
{ "type": "Feature", "properties": { }, "geometry": { "type": "LineString", "coordinates": [ [ 93.018749999999471, 27.318749999999575 ], [ 93.014583333332808, 27.318749999999575 ] ] } },
{ "type": "Feature", "properties": { }, "geometry": { "type": "LineString", "coordinates": [ [ 93.193749999999426, 27.327083333332887 ], [ 93.189583333332763, 27.314583333332912 ] ] } },
{ "type": "Feature", "properties": { }, "geometry": { "type": "LineString", "coordinates": [ [ 93.702083333332865, 27.222916666666215 ], [ 93.710416666666077, 27.231249999999584 ], [ 93.710416666666077, 27.235416666666232 ] ] } },
{ "type": "Feature", "properties": { }, "geometry": { "type": "LineString", "coordinates": [ [ 93.552083333332718, 27.231249999999584 ], [ 93.560416666666043, 27.231249999999584 ], [ 93.56458333333282, 27.227083333332878 ] ] } },
{ "type": "Feature", "properties": { }, "geometry": { "type": "LineString", "coordinates": [ [ 93.539583333332786, 27.231249999999584 ], [ 93.552083333332718, 27.231249999999584 ] ] } },
{ "type": "Feature", "properties": { }, "geometry": { "type": "LineString", "coordinates": [ [ 93.710416666666077, 27.235416666666232 ], [ 93.718749999999403, 27.235416666666232 ], [ 93.722916666666066, 27.239583333332895 ] ] } },
{ "type": "Feature", "properties": { }, "geometry": { "type": "LineString", "coordinates": [ [ 93.739583333332718, 27.239583333332895 ], [ 93.747916666666043, 27.239583333332895 ] ] } },
{ "type": "Feature", "properties": { }, "geometry": { "type": "LineString", "coordinates": [ [ 93.735416666666111, 27.243749999999601 ], [ 93.739583333332718, 27.239583333332895 ] ] } },
{ "type": "Feature", "properties": { }, "geometry": { "type": "LineString", "coordinates": [ [ 93.722916666666066, 27.239583333332895 ], [ 93.731249999999392, 27.239583333332895 ], [ 93.735416666666111, 27.243749999999601 ] ] } },
{ "type": "Feature", "properties": { }, "geometry": { "type": "LineString", "coordinates": [ [ 93.747916666666043, 27.402083333332904 ], [ 93.756249999999426, 27.397916666666255 ] ] } },
{ "type": "Feature", "properties": { }, "geometry": { "type": "LineString", "coordinates": [ [ 93.743749999999437, 27.406249999999567 ], [ 93.747916666666043, 27.402083333332904 ] ] } },
{ "type": "Feature", "properties": { }, "geometry": { "type": "LineString", "coordinates": [ [ 93.739583333332718, 27.406249999999567 ], [ 93.743749999999437, 27.406249999999567 ] ] } },
{ "type": "Feature", "properties": { }, "geometry": { "type": "LineString", "coordinates": [ [ 93.022916666666191, 27.322916666666238 ], [ 93.018749999999471, 27.318749999999575 ] ] } },
{ "type": "Feature", "properties": { }, "geometry": { "type": "LineString", "coordinates": [ [ 93.02708333333274, 27.33124999999955 ], [ 93.022916666666191, 27.322916666666238 ] ] } },
{ "type": "Feature", "properties": { }, "geometry": { "type": "LineString", "coordinates": [ [ 93.206249999999415, 27.335416666666255 ], [ 93.193749999999426, 27.327083333332887 ] ] } },
{ "type": "Feature", "properties": { }, "geometry": { "type": "LineString", "coordinates": [ [ 93.035416666666066, 27.343749999999567 ], [ 93.035416666666066, 27.339583333332904 ], [ 93.02708333333274, 27.33124999999955 ] ] } },
{ "type": "Feature", "properties": { }, "geometry": { "type": "LineString", "coordinates": [ [ 93.206249999999415, 27.339583333332904 ], [ 93.206249999999415, 27.335416666666255 ] ] } },
{ "type": "Feature", "properties": { }, "geometry": { "type": "LineString", "coordinates": [ [ 93.210416666666077, 27.343749999999567 ], [ 93.206249999999415, 27.339583333332904 ] ] } },
{ "type": "Feature", "properties": { }, "geometry": { "type": "LineString", "coordinates": [ [ 93.21874999999946, 27.347916666666229 ], [ 93.210416666666077, 27.343749999999567 ] ] } },
{ "type": "Feature", "properties": { }, "geometry": { "type": "LineString", "coordinates": [ [ 93.039583333332843, 27.352083333332878 ], [ 93.035416666666066, 27.343749999999567 ] ] } },
{ "type": "Feature", "properties": { }, "geometry": { "type": "LineString", "coordinates": [ [ 93.227083333332786, 27.356249999999541 ], [ 93.21874999999946, 27.347916666666229 ] ] } },
{ "type": "Feature", "properties": { }, "geometry": { "type": "LineString", "coordinates": [ [ 93.039583333332843, 27.360416666666246 ], [ 93.039583333332843, 27.352083333332878 ] ] } },
{ "type": "Feature", "properties": { }, "geometry": { "type": "LineString", "coordinates": [ [ 93.4979166666661, 27.247916666666249 ], [ 93.506249999999426, 27.239583333332895 ], [ 93.510416666666089, 27.243749999999601 ], [ 93.514583333332752, 27.239583333332895 ] ] } },
{ "type": "Feature", "properties": { }, "geometry": { "type": "LineString", "coordinates": [ [ 93.485416666666111, 27.239583333332895 ], [ 93.4979166666661, 27.247916666666249 ] ] } },
{ "type": "Feature", "properties": { }, "geometry": { "type": "LineString", "coordinates": [ [ 93.53124999999946, 27.493749999999558 ], [ 93.539583333332786, 27.493749999999558 ], [ 93.543749999999505, 27.489583333332909 ] ] } },
{ "type": "Feature", "properties": { }, "geometry": { "type": "LineString", "coordinates": [ [ 93.53124999999946, 27.502083333332926 ], [ 93.53124999999946, 27.493749999999558 ] ] } },
{ "type": "Feature", "properties": { }, "geometry": { "type": "LineString", "coordinates": [ [ 93.527083333332797, 27.510416666666238 ], [ 93.53124999999946, 27.502083333332926 ] ] } },
{ "type": "Feature", "properties": { }, "geometry": { "type": "LineString", "coordinates": [ [ 93.518749999999471, 27.518749999999564 ], [ 93.527083333332797, 27.510416666666238 ] ] } },
{ "type": "Feature", "properties": { }, "geometry": { "type": "LineString", "coordinates": [ [ 93.502083333332763, 27.518749999999564 ], [ 93.506249999999426, 27.514583333332901 ], [ 93.518749999999471, 27.518749999999564 ] ] } },
{ "type": "Feature", "properties": { }, "geometry": { "type": "LineString", "coordinates": [ [ 93.4979166666661, 27.522916666666212 ], [ 93.502083333332763, 27.518749999999564 ] ] } },
{ "type": "Feature", "properties": { }, "geometry": { "type": "LineString", "coordinates": [ [ 93.46458333333274, 27.527083333332875 ], [ 93.472916666666066, 27.527083333332875 ], [ 93.477083333332786, 27.522916666666212 ] ] } },
{ "type": "Feature", "properties": { }, "geometry": { "type": "LineString", "coordinates": [ [ 93.485416666666111, 27.527083333332875 ], [ 93.489583333332718, 27.522916666666212 ], [ 93.4979166666661, 27.522916666666212 ] ] } },
{ "type": "Feature", "properties": { }, "geometry": { "type": "LineString", "coordinates": [ [ 93.039583333332843, 27.364583333332895 ], [ 93.039583333332843, 27.360416666666246 ] ] } },
{ "type": "Feature", "properties": { }, "geometry": { "type": "LineString", "coordinates": [ [ 93.039583333332843, 27.368749999999558 ], [ 93.039583333332843, 27.364583333332895 ] ] } },
{ "type": "Feature", "properties": { }, "geometry": { "type": "LineString", "coordinates": [ [ 93.02708333333274, 27.381249999999575 ], [ 93.039583333332843, 27.368749999999558 ] ] } },
{ "type": "Feature", "properties": { }, "geometry": { "type": "LineString", "coordinates": [ [ 93.022916666666191, 27.385416666666238 ], [ 93.02708333333274, 27.381249999999575 ] ] } },
{ "type": "Feature", "properties": { }, "geometry": { "type": "LineString", "coordinates": [ [ 93.018749999999471, 27.389583333332887 ], [ 93.022916666666191, 27.385416666666238 ] ] } },
{ "type": "Feature", "properties": { }, "geometry": { "type": "LineString", "coordinates": [ [ 93.010416666666146, 27.414583333332892 ], [ 93.014583333332808, 27.410416666666229 ], [ 93.014583333332808, 27.397916666666255 ], [ 93.018749999999471, 27.389583333332887 ] ] } },
{ "type": "Feature", "properties": { }, "geometry": { "type": "LineString", "coordinates": [ [ 93.010416666666146, 27.427083333332909 ], [ 93.010416666666146, 27.414583333332892 ] ] } },
{ "type": "Feature", "properties": { }, "geometry": { "type": "LineString", "coordinates": [ [ 93.014583333332808, 27.435416666666221 ], [ 93.010416666666146, 27.427083333332909 ] ] } },
{ "type": "Feature", "properties": { }, "geometry": { "type": "LineString", "coordinates": [ [ 93.018749999999471, 27.439583333332926 ], [ 93.014583333332808, 27.435416666666221 ] ] } },
{ "type": "Feature", "properties": { }, "geometry": { "type": "LineString", "coordinates": [ [ 93.018749999999471, 27.45624999999955 ], [ 93.018749999999471, 27.439583333332926 ] ] } },
{ "type": "Feature", "properties": { }, "geometry": { "type": "LineString", "coordinates": [ [ 93.735416666666111, 27.414583333332892 ], [ 93.739583333332718, 27.406249999999567 ] ] } },
{ "type": "Feature", "properties": { }, "geometry": { "type": "LineString", "coordinates": [ [ 93.760416666666089, 27.427083333332909 ], [ 93.743749999999437, 27.410416666666229 ], [ 93.743749999999437, 27.406249999999567 ] ] } },
{ "type": "Feature", "properties": { }, "geometry": { "type": "LineString", "coordinates": [ [ 93.727083333332729, 27.427083333332909 ], [ 93.735416666666111, 27.418749999999541 ], [ 93.735416666666111, 27.414583333332892 ] ] } },
{ "type": "Feature", "properties": { }, "geometry": { "type": "LineString", "coordinates": [ [ 93.718749999999403, 27.435416666666221 ], [ 93.727083333332729, 27.427083333332909 ] ] } },
{ "type": "Feature", "properties": { }, "geometry": { "type": "LineString", "coordinates": [ [ 93.710416666666077, 27.435416666666221 ], [ 93.71458333333274, 27.439583333332926 ], [ 93.718749999999403, 27.435416666666221 ] ] } },
{ "type": "Feature", "properties": { }, "geometry": { "type": "LineString", "coordinates": [ [ 93.706249999999415, 27.439583333332926 ], [ 93.710416666666077, 27.435416666666221 ] ] } },
{ "type": "Feature", "properties": { }, "geometry": { "type": "LineString", "coordinates": [ [ 93.697916666666202, 27.443749999999575 ], [ 93.706249999999415, 27.439583333332926 ] ] } },
{ "type": "Feature", "properties": { }, "geometry": { "type": "LineString", "coordinates": [ [ 93.68958333333282, 27.443749999999575 ], [ 93.697916666666202, 27.443749999999575 ] ] } },
{ "type": "Feature", "properties": { }, "geometry": { "type": "LineString", "coordinates": [ [ 93.668749999999449, 27.460416666666212 ], [ 93.677083333332831, 27.460416666666212 ], [ 93.68958333333282, 27.443749999999575 ] ] } },
{ "type": "Feature", "properties": { }, "geometry": { "type": "LineString", "coordinates": [ [ 93.664583333332786, 27.464583333332918 ], [ 93.668749999999449, 27.460416666666212 ] ] } },
{ "type": "Feature", "properties": { }, "geometry": { "type": "LineString", "coordinates": [ [ 93.031249999999517, 27.481249999999541 ], [ 93.022916666666191, 27.472916666666229 ], [ 93.02708333333274, 27.464583333332918 ], [ 93.018749999999471, 27.45624999999955 ] ] } },
{ "type": "Feature", "properties": { }, "geometry": { "type": "LineString", "coordinates": [ [ 93.047916666666225, 27.472916666666229 ], [ 93.031249999999517, 27.481249999999541 ] ] } },
{ "type": "Feature", "properties": { }, "geometry": { "type": "LineString", "coordinates": [ [ 93.0604166666661, 27.493749999999558 ], [ 93.047916666666225, 27.472916666666229 ] ] } },
{ "type": "Feature", "properties": { }, "geometry": { "type": "LineString", "coordinates": [ [ 93.022916666666191, 27.489583333332909 ], [ 93.031249999999517, 27.481249999999541 ] ] } },
{ "type": "Feature", "properties": { }, "geometry": { "type": "LineString", "coordinates": [ [ 93.018749999999471, 27.493749999999558 ], [ 93.022916666666191, 27.489583333332909 ] ] } },
{ "type": "Feature", "properties": { }, "geometry": { "type": "LineString", "coordinates": [ [ 93.014583333332808, 27.497916666666221 ], [ 93.018749999999471, 27.493749999999558 ] ] } },
{ "type": "Feature", "properties": { }, "geometry": { "type": "LineString", "coordinates": [ [ 93.0604166666661, 27.506249999999575 ], [ 93.0604166666661, 27.493749999999558 ] ] } },
{ "type": "Feature", "properties": { }, "geometry": { "type": "LineString", "coordinates": [ [ 93.006249999999483, 27.510416666666238 ], [ 93.014583333332808, 27.497916666666221 ] ] } },
{ "type": "Feature", "properties": { }, "geometry": { "type": "LineString", "coordinates": [ [ 93.0604166666661, 27.510416666666238 ], [ 93.0604166666661, 27.506249999999575 ] ] } },
{ "type": "Feature", "properties": { }, "geometry": { "type": "LineString", "coordinates": [ [ 92.993749999999437, 27.518749999999564 ], [ 93.006249999999483, 27.510416666666238 ] ] } },
{ "type": "Feature", "properties": { }, "geometry": { "type": "LineString", "coordinates": [ [ 93.064583333332763, 27.518749999999564 ], [ 93.0604166666661, 27.510416666666238 ] ] } },
{ "type": "Feature", "properties": { }, "geometry": { "type": "LineString", "coordinates": [ [ 92.989583333332774, 27.522916666666212 ], [ 92.993749999999437, 27.518749999999564 ] ] } },
{ "type": "Feature", "properties": { }, "geometry": { "type": "LineString", "coordinates": [ [ 93.077083333332752, 27.522916666666212 ], [ 93.068749999999426, 27.522916666666212 ], [ 93.064583333332763, 27.518749999999564 ] ] } },
{ "type": "Feature", "properties": { }, "geometry": { "type": "LineString", "coordinates": [ [ 92.977083333332786, 27.527083333332875 ], [ 92.981249999999449, 27.522916666666212 ], [ 92.989583333332774, 27.522916666666212 ] ] } },
{ "type": "Feature", "properties": { }, "geometry": { "type": "LineString", "coordinates": [ [ 93.106249999999449, 27.535416666666229 ], [ 93.097916666666066, 27.531249999999581 ], [ 93.08958333333274, 27.531249999999581 ], [ 93.081249999999415, 27.522916666666212 ], [ 93.077083333332752, 27.522916666666212 ] ] } },
{ "type": "Feature", "properties": { }, "geometry": { "type": "LineString", "coordinates": [ [ 92.993749999999437, 27.568749999999589 ], [ 92.977083333332786, 27.560416666666221 ] ] } },
{ "type": "Feature", "properties": { }, "geometry": { "type": "LineString", "coordinates": [ [ 92.997916666666157, 27.572916666666238 ], [ 92.993749999999437, 27.568749999999589 ] ] } },
{ "type": "Feature", "properties": { }, "geometry": { "type": "LineString", "coordinates": [ [ 93.00208333333282, 27.577083333332901 ], [ 92.997916666666157, 27.572916666666238 ] ] } },
{ "type": "Feature", "properties": { }, "geometry": { "type": "LineString", "coordinates": [ [ 93.010416666666146, 27.585416666666212 ], [ 93.00208333333282, 27.577083333332901 ] ] } },
{ "type": "Feature", "properties": { }, "geometry": { "type": "LineString", "coordinates": [ [ 93.014583333332808, 27.589583333332918 ], [ 93.010416666666146, 27.585416666666212 ] ] } },
{ "type": "Feature", "properties": { }, "geometry": { "type": "LineString", "coordinates": [ [ 92.806249999999437, 27.297916666666232 ], [ 92.8104166666661, 27.297916666666232 ], [ 92.822916666666089, 27.285416666666215 ] ] } },
{ "type": "Feature", "properties": { }, "geometry": { "type": "LineString", "coordinates": [ [ 92.84374999999946, 27.297916666666232 ], [ 92.84374999999946, 27.289583333332878 ] ] } },
{ "type": "Feature", "properties": { }, "geometry": { "type": "LineString", "coordinates": [ [ 92.756249999999483, 27.293749999999584 ], [ 92.760416666666202, 27.297916666666232 ] ] } },
{ "type": "Feature", "properties": { }, "geometry": { "type": "LineString", "coordinates": [ [ 92.760416666666202, 27.297916666666232 ], [ 92.764583333332865, 27.302083333332895 ] ] } },
{ "type": "Feature", "properties": { }, "geometry": { "type": "LineString", "coordinates": [ [ 92.952083333332752, 27.302083333332895 ], [ 92.939583333332763, 27.302083333332895 ], [ 92.9354166666661, 27.297916666666232 ] ] } },
{ "type": "Feature", "properties": { }, "geometry": { "type": "LineString", "coordinates": [ [ 92.835416666666077, 27.306249999999558 ], [ 92.84374999999946, 27.297916666666232 ] ] } },
{ "type": "Feature", "properties": { }, "geometry": { "type": "LineString", "coordinates": [ [ 92.956249999999415, 27.302083333332895 ], [ 92.952083333332752, 27.302083333332895 ] ] } },
{ "type": "Feature", "properties": { }, "geometry": { "type": "LineString", "coordinates": [ [ 92.764583333332865, 27.302083333332895 ], [ 92.768749999999415, 27.306249999999558 ] ] } },
{ "type": "Feature", "properties": { }, "geometry": { "type": "LineString", "coordinates": [ [ 92.768749999999415, 27.306249999999558 ], [ 92.772916666666191, 27.306249999999558 ] ] } },
{ "type": "Feature", "properties": { }, "geometry": { "type": "LineString", "coordinates": [ [ 92.77708333333274, 27.314583333332912 ], [ 92.785416666666066, 27.314583333332912 ], [ 92.789583333332899, 27.310416666666249 ], [ 92.793749999999392, 27.314583333332912 ], [ 92.806249999999437, 27.297916666666232 ] ] } },
{ "type": "Feature", "properties": { }, "geometry": { "type": "LineString", "coordinates": [ [ 92.622916666666157, 27.302083333332895 ], [ 92.62708333333282, 27.297916666666232 ] ] } },
{ "type": "Feature", "properties": { }, "geometry": { "type": "LineString", "coordinates": [ [ 92.614583333332831, 27.306249999999558 ], [ 92.622916666666157, 27.302083333332895 ] ] } },
{ "type": "Feature", "properties": { }, "geometry": { "type": "LineString", "coordinates": [ [ 92.547916666666111, 27.306249999999558 ], [ 92.564583333332763, 27.306249999999558 ] ] } },
{ "type": "Feature", "properties": { }, "geometry": { "type": "LineString", "coordinates": [ [ 92.543749999999392, 27.306249999999558 ], [ 92.547916666666111, 27.306249999999558 ] ] } },
{ "type": "Feature", "properties": { }, "geometry": { "type": "LineString", "coordinates": [ [ 92.535416666666066, 27.306249999999558 ], [ 92.543749999999392, 27.306249999999558 ] ] } },
{ "type": "Feature", "properties": { }, "geometry": { "type": "LineString", "coordinates": [ [ 92.52708333333274, 27.310416666666249 ], [ 92.535416666666066, 27.306249999999558 ] ] } },
{ "type": "Feature", "properties": { }, "geometry": { "type": "LineString", "coordinates": [ [ 92.564583333332763, 27.306249999999558 ], [ 92.568749999999426, 27.310416666666249 ], [ 92.589583333332797, 27.310416666666249 ], [ 92.59374999999946, 27.314583333332912 ] ] } },
{ "type": "Feature", "properties": { }, "geometry": { "type": "LineString", "coordinates": [ [ 92.59374999999946, 27.314583333332912 ], [ 92.602083333332786, 27.306249999999558 ], [ 92.606249999999505, 27.310416666666249 ], [ 92.614583333332831, 27.306249999999558 ] ] } },
{ "type": "Feature", "properties": { }, "geometry": { "type": "LineString", "coordinates": [ [ 92.522916666666191, 27.33124999999955 ], [ 92.522916666666191, 27.318749999999575 ], [ 92.52708333333274, 27.310416666666249 ] ] } },
{ "type": "Feature", "properties": { }, "geometry": { "type": "LineString", "coordinates": [ [ 92.589583333332797, 27.327083333332887 ], [ 92.59374999999946, 27.322916666666238 ], [ 92.589583333332797, 27.318749999999575 ], [ 92.59374999999946, 27.314583333332912 ] ] } },
{ "type": "Feature", "properties": { }, "geometry": { "type": "LineString", "coordinates": [ [ 92.460416666666134, 27.322916666666238 ], [ 92.46874999999946, 27.322916666666238 ], [ 92.47291666666618, 27.318749999999575 ] ] } },
{ "type": "Feature", "properties": { }, "geometry": { "type": "LineString", "coordinates": [ [ 92.385416666666089, 27.318749999999575 ], [ 92.397916666666248, 27.318749999999575 ], [ 92.410416666666066, 27.327083333332887 ], [ 92.422916666666111, 27.327083333332887 ] ] } },
{ "type": "Feature", "properties": { }, "geometry": { "type": "LineString", "coordinates": [ [ 92.372916666666214, 27.33124999999955 ], [ 92.381249999999426, 27.322916666666238 ], [ 92.381249999999426, 27.318749999999575 ], [ 92.385416666666089, 27.318749999999575 ] ] } },
{ "type": "Feature", "properties": { }, "geometry": { "type": "LineString", "coordinates": [ [ 92.443749999999426, 27.33124999999955 ], [ 92.460416666666134, 27.322916666666238 ] ] } },
{ "type": "Feature", "properties": { }, "geometry": { "type": "LineString", "coordinates": [ [ 92.47291666666618, 27.318749999999575 ], [ 92.481249999999392, 27.327083333332887 ], [ 92.497916666666214, 27.335416666666255 ] ] } },
{ "type": "Feature", "properties": { }, "geometry": { "type": "LineString", "coordinates": [ [ 92.422916666666111, 27.327083333332887 ], [ 92.443749999999426, 27.33124999999955 ] ] } },
{ "type": "Feature", "properties": { }, "geometry": { "type": "LineString", "coordinates": [ [ 92.352083333332843, 27.33124999999955 ], [ 92.372916666666214, 27.33124999999955 ] ] } },
{ "type": "Feature", "properties": { }, "geometry": { "type": "LineString", "coordinates": [ [ 92.581249999999471, 27.339583333332904 ], [ 92.589583333332797, 27.33124999999955 ], [ 92.589583333332797, 27.327083333332887 ] ] } },
{ "type": "Feature", "properties": { }, "geometry": { "type": "LineString", "coordinates": [ [ 92.497916666666214, 27.335416666666255 ], [ 92.518749999999415, 27.335416666666255 ], [ 92.522916666666191, 27.33124999999955 ] ] } },
{ "type": "Feature", "properties": { }, "geometry": { "type": "LineString", "coordinates": [ [ 92.339583333332797, 27.339583333332904 ], [ 92.352083333332843, 27.33124999999955 ] ] } },
{ "type": "Feature", "properties": { }, "geometry": { "type": "LineString", "coordinates": [ [ 92.985416666666111, 27.314583333332912 ], [ 92.981249999999449, 27.310416666666249 ], [ 92.96458333333274, 27.310416666666249 ], [ 92.956249999999415, 27.302083333332895 ] ] } },
{ "type": "Feature", "properties": { }, "geometry": { "type": "LineString", "coordinates": [ [ 92.772916666666191, 27.306249999999558 ], [ 92.772916666666191, 27.310416666666249 ] ] } },
{ "type": "Feature", "properties": { }, "geometry": { "type": "LineString", "coordinates": [ [ 92.772916666666191, 27.310416666666249 ], [ 92.77708333333274, 27.314583333332912 ] ] } },
{ "type": "Feature", "properties": { }, "geometry": { "type": "LineString", "coordinates": [ [ 92.806249999999437, 27.33124999999955 ], [ 92.806249999999437, 27.327083333332887 ], [ 92.818749999999426, 27.314583333332912 ], [ 92.835416666666077, 27.306249999999558 ] ] } },
{ "type": "Feature", "properties": { }, "geometry": { "type": "LineString", "coordinates": [ [ 92.802083333332774, 27.352083333332878 ], [ 92.802083333332774, 27.339583333332904 ], [ 92.806249999999437, 27.33124999999955 ] ] } },
{ "type": "Feature", "properties": { }, "geometry": { "type": "LineString", "coordinates": [ [ 92.806249999999437, 27.356249999999541 ], [ 92.802083333332774, 27.352083333332878 ] ] } },
{ "type": "Feature", "properties": { }, "geometry": { "type": "LineString", "coordinates": [ [ 92.8104166666661, 27.356249999999541 ], [ 92.806249999999437, 27.356249999999541 ] ] } },
{ "type": "Feature", "properties": { }, "geometry": { "type": "LineString", "coordinates": [ [ 92.814583333332763, 27.364583333332895 ], [ 92.8104166666661, 27.356249999999541 ] ] } },
{ "type": "Feature", "properties": { }, "geometry": { "type": "LineString", "coordinates": [ [ 92.814583333332763, 27.368749999999558 ], [ 92.814583333332763, 27.364583333332895 ] ] } },
{ "type": "Feature", "properties": { }, "geometry": { "type": "LineString", "coordinates": [ [ 92.822916666666089, 27.385416666666238 ], [ 92.814583333332763, 27.368749999999558 ] ] } },
{ "type": "Feature", "properties": { }, "geometry": { "type": "LineString", "coordinates": [ [ 92.327083333332808, 27.335416666666255 ], [ 92.335416666666134, 27.335416666666255 ], [ 92.339583333332797, 27.339583333332904 ] ] } },
{ "type": "Feature", "properties": { }, "geometry": { "type": "LineString", "coordinates": [ [ 92.306249999999437, 27.343749999999567 ], [ 92.3104166666661, 27.339583333332904 ], [ 92.322916666666146, 27.339583333332904 ], [ 92.327083333332808, 27.335416666666255 ] ] } },
{ "type": "Feature", "properties": { }, "geometry": { "type": "LineString", "coordinates": [ [ 92.28124999999946, 27.339583333332904 ], [ 92.297916666666111, 27.339583333332904 ], [ 92.306249999999437, 27.343749999999567 ] ] } },
{ "type": "Feature", "properties": { }, "geometry": { "type": "LineString", "coordinates": [ [ 92.581249999999471, 27.347916666666229 ], [ 92.581249999999471, 27.339583333332904 ] ] } },
{ "type": "Feature", "properties": { }, "geometry": { "type": "LineString", "coordinates": [ [ 92.268749999999415, 27.347916666666229 ], [ 92.28124999999946, 27.339583333332904 ] ] } },
{ "type": "Feature", "properties": { }, "geometry": { "type": "LineString", "coordinates": [ [ 92.572916666666089, 27.352083333332878 ], [ 92.581249999999471, 27.347916666666229 ] ] } },
{ "type": "Feature", "properties": { }, "geometry": { "type": "LineString", "coordinates": [ [ 92.243749999999551, 27.360416666666246 ], [ 92.252083333332763, 27.352083333332878 ], [ 92.260416666666089, 27.352083333332878 ], [ 92.268749999999415, 27.347916666666229 ] ] } },
{ "type": "Feature", "properties": { }, "geometry": { "type": "LineString", "coordinates": [ [ 92.547916666666111, 27.368749999999558 ], [ 92.568749999999426, 27.352083333332878 ], [ 92.572916666666089, 27.352083333332878 ] ] } },
{ "type": "Feature", "properties": { }, "geometry": { "type": "LineString", "coordinates": [ [ 92.239583333332888, 27.364583333332895 ], [ 92.243749999999551, 27.360416666666246 ] ] } },
{ "type": "Feature", "properties": { }, "geometry": { "type": "LineString", "coordinates": [ [ 92.53124999999946, 27.372916666666221 ], [ 92.539583333332786, 27.372916666666221 ], [ 92.547916666666111, 27.368749999999558 ] ] } },
{ "type": "Feature", "properties": { }, "geometry": { "type": "LineString", "coordinates": [ [ 92.206249999999471, 27.389583333332887 ], [ 92.214583333332854, 27.389583333332887 ], [ 92.231249999999505, 27.381249999999575 ] ] } },
{ "type": "Feature", "properties": { }, "geometry": { "type": "LineString", "coordinates": [ [ 92.202083333332808, 27.39374999999955 ], [ 92.206249999999471, 27.389583333332887 ] ] } },
{ "type": "Feature", "properties": { }, "geometry": { "type": "LineString", "coordinates": [ [ 92.15624999999946, 27.39374999999955 ], [ 92.164583333332786, 27.39374999999955 ] ] } },
{ "type": "Feature", "properties": { }, "geometry": { "type": "LineString", "coordinates": [ [ 92.168749999999449, 27.397916666666255 ], [ 92.177083333332774, 27.397916666666255 ], [ 92.193749999999483, 27.389583333332887 ], [ 92.202083333332808, 27.39374999999955 ] ] } },
{ "type": "Feature", "properties": { }, "geometry": { "type": "LineString", "coordinates": [ [ 92.147916666666134, 27.397916666666255 ], [ 92.15624999999946, 27.39374999999955 ] ] } },
{ "type": "Feature", "properties": { }, "geometry": { "type": "LineString", "coordinates": [ [ 92.164583333332786, 27.39374999999955 ], [ 92.168749999999449, 27.397916666666255 ] ] } },
{ "type": "Feature", "properties": { }, "geometry": { "type": "LineString", "coordinates": [ [ 92.135416666666089, 27.402083333332904 ], [ 92.143749999999415, 27.402083333332904 ], [ 92.147916666666134, 27.397916666666255 ] ] } },
{ "type": "Feature", "properties": { }, "geometry": { "type": "LineString", "coordinates": [ [ 92.131249999999426, 27.406249999999567 ], [ 92.135416666666089, 27.402083333332904 ] ] } },
{ "type": "Feature", "properties": { }, "geometry": { "type": "MultiLineString", "coordinates": [ [ [ 91.677083333332831, 27.493749999999558 ], [ 91.672292380247242, 27.493125713580636 ] ], [ [ 91.666066575222416, 27.489583333332909 ], [ 91.660416666666123, 27.485416666666246 ], [ 91.651616710870385, 27.484950044203838 ] ] ] } },
{ "type": "Feature", "properties": { }, "geometry": { "type": "MultiLineString", "coordinates": [ [ [ 91.685228990021116, 27.497728990021177 ], [ 91.68234990191236, 27.494849901912428 ] ], [ [ 91.678054878137502, 27.493749999999558 ], [ 91.677083333332831, 27.493749999999558 ] ] ] } },
{ "type": "Feature", "properties": { }, "geometry": { "type": "LineString", "coordinates": [ [ 91.672916666666168, 27.522916666666212 ], [ 91.672916666666168, 27.510416666666238 ], [ 91.685328359521762, 27.498004973810623 ] ] } },
{ "type": "Feature", "properties": { }, "geometry": { "type": "LineString", "coordinates": [ [ 91.760416666666089, 27.527083333332875 ], [ 91.756249999999426, 27.522916666666212 ], [ 91.752083333332763, 27.527083333332875 ], [ 91.727083333332786, 27.502083333332926 ], [ 91.718749999999574, 27.497916666666221 ], [ 91.706249999999415, 27.497916666666221 ], [ 91.697916666666089, 27.506249999999575 ], [ 91.692956820492086, 27.505456820492125 ] ] } },
{ "type": "Feature", "properties": { }, "geometry": { "type": "LineString", "coordinates": [ [ 91.785416666666123, 27.522916666666212 ], [ 91.777083333332797, 27.522916666666212 ] ] } },
{ "type": "Feature", "properties": { }, "geometry": { "type": "LineString", "coordinates": [ [ 91.777083333332797, 27.522916666666212 ], [ 91.772916666666134, 27.527083333332875 ], [ 91.760416666666089, 27.527083333332875 ] ] } },
{ "type": "Feature", "properties": { }, "geometry": { "type": "LineString", "coordinates": [ [ 92.939583333332763, 27.514583333332901 ], [ 92.956249999999415, 27.514583333332901 ] ] } },
{ "type": "Feature", "properties": { }, "geometry": { "type": "LineString", "coordinates": [ [ 92.9354166666661, 27.518749999999564 ], [ 92.939583333332763, 27.514583333332901 ] ] } },
{ "type": "Feature", "properties": { }, "geometry": { "type": "LineString", "coordinates": [ [ 92.814583333332763, 27.514583333332901 ], [ 92.822916666666089, 27.514583333332901 ], [ 92.827083333332752, 27.518749999999564 ] ] } },
{ "type": "Feature", "properties": { }, "geometry": { "type": "LineString", "coordinates": [ [ 92.956249999999415, 27.514583333332901 ], [ 92.960416666666077, 27.514583333332901 ], [ 92.977083333332786, 27.527083333332875 ] ] } },
{ "type": "Feature", "properties": { }, "geometry": { "type": "LineString", "coordinates": [ [ 92.827083333332752, 27.518749999999564 ], [ 92.835416666666077, 27.522916666666212 ] ] } },
{ "type": "Feature", "properties": { }, "geometry": { "type": "LineString", "coordinates": [ [ 92.918749999999392, 27.535416666666229 ], [ 92.9354166666661, 27.518749999999564 ] ] } },
{ "type": "Feature", "properties": { }, "geometry": { "type": "LineString", "coordinates": [ [ 92.835416666666077, 27.522916666666212 ], [ 92.852083333332786, 27.531249999999581 ] ] } },
{ "type": "Feature", "properties": { }, "geometry": { "type": "LineString", "coordinates": [ [ 92.802083333332774, 27.543749999999555 ], [ 92.806249999999437, 27.531249999999581 ], [ 92.814583333332763, 27.522916666666212 ], [ 92.814583333332763, 27.514583333332901 ] ] } },
{ "type": "Feature", "properties": { }, "geometry": { "type": "LineString", "coordinates": [ [ 92.981249999999449, 27.535416666666229 ], [ 92.977083333332786, 27.527083333332875 ] ] } },
{ "type": "Feature", "properties": { }, "geometry": { "type": "LineString", "coordinates": [ [ 92.852083333332786, 27.531249999999581 ], [ 92.860416666666111, 27.531249999999581 ] ] } },
{ "type": "Feature", "properties": { }, "geometry": { "type": "LineString", "coordinates": [ [ 91.689583333332877, 27.543749999999555 ], [ 91.672916666666168, 27.531249999999581 ], [ 91.672916666666168, 27.522916666666212 ] ] } },
{ "type": "Feature", "properties": { }, "geometry": { "type": "LineString", "coordinates": [ [ 91.822916666666202, 27.547916666666204 ], [ 91.81458333333282, 27.539583333332892 ], [ 91.806249999999494, 27.539583333332892 ], [ 91.797916666666168, 27.531249999999581 ], [ 91.793749999999449, 27.531249999999581 ], [ 91.785416666666123, 27.522916666666212 ] ] } },
{ "type": "Feature", "properties": { }, "geometry": { "type": "LineString", "coordinates": [ [ 91.8729166666661, 27.547916666666204 ], [ 91.868749999999437, 27.547916666666204 ] ] } },
{ "type": "Feature", "properties": { }, "geometry": { "type": "LineString", "coordinates": [ [ 91.868749999999437, 27.547916666666204 ], [ 91.843749999999517, 27.547916666666204 ] ] } },
{ "type": "Feature", "properties": { }, "geometry": { "type": "LineString", "coordinates": [ [ 91.843749999999517, 27.547916666666204 ], [ 91.822916666666202, 27.547916666666204 ] ] } },
{ "type": "Feature", "properties": { }, "geometry": { "type": "LineString", "coordinates": [ [ 91.893749999999415, 27.552083333332867 ], [ 91.885416666666089, 27.547916666666204 ], [ 91.8729166666661, 27.547916666666204 ] ] } },
{ "type": "Feature", "properties": { }, "geometry": { "type": "LineString", "coordinates": [ [ 91.902083333332797, 27.552083333332867 ], [ 91.897916666666134, 27.556249999999572 ], [ 91.893749999999415, 27.552083333332867 ] ] } },
{ "type": "Feature", "properties": { }, "geometry": { "type": "LineString", "coordinates": [ [ 91.935416666666157, 27.560416666666221 ], [ 91.927083333332831, 27.556249999999572 ], [ 91.90624999999946, 27.556249999999572 ], [ 91.902083333332797, 27.552083333332867 ] ] } },
{ "type": "Feature", "properties": { }, "geometry": { "type": "LineString", "coordinates": [ [ 91.681249999999494, 27.568749999999589 ], [ 91.681249999999494, 27.560416666666221 ], [ 91.689583333332877, 27.543749999999555 ] ] } },
{ "type": "Feature", "properties": { }, "geometry": { "type": "LineString", "coordinates": [ [ 91.960416666666191, 27.577083333332901 ], [ 91.952083333332865, 27.577083333332901 ], [ 91.935416666666157, 27.560416666666221 ] ] } },
{ "type": "Feature", "properties": { }, "geometry": { "type": "LineString", "coordinates": [ [ 93.802083333332774, 27.343749999999567 ], [ 93.81458333333282, 27.343749999999567 ] ] } },
{ "type": "Feature", "properties": { }, "geometry": { "type": "LineString", "coordinates": [ [ 93.818749999999483, 27.343749999999567 ], [ 93.822916666666146, 27.343749999999567 ] ] } },
{ "type": "Feature", "properties": { }, "geometry": { "type": "LineString", "coordinates": [ [ 93.81458333333282, 27.343749999999567 ], [ 93.818749999999483, 27.343749999999567 ] ] } },
{ "type": "Feature", "properties": { }, "geometry": { "type": "LineString", "coordinates": [ [ 93.822916666666146, 27.343749999999567 ], [ 93.827083333332808, 27.347916666666229 ] ] } },
{ "type": "Feature", "properties": { }, "geometry": { "type": "LineString", "coordinates": [ [ 93.827083333332808, 27.347916666666229 ], [ 93.835416666666077, 27.347916666666229 ] ] } },
{ "type": "Feature", "properties": { }, "geometry": { "type": "LineString", "coordinates": [ [ 93.785416666666123, 27.356249999999541 ], [ 93.802083333332774, 27.343749999999567 ] ] } },
{ "type": "Feature", "properties": { }, "geometry": { "type": "LineString", "coordinates": [ [ 93.835416666666077, 27.347916666666229 ], [ 93.843749999999403, 27.352083333332878 ] ] } },
{ "type": "Feature", "properties": { }, "geometry": { "type": "LineString", "coordinates": [ [ 93.78124999999946, 27.356249999999541 ], [ 93.785416666666123, 27.356249999999541 ] ] } },
{ "type": "Feature", "properties": { }, "geometry": { "type": "LineString", "coordinates": [ [ 93.843749999999403, 27.352083333332878 ], [ 93.847916666666066, 27.360416666666246 ] ] } },
{ "type": "Feature", "properties": { }, "geometry": { "type": "LineString", "coordinates": [ [ 93.931249999999437, 27.360416666666246 ], [ 93.943749999999369, 27.356249999999541 ] ] } },
{ "type": "Feature", "properties": { }, "geometry": { "type": "LineString", "coordinates": [ [ 93.931249999999437, 27.364583333332895 ], [ 93.931249999999437, 27.360416666666246 ] ] } },
{ "type": "Feature", "properties": { }, "geometry": { "type": "LineString", "coordinates": [ [ 93.764583333332752, 27.372916666666221 ], [ 93.78124999999946, 27.356249999999541 ] ] } },
{ "type": "Feature", "properties": { }, "geometry": { "type": "LineString", "coordinates": [ [ 93.927083333332774, 27.368749999999558 ], [ 93.931249999999437, 27.364583333332895 ] ] } },
{ "type": "Feature", "properties": { }, "geometry": { "type": "LineString", "coordinates": [ [ 93.847916666666066, 27.360416666666246 ], [ 93.852083333332729, 27.360416666666246 ], [ 93.860416666666225, 27.368749999999558 ], [ 93.860416666666225, 27.372916666666221 ] ] } },
{ "type": "Feature", "properties": { }, "geometry": { "type": "LineString", "coordinates": [ [ 93.922916666666111, 27.372916666666221 ], [ 93.927083333332774, 27.368749999999558 ] ] } },
{ "type": "Feature", "properties": { }, "geometry": { "type": "LineString", "coordinates": [ [ 93.860416666666225, 27.372916666666221 ], [ 93.868749999999437, 27.372916666666221 ] ] } },
{ "type": "Feature", "properties": { }, "geometry": { "type": "LineString", "coordinates": [ [ 93.868749999999437, 27.372916666666221 ], [ 93.872916666666043, 27.372916666666221 ] ] } },
{ "type": "Feature", "properties": { }, "geometry": { "type": "LineString", "coordinates": [ [ 93.872916666666043, 27.372916666666221 ], [ 93.877083333332763, 27.377083333332912 ], [ 93.885416666666089, 27.377083333332912 ] ] } },
{ "type": "Feature", "properties": { }, "geometry": { "type": "LineString", "coordinates": [ [ 93.910416666666123, 27.381249999999575 ], [ 93.922916666666111, 27.372916666666221 ] ] } },
{ "type": "Feature", "properties": { }, "geometry": { "type": "LineString", "coordinates": [ [ 93.885416666666089, 27.377083333332912 ], [ 93.889583333332752, 27.381249999999575 ] ] } },
{ "type": "Feature", "properties": { }, "geometry": { "type": "MultiLineString", "coordinates": [ [ [ 94.252083333332763, 27.560416666666221 ], [ 94.256353570629045, 27.556146429369925 ] ], [ [ 94.256483175304879, 27.543983175305058 ], [ 94.258032634726263, 27.53780069860602 ] ] ] } },
{ "type": "Feature", "properties": { }, "geometry": { "type": "LineString", "coordinates": [ [ 94.122916666666043, 27.552083333332867 ], [ 94.135416666666089, 27.564583333332884 ] ] } },
{ "type": "Feature", "properties": { }, "geometry": { "type": "LineString", "coordinates": [ [ 94.248871257277031, 27.563628742721914 ], [ 94.252083333332763, 27.560416666666221 ] ] } },
{ "type": "Feature", "properties": { }, "geometry": { "type": "LineString", "coordinates": [ [ 94.135416666666089, 27.564583333332884 ], [ 94.143749999999415, 27.572916666666238 ] ] } },
{ "type": "Feature", "properties": { }, "geometry": { "type": "LineString", "coordinates": [ [ 93.985416666666225, 27.335416666666255 ], [ 93.981249999999392, 27.327083333332887 ], [ 93.988261028598927, 27.322916666666238 ] ] } },
{ "type": "Feature", "properties": { }, "geometry": { "type": "LineString", "coordinates": [ [ 93.985416666666225, 27.347916666666229 ], [ 93.989583333332718, 27.339583333332904 ], [ 93.985416666666225, 27.335416666666255 ] ] } },
{ "type": "Feature", "properties": { }, "geometry": { "type": "LineString", "coordinates": [ [ 93.972916666666066, 27.347916666666229 ], [ 93.985416666666225, 27.347916666666229 ] ] } },
{ "type": "Feature", "properties": { }, "geometry": { "type": "LineString", "coordinates": [ [ 93.943749999999369, 27.356249999999541 ], [ 93.952083333332808, 27.352083333332878 ], [ 93.960416666666191, 27.352083333332878 ], [ 93.964583333332854, 27.347916666666229 ], [ 93.972916666666066, 27.347916666666229 ] ] } },
{ "type": "Feature", "properties": { }, "geometry": { "type": "LineString", "coordinates": [ [ 93.952083333332808, 27.718749999999538 ], [ 93.956249999999471, 27.722916666666244 ] ] } },
{ "type": "Feature", "properties": { }, "geometry": { "type": "LineString", "coordinates": [ [ 93.947916666666146, 27.722916666666244 ], [ 93.952083333332808, 27.718749999999538 ] ] } },
{ "type": "Feature", "properties": { }, "geometry": { "type": "LineString", "coordinates": [ [ 93.956249999999471, 27.722916666666244 ], [ 93.972916666666066, 27.731249999999555 ] ] } },
{ "type": "Feature", "properties": { }, "geometry": { "type": "LineString", "coordinates": [ [ 93.985416666666225, 27.731249999999555 ], [ 93.989583333332718, 27.731249999999555 ] ] } },
{ "type": "Feature", "properties": { }, "geometry": { "type": "LineString", "coordinates": [ [ 93.756249999999426, 27.389583333332887 ], [ 93.764583333332752, 27.372916666666221 ] ] } },
{ "type": "Feature", "properties": { }, "geometry": { "type": "LineString", "coordinates": [ [ 93.889583333332752, 27.381249999999575 ], [ 93.90208333333274, 27.385416666666238 ] ] } },
{ "type": "Feature", "properties": { }, "geometry": { "type": "LineString", "coordinates": [ [ 93.90208333333274, 27.385416666666238 ], [ 93.910416666666123, 27.381249999999575 ] ] } },
{ "type": "Feature", "properties": { }, "geometry": { "type": "LineString", "coordinates": [ [ 93.760416666666089, 27.39374999999955 ], [ 93.756249999999426, 27.389583333332887 ] ] } },
{ "type": "Feature", "properties": { }, "geometry": { "type": "LineString", "coordinates": [ [ 93.756249999999426, 27.397916666666255 ], [ 93.760416666666089, 27.39374999999955 ] ] } },
{ "type": "Feature", "properties": { }, "geometry": { "type": "LineString", "coordinates": [ [ 93.847916666666066, 27.681249999999572 ], [ 93.856249999999392, 27.681249999999572 ] ] } },
{ "type": "Feature", "properties": { }, "geometry": { "type": "LineString", "coordinates": [ [ 93.843749999999403, 27.685416666666235 ], [ 93.847916666666066, 27.681249999999572 ] ] } },
{ "type": "Feature", "properties": { }, "geometry": { "type": "LineString", "coordinates": [ [ 93.856249999999392, 27.681249999999572 ], [ 93.860416666666225, 27.685416666666235 ], [ 93.868749999999437, 27.685416666666235 ] ] } },
{ "type": "Feature", "properties": { }, "geometry": { "type": "LineString", "coordinates": [ [ 93.868749999999437, 27.685416666666235 ], [ 93.872916666666043, 27.689583333332884 ] ] } },
{ "type": "Feature", "properties": { }, "geometry": { "type": "LineString", "coordinates": [ [ 93.872916666666043, 27.689583333332884 ], [ 93.877083333332763, 27.689583333332884 ] ] } },
{ "type": "Feature", "properties": { }, "geometry": { "type": "LineString", "coordinates": [ [ 94.231249999999392, 27.572916666666238 ], [ 94.235416666666055, 27.568749999999589 ], [ 94.242570030892836, 27.568749999999589 ] ] } },
{ "type": "Feature", "properties": { }, "geometry": { "type": "LineString", "coordinates": [ [ 94.143749999999415, 27.572916666666238 ], [ 94.15208333333274, 27.581249999999564 ] ] } },
{ "type": "Feature", "properties": { }, "geometry": { "type": "MultiLineString", "coordinates": [ [ [ 94.22291666666618, 27.585409598693161 ], [ 94.226014174785803, 27.578152491879901 ] ], [ [ 94.230989354323128, 27.573177312342501 ], [ 94.231249999999392, 27.572916666666238 ] ] ] } },
{ "type": "Feature", "properties": { }, "geometry": { "type": "LineString", "coordinates": [ [ 94.15208333333274, 27.581249999999564 ], [ 94.160416666666066, 27.589583333332918 ] ] } },
{ "type": "Feature", "properties": { }, "geometry": { "type": "LineString", "coordinates": [ [ 94.21874999999946, 27.589583333332918 ], [ 94.222906540855291, 27.585426792477097 ] ] } },
{ "type": "Feature", "properties": { }, "geometry": { "type": "LineString", "coordinates": [ [ 94.21874999999946, 27.593749999999581 ], [ 94.21874999999946, 27.589583333332918 ] ] } },
{ "type": "Feature", "properties": { }, "geometry": { "type": "LineString", "coordinates": [ [ 94.160416666666066, 27.589583333332918 ], [ 94.164583333332729, 27.589583333332918 ], [ 94.172916666666111, 27.597916666666229 ] ] } },
{ "type": "Feature", "properties": { }, "geometry": { "type": "LineString", "coordinates": [ [ 94.172916666666111, 27.597916666666229 ], [ 94.177083333332774, 27.597916666666229 ] ] } },
{ "type": "Feature", "properties": { }, "geometry": { "type": "LineString", "coordinates": [ [ 94.177083333332774, 27.597916666666229 ], [ 94.1854166666661, 27.602083333332892 ] ] } },
{ "type": "Feature", "properties": { }, "geometry": { "type": "LineString", "coordinates": [ [ 94.210416666666134, 27.606249999999555 ], [ 94.21874999999946, 27.597916666666229 ], [ 94.21874999999946, 27.593749999999581 ] ] } },
{ "type": "Feature", "properties": { }, "geometry": { "type": "LineString", "coordinates": [ [ 94.1854166666661, 27.602083333332892 ], [ 94.189583333332763, 27.602083333332892 ] ] } },
{ "type": "Feature", "properties": { }, "geometry": { "type": "LineString", "coordinates": [ [ 94.189583333332763, 27.602083333332892 ], [ 94.197916666666146, 27.606249999999555 ], [ 94.210416666666134, 27.606249999999555 ] ] } },
{ "type": "Feature", "properties": { }, "geometry": { "type": "LineString", "coordinates": [ [ 94.21874999999946, 27.622916666666235 ], [ 94.210416666666134, 27.606249999999555 ] ] } },
{ "type": "Feature", "properties": { }, "geometry": { "type": "LineString", "coordinates": [ [ 94.227083333332729, 27.635416666666252 ], [ 94.227083333332729, 27.631249999999547 ], [ 94.21874999999946, 27.622916666666235 ] ] } },
{ "type": "Feature", "properties": { }, "geometry": { "type": "LineString", "coordinates": [ [ 94.239583333332718, 27.643749999999564 ], [ 94.227083333332729, 27.635416666666252 ] ] } },
{ "type": "Feature", "properties": { }, "geometry": { "type": "LineString", "coordinates": [ [ 94.256249999999369, 27.656249999999538 ], [ 94.252083333332763, 27.656249999999538 ], [ 94.239583333332718, 27.643749999999564 ] ] } },
{ "type": "Feature", "properties": { }, "geometry": { "type": "LineString", "coordinates": [ [ 94.260416666666089, 27.660416666666244 ], [ 94.256249999999369, 27.656249999999538 ] ] } },
{ "type": "Feature", "properties": { }, "geometry": { "type": "LineString", "coordinates": [ [ 94.118749999999551, 27.756249999999547 ], [ 94.131249999999369, 27.76041666666621 ] ] } },
{ "type": "Feature", "properties": { }, "geometry": { "type": "LineString", "coordinates": [ [ 94.131249999999369, 27.76041666666621 ], [ 94.135416666666089, 27.764583333332915 ] ] } },
{ "type": "Feature", "properties": { }, "geometry": { "type": "LineString", "coordinates": [ [ 94.135416666666089, 27.764583333332915 ], [ 94.143749999999415, 27.772916666666227 ] ] } },
{ "type": "Feature", "properties": { }, "geometry": { "type": "LineString", "coordinates": [ [ 93.877083333332763, 27.689583333332884 ], [ 93.881249999999426, 27.689583333332884 ] ] } },
{ "type": "Feature", "properties": { }, "geometry": { "type": "LineString", "coordinates": [ [ 93.881249999999426, 27.689583333332884 ], [ 93.885416666666089, 27.693749999999547 ], [ 93.893749999999415, 27.689583333332884 ] ] } },
{ "type": "Feature", "properties": { }, "geometry": { "type": "LineString", "coordinates": [ [ 93.893749999999415, 27.689583333332884 ], [ 93.906249999999403, 27.702083333332901 ] ] } },
{ "type": "Feature", "properties": { }, "geometry": { "type": "LineString", "coordinates": [ [ 93.906249999999403, 27.702083333332901 ], [ 93.910416666666123, 27.706249999999564 ] ] } },
{ "type": "Feature", "properties": { }, "geometry": { "type": "LineString", "coordinates": [ [ 93.910416666666123, 27.706249999999564 ], [ 93.914583333332786, 27.702083333332901 ], [ 93.922916666666111, 27.706249999999564 ], [ 93.922916666666111, 27.714583333332889 ], [ 93.931249999999437, 27.718749999999538 ] ] } },
{ "type": "Feature", "properties": { }, "geometry": { "type": "LineString", "coordinates": [ [ 93.931249999999437, 27.718749999999538 ], [ 93.935416666666157, 27.714583333332889 ], [ 93.947916666666146, 27.722916666666244 ] ] } },
{ "type": "Feature", "properties": { }, "geometry": { "type": "LineString", "coordinates": [ [ 93.756249999999426, 27.764583333332915 ], [ 93.768749999999415, 27.768749999999564 ] ] } },
{ "type": "Feature", "properties": { }, "geometry": { "type": "LineString", "coordinates": [ [ 93.768749999999415, 27.768749999999564 ], [ 93.777083333332797, 27.768749999999564 ], [ 93.78124999999946, 27.772916666666227 ] ] } },
{ "type": "Feature", "properties": { }, "geometry": { "type": "LineString", "coordinates": [ [ 93.789583333332786, 27.772916666666227 ], [ 93.793749999999449, 27.772916666666227 ] ] } },
{ "type": "Feature", "properties": { }, "geometry": { "type": "LineString", "coordinates": [ [ 93.78124999999946, 27.772916666666227 ], [ 93.789583333332786, 27.772916666666227 ] ] } },
{ "type": "Feature", "properties": { }, "geometry": { "type": "LineString", "coordinates": [ [ 93.972916666666066, 27.731249999999555 ], [ 93.985416666666225, 27.731249999999555 ] ] } },
{ "type": "Feature", "properties": { }, "geometry": { "type": "LineString", "coordinates": [ [ 93.989583333332718, 27.731249999999555 ], [ 93.997916666666043, 27.739583333332881 ] ] } },
{ "type": "Feature", "properties": { }, "geometry": { "type": "LineString", "coordinates": [ [ 93.997916666666043, 27.739583333332881 ], [ 94.002083333332763, 27.74374999999953 ] ] } },
{ "type": "Feature", "properties": { }, "geometry": { "type": "LineString", "coordinates": [ [ 94.002083333332763, 27.74374999999953 ], [ 94.006249999999369, 27.752083333332898 ], [ 94.006249999999369, 27.76041666666621 ] ] } },
{ "type": "Feature", "properties": { }, "geometry": { "type": "LineString", "coordinates": [ [ 94.043749999999449, 27.752083333332898 ], [ 94.052083333332774, 27.752083333332898 ] ] } },
{ "type": "Feature", "properties": { }, "geometry": { "type": "LineString", "coordinates": [ [ 94.052083333332774, 27.752083333332898 ], [ 94.056249999999437, 27.752083333332898 ] ] } },
{ "type": "Feature", "properties": { }, "geometry": { "type": "LineString", "coordinates": [ [ 94.056249999999437, 27.752083333332898 ], [ 94.068749999999483, 27.752083333332898 ] ] } },
{ "type": "Feature", "properties": { }, "geometry": { "type": "LineString", "coordinates": [ [ 94.068749999999483, 27.752083333332898 ], [ 94.072916666666146, 27.752083333332898 ] ] } },
{ "type": "Feature", "properties": { }, "geometry": { "type": "LineString", "coordinates": [ [ 94.072916666666146, 27.752083333332898 ], [ 94.089583333332854, 27.752083333332898 ] ] } },
{ "type": "Feature", "properties": { }, "geometry": { "type": "LineString", "coordinates": [ [ 94.089583333332854, 27.752083333332898 ], [ 94.093749999999517, 27.752083333332898 ] ] } },
{ "type": "Feature", "properties": { }, "geometry": { "type": "LineString", "coordinates": [ [ 94.093749999999517, 27.752083333332898 ], [ 94.097916666666066, 27.752083333332898 ] ] } },
{ "type": "Feature", "properties": { }, "geometry": { "type": "LineString", "coordinates": [ [ 94.106249999999392, 27.752083333332898 ], [ 94.110416666666055, 27.752083333332898 ] ] } },
{ "type": "Feature", "properties": { }, "geometry": { "type": "LineString", "coordinates": [ [ 94.035416666666066, 27.752083333332898 ], [ 94.039583333332786, 27.752083333332898 ] ] } },
{ "type": "Feature", "properties": { }, "geometry": { "type": "LineString", "coordinates": [ [ 94.039583333332786, 27.752083333332898 ], [ 94.043749999999449, 27.752083333332898 ] ] } },
{ "type": "Feature", "properties": { }, "geometry": { "type": "LineString", "coordinates": [ [ 94.097916666666066, 27.752083333332898 ], [ 94.106249999999392, 27.752083333332898 ] ] } },
{ "type": "Feature", "properties": { }, "geometry": { "type": "LineString", "coordinates": [ [ 94.110416666666055, 27.752083333332898 ], [ 94.118749999999551, 27.756249999999547 ] ] } },
{ "type": "Feature", "properties": { }, "geometry": { "type": "LineString", "coordinates": [ [ 94.018749999999415, 27.756249999999547 ], [ 94.022916666666077, 27.752083333332898 ], [ 94.035416666666066, 27.752083333332898 ] ] } },
{ "type": "Feature", "properties": { }, "geometry": { "type": "LineString", "coordinates": [ [ 94.010416666666089, 27.76041666666621 ], [ 94.018749999999415, 27.756249999999547 ] ] } },
{ "type": "Feature", "properties": { }, "geometry": { "type": "LineString", "coordinates": [ [ 94.006249999999369, 27.76041666666621 ], [ 94.010416666666089, 27.76041666666621 ] ] } },
{ "type": "Feature", "properties": { }, "geometry": { "type": "LineString", "coordinates": [ [ 93.993749999999437, 27.764583333332915 ], [ 94.006249999999369, 27.76041666666621 ] ] } },
{ "type": "Feature", "properties": { }, "geometry": { "type": "LineString", "coordinates": [ [ 93.6229166666661, 27.464583333332918 ], [ 93.631249999999426, 27.464583333332918 ], [ 93.635416666666089, 27.460416666666212 ], [ 93.643749999999415, 27.472916666666229 ] ] } },
{ "type": "Feature", "properties": { }, "geometry": { "type": "LineString", "coordinates": [ [ 93.614583333332718, 27.468749999999567 ], [ 93.6229166666661, 27.464583333332918 ] ] } },
{ "type": "Feature", "properties": { }, "geometry": { "type": "LineString", "coordinates": [ [ 93.610416666666111, 27.468749999999567 ], [ 93.614583333332718, 27.468749999999567 ] ] } },
{ "type": "Feature", "properties": { }, "geometry": { "type": "LineString", "coordinates": [ [ 93.572916666666202, 27.472916666666229 ], [ 93.577083333332752, 27.472916666666229 ], [ 93.585416666666077, 27.464583333332918 ], [ 93.602083333332729, 27.464583333332918 ], [ 93.610416666666111, 27.468749999999567 ] ] } },
{ "type": "Feature", "properties": { }, "geometry": { "type": "LineString", "coordinates": [ [ 93.660416666666123, 27.477083333332892 ], [ 93.664583333332786, 27.464583333332918 ] ] } },
{ "type": "Feature", "properties": { }, "geometry": { "type": "LineString", "coordinates": [ [ 93.643749999999415, 27.472916666666229 ], [ 93.647916666666134, 27.477083333332892 ], [ 93.660416666666123, 27.477083333332892 ] ] } },
{ "type": "Feature", "properties": { }, "geometry": { "type": "LineString", "coordinates": [ [ 93.560416666666043, 27.485416666666246 ], [ 93.572916666666202, 27.472916666666229 ] ] } },
{ "type": "Feature", "properties": { }, "geometry": { "type": "LineString", "coordinates": [ [ 93.552083333332718, 27.485416666666246 ], [ 93.560416666666043, 27.485416666666246 ] ] } },
{ "type": "Feature", "properties": { }, "geometry": { "type": "LineString", "coordinates": [ [ 93.543749999999505, 27.489583333332909 ], [ 93.552083333332718, 27.485416666666246 ] ] } },
{ "type": "Feature", "properties": { }, "geometry": { "type": "LineString", "coordinates": [ [ 93.6229166666661, 27.672916666666218 ], [ 93.618749999999437, 27.677083333332909 ], [ 93.6229166666661, 27.685416666666235 ] ] } },
{ "type": "Feature", "properties": { }, "geometry": { "type": "LineString", "coordinates": [ [ 93.02708333333274, 27.597916666666229 ], [ 93.022916666666191, 27.597916666666229 ], [ 93.014583333332808, 27.589583333332918 ] ] } },
{ "type": "Feature", "properties": { }, "geometry": { "type": "LineString", "coordinates": [ [ 93.035416666666066, 27.614583333332867 ], [ 93.02708333333274, 27.597916666666229 ] ] } },
{ "type": "Feature", "properties": { }, "geometry": { "type": "LineString", "coordinates": [ [ 93.035416666666066, 27.627083333332884 ], [ 93.035416666666066, 27.614583333332867 ] ] } },
{ "type": "Feature", "properties": { }, "geometry": { "type": "LineString", "coordinates": [ [ 93.043749999999392, 27.639583333332901 ], [ 93.035416666666066, 27.627083333332884 ] ] } },
{ "type": "Feature", "properties": { }, "geometry": { "type": "LineString", "coordinates": [ [ 93.039583333332843, 27.647916666666227 ], [ 93.043749999999392, 27.639583333332901 ] ] } },
{ "type": "Feature", "properties": { }, "geometry": { "type": "LineString", "coordinates": [ [ 93.068749999999426, 27.647916666666227 ], [ 93.056249999999437, 27.652083333332875 ], [ 93.043749999999392, 27.639583333332901 ] ] } },
{ "type": "Feature", "properties": { }, "geometry": { "type": "LineString", "coordinates": [ [ 93.077083333332752, 27.647916666666227 ], [ 93.068749999999426, 27.647916666666227 ] ] } },
{ "type": "Feature", "properties": { }, "geometry": { "type": "LineString", "coordinates": [ [ 93.039583333332843, 27.652083333332875 ], [ 93.039583333332843, 27.647916666666227 ] ] } },
{ "type": "Feature", "properties": { }, "geometry": { "type": "LineString", "coordinates": [ [ 93.085416666666077, 27.656249999999538 ], [ 93.077083333332752, 27.647916666666227 ] ] } },
{ "type": "Feature", "properties": { }, "geometry": { "type": "LineString", "coordinates": [ [ 93.035416666666066, 27.656249999999538 ], [ 93.039583333332843, 27.652083333332875 ] ] } },
{ "type": "Feature", "properties": { }, "geometry": { "type": "LineString", "coordinates": [ [ 93.477083333332786, 27.522916666666212 ], [ 93.485416666666111, 27.527083333332875 ] ] } },
{ "type": "Feature", "properties": { }, "geometry": { "type": "LineString", "coordinates": [ [ 93.452083333332752, 27.527083333332875 ], [ 93.46458333333274, 27.527083333332875 ] ] } },
{ "type": "Feature", "properties": { }, "geometry": { "type": "LineString", "coordinates": [ [ 93.447916666666089, 27.531249999999581 ], [ 93.452083333332752, 27.527083333332875 ] ] } },
{ "type": "Feature", "properties": { }, "geometry": { "type": "LineString", "coordinates": [ [ 93.443749999999426, 27.535416666666229 ], [ 93.447916666666089, 27.531249999999581 ] ] } },
{ "type": "Feature", "properties": { }, "geometry": { "type": "LineString", "coordinates": [ [ 93.427083333332718, 27.556249999999572 ], [ 93.427083333332718, 27.547916666666204 ], [ 93.431249999999494, 27.539583333332892 ], [ 93.439583333332877, 27.539583333332892 ], [ 93.443749999999426, 27.535416666666229 ] ] } },
{ "type": "Feature", "properties": { }, "geometry": { "type": "LineString", "coordinates": [ [ 93.422916666666168, 27.572916666666238 ], [ 93.427083333332718, 27.568749999999589 ], [ 93.427083333332718, 27.556249999999572 ] ] } },
{ "type": "Feature", "properties": { }, "geometry": { "type": "LineString", "coordinates": [ [ 93.418749999999392, 27.577083333332901 ], [ 93.422916666666168, 27.572916666666238 ] ] } },
{ "type": "Feature", "properties": { }, "geometry": { "type": "LineString", "coordinates": [ [ 93.414583333332843, 27.581249999999564 ], [ 93.418749999999392, 27.577083333332901 ] ] } },
{ "type": "Feature", "properties": { }, "geometry": { "type": "LineString", "coordinates": [ [ 93.322916666666089, 27.731249999999555 ], [ 93.335416666666077, 27.727083333332907 ] ] } },
{ "type": "Feature", "properties": { }, "geometry": { "type": "LineString", "coordinates": [ [ 93.335416666666077, 27.727083333332907 ], [ 93.33958333333274, 27.731249999999555 ] ] } },
{ "type": "Feature", "properties": { }, "geometry": { "type": "LineString", "coordinates": [ [ 93.085416666666077, 27.664583333332892 ], [ 93.081249999999415, 27.660416666666244 ], [ 93.085416666666077, 27.656249999999538 ] ] } },
{ "type": "Feature", "properties": { }, "geometry": { "type": "LineString", "coordinates": [ [ 93.02708333333274, 27.677083333332909 ], [ 93.031249999999517, 27.668749999999555 ], [ 93.031249999999517, 27.660416666666244 ], [ 93.035416666666066, 27.656249999999538 ] ] } },
{ "type": "Feature", "properties": { }, "geometry": { "type": "LineString", "coordinates": [ [ 93.09374999999946, 27.672916666666218 ], [ 93.085416666666077, 27.664583333332892 ] ] } },
{ "type": "Feature", "properties": { }, "geometry": { "type": "LineString", "coordinates": [ [ 93.097916666666066, 27.677083333332909 ], [ 93.09374999999946, 27.672916666666218 ] ] } },
{ "type": "Feature", "properties": { }, "geometry": { "type": "LineString", "coordinates": [ [ 93.102083333332786, 27.681249999999572 ], [ 93.097916666666066, 27.677083333332909 ] ] } },
{ "type": "Feature", "properties": { }, "geometry": { "type": "LineString", "coordinates": [ [ 93.02708333333274, 27.693749999999547 ], [ 93.031249999999517, 27.689583333332884 ], [ 93.02708333333274, 27.677083333332909 ] ] } },
{ "type": "Feature", "properties": { }, "geometry": { "type": "LineString", "coordinates": [ [ 93.114583333332774, 27.689583333332884 ], [ 93.102083333332786, 27.681249999999572 ] ] } },
{ "type": "Feature", "properties": { }, "geometry": { "type": "LineString", "coordinates": [ [ 93.118749999999437, 27.693749999999547 ], [ 93.114583333332774, 27.689583333332884 ] ] } },
{ "type": "Feature", "properties": { }, "geometry": { "type": "LineString", "coordinates": [ [ 93.022916666666191, 27.706249999999564 ], [ 93.02708333333274, 27.702083333332901 ], [ 93.02708333333274, 27.693749999999547 ] ] } },
{ "type": "Feature", "properties": { }, "geometry": { "type": "LineString", "coordinates": [ [ 93.139583333332808, 27.710416666666227 ], [ 93.118749999999437, 27.693749999999547 ] ] } },
{ "type": "Feature", "properties": { }, "geometry": { "type": "LineString", "coordinates": [ [ 93.6229166666661, 27.685416666666235 ], [ 93.627083333332763, 27.693749999999547 ] ] } },
{ "type": "Feature", "properties": { }, "geometry": { "type": "LineString", "coordinates": [ [ 93.627083333332763, 27.693749999999547 ], [ 93.631249999999426, 27.697916666666252 ] ] } },
{ "type": "Feature", "properties": { }, "geometry": { "type": "LineString", "coordinates": [ [ 93.631249999999426, 27.697916666666252 ], [ 93.635416666666089, 27.702083333332901 ] ] } },
{ "type": "Feature", "properties": { }, "geometry": { "type": "LineString", "coordinates": [ [ 93.635416666666089, 27.702083333332901 ], [ 93.635416666666089, 27.706249999999564 ] ] } },
{ "type": "Feature", "properties": { }, "geometry": { "type": "LineString", "coordinates": [ [ 93.635416666666089, 27.706249999999564 ], [ 93.647916666666134, 27.718749999999538 ] ] } },
{ "type": "Feature", "properties": { }, "geometry": { "type": "LineString", "coordinates": [ [ 93.647916666666134, 27.718749999999538 ], [ 93.647916666666134, 27.722916666666244 ] ] } },
{ "type": "Feature", "properties": { }, "geometry": { "type": "LineString", "coordinates": [ [ 93.647916666666134, 27.722916666666244 ], [ 93.668749999999449, 27.739583333332881 ] ] } },
{ "type": "Feature", "properties": { }, "geometry": { "type": "LineString", "coordinates": [ [ 93.668749999999449, 27.739583333332881 ], [ 93.660416666666123, 27.747916666666235 ] ] } },
{ "type": "Feature", "properties": { }, "geometry": { "type": "LineString", "coordinates": [ [ 93.643749999999415, 27.747916666666235 ], [ 93.660416666666123, 27.747916666666235 ] ] } },
{ "type": "Feature", "properties": { }, "geometry": { "type": "LineString", "coordinates": [ [ 93.627083333332763, 27.752083333332898 ], [ 93.635416666666089, 27.747916666666235 ], [ 93.643749999999415, 27.747916666666235 ] ] } },
{ "type": "Feature", "properties": { }, "geometry": { "type": "LineString", "coordinates": [ [ 93.33958333333274, 27.731249999999555 ], [ 93.347916666666066, 27.731249999999555 ] ] } },
{ "type": "Feature", "properties": { }, "geometry": { "type": "LineString", "coordinates": [ [ 93.347916666666066, 27.731249999999555 ], [ 93.360416666666111, 27.739583333332881 ] ] } },
{ "type": "Feature", "properties": { }, "geometry": { "type": "LineString", "coordinates": [ [ 93.360416666666111, 27.739583333332881 ], [ 93.364583333332774, 27.74374999999953 ], [ 93.3729166666661, 27.739583333332881 ] ] } },
{ "type": "Feature", "properties": { }, "geometry": { "type": "LineString", "coordinates": [ [ 93.3729166666661, 27.739583333332881 ], [ 93.377083333332763, 27.74374999999953 ] ] } },
{ "type": "Feature", "properties": { }, "geometry": { "type": "LineString", "coordinates": [ [ 93.377083333332763, 27.74374999999953 ], [ 93.385416666666146, 27.747916666666235 ] ] } },
{ "type": "Feature", "properties": { }, "geometry": { "type": "LineString", "coordinates": [ [ 93.385416666666146, 27.747916666666235 ], [ 93.389583333332808, 27.747916666666235 ] ] } },
{ "type": "Feature", "properties": { }, "geometry": { "type": "LineString", "coordinates": [ [ 93.389583333332808, 27.747916666666235 ], [ 93.393749999999471, 27.752083333332898 ], [ 93.410416666666123, 27.752083333332898 ], [ 93.414583333332843, 27.747916666666235 ] ] } },
{ "type": "Feature", "properties": { }, "geometry": { "type": "LineString", "coordinates": [ [ 93.414583333332843, 27.747916666666235 ], [ 93.422916666666168, 27.756249999999547 ] ] } },
{ "type": "Feature", "properties": { }, "geometry": { "type": "LineString", "coordinates": [ [ 93.439583333332877, 27.752083333332898 ], [ 93.443749999999426, 27.752083333332898 ] ] } },
{ "type": "Feature", "properties": { }, "geometry": { "type": "LineString", "coordinates": [ [ 93.431249999999494, 27.752083333332898 ], [ 93.439583333332877, 27.752083333332898 ] ] } },
{ "type": "Feature", "properties": { }, "geometry": { "type": "LineString", "coordinates": [ [ 93.660416666666123, 27.747916666666235 ], [ 93.664583333332786, 27.752083333332898 ] ] } },
{ "type": "Feature", "properties": { }, "geometry": { "type": "LineString", "coordinates": [ [ 93.664583333332786, 27.752083333332898 ], [ 93.681249999999494, 27.752083333332898 ] ] } },
{ "type": "Feature", "properties": { }, "geometry": { "type": "LineString", "coordinates": [ [ 93.6229166666661, 27.756249999999547 ], [ 93.627083333332763, 27.752083333332898 ] ] } },
{ "type": "Feature", "properties": { }, "geometry": { "type": "LineString", "coordinates": [ [ 93.681249999999494, 27.752083333332898 ], [ 93.685416666666043, 27.756249999999547 ] ] } },
{ "type": "Feature", "properties": { }, "geometry": { "type": "LineString", "coordinates": [ [ 93.718749999999403, 27.756249999999547 ], [ 93.722916666666066, 27.756249999999547 ] ] } },
{ "type": "Feature", "properties": { }, "geometry": { "type": "LineString", "coordinates": [ [ 93.685416666666043, 27.756249999999547 ], [ 93.68958333333282, 27.756249999999547 ] ] } },
{ "type": "Feature", "properties": { }, "geometry": { "type": "LineString", "coordinates": [ [ 93.702083333332865, 27.756249999999547 ], [ 93.718749999999403, 27.756249999999547 ] ] } },
{ "type": "Feature", "properties": { }, "geometry": { "type": "LineString", "coordinates": [ [ 93.68958333333282, 27.756249999999547 ], [ 93.702083333332865, 27.756249999999547 ] ] } },
{ "type": "Feature", "properties": { }, "geometry": { "type": "LineString", "coordinates": [ [ 93.722916666666066, 27.756249999999547 ], [ 93.739583333332718, 27.768749999999564 ] ] } },
{ "type": "Feature", "properties": { }, "geometry": { "type": "LineString", "coordinates": [ [ 93.610416666666111, 27.772916666666227 ], [ 93.610416666666111, 27.768749999999564 ], [ 93.6229166666661, 27.756249999999547 ] ] } },
{ "type": "Feature", "properties": { }, "geometry": { "type": "LineString", "coordinates": [ [ 93.427083333332718, 27.756249999999547 ], [ 93.431249999999494, 27.752083333332898 ] ] } },
{ "type": "Feature", "properties": { }, "geometry": { "type": "LineString", "coordinates": [ [ 93.422916666666168, 27.756249999999547 ], [ 93.427083333332718, 27.756249999999547 ] ] } },
{ "type": "Feature", "properties": { }, "geometry": { "type": "LineString", "coordinates": [ [ 93.443749999999426, 27.752083333332898 ], [ 93.456249999999415, 27.756249999999547 ], [ 93.46458333333274, 27.764583333332915 ] ] } },
{ "type": "Feature", "properties": { }, "geometry": { "type": "LineString", "coordinates": [ [ 93.46458333333274, 27.764583333332915 ], [ 93.472916666666066, 27.768749999999564 ] ] } },
{ "type": "Feature", "properties": { }, "geometry": { "type": "LineString", "coordinates": [ [ 93.472916666666066, 27.768749999999564 ], [ 93.477083333332786, 27.768749999999564 ] ] } },
{ "type": "Feature", "properties": { }, "geometry": { "type": "LineString", "coordinates": [ [ 93.485416666666111, 27.768749999999564 ], [ 93.506249999999426, 27.768749999999564 ] ] } },
{ "type": "Feature", "properties": { }, "geometry": { "type": "LineString", "coordinates": [ [ 93.477083333332786, 27.768749999999564 ], [ 93.485416666666111, 27.768749999999564 ] ] } },
{ "type": "Feature", "properties": { }, "geometry": { "type": "LineString", "coordinates": [ [ 93.506249999999426, 27.768749999999564 ], [ 93.518749999999471, 27.785416666666244 ] ] } },
{ "type": "Feature", "properties": { }, "geometry": { "type": "LineString", "coordinates": [ [ 93.518749999999471, 27.785416666666244 ], [ 93.527083333332797, 27.789583333332907 ] ] } },
{ "type": "Feature", "properties": { }, "geometry": { "type": "LineString", "coordinates": [ [ 93.527083333332797, 27.789583333332907 ], [ 93.53124999999946, 27.793749999999555 ] ] } },
{ "type": "Feature", "properties": { }, "geometry": { "type": "LineString", "coordinates": [ [ 93.752083333332763, 27.764583333332915 ], [ 93.756249999999426, 27.764583333332915 ] ] } },
{ "type": "Feature", "properties": { }, "geometry": { "type": "LineString", "coordinates": [ [ 93.739583333332718, 27.768749999999564 ], [ 93.747916666666043, 27.768749999999564 ], [ 93.752083333332763, 27.764583333332915 ] ] } },
{ "type": "Feature", "properties": { }, "geometry": { "type": "LineString", "coordinates": [ [ 93.610416666666111, 27.777083333332889 ], [ 93.610416666666111, 27.772916666666227 ] ] } },
{ "type": "Feature", "properties": { }, "geometry": { "type": "LineString", "coordinates": [ [ 93.602083333332729, 27.797916666666218 ], [ 93.606249999999392, 27.793749999999555 ], [ 93.606249999999392, 27.781249999999581 ], [ 93.610416666666111, 27.777083333332889 ] ] } },
{ "type": "Feature", "properties": { }, "geometry": { "type": "LineString", "coordinates": [ [ 93.543749999999505, 27.793749999999555 ], [ 93.552083333332718, 27.802083333332881 ] ] } },
{ "type": "Feature", "properties": { }, "geometry": { "type": "LineString", "coordinates": [ [ 93.593749999999403, 27.806249999999572 ], [ 93.602083333332729, 27.797916666666218 ] ] } },
{ "type": "Feature", "properties": { }, "geometry": { "type": "LineString", "coordinates": [ [ 93.552083333332718, 27.802083333332881 ], [ 93.556249999999494, 27.806249999999572 ] ] } },
{ "type": "Feature", "properties": { }, "geometry": { "type": "LineString", "coordinates": [ [ 93.556249999999494, 27.806249999999572 ], [ 93.56874999999954, 27.806249999999572 ] ] } },
{ "type": "Feature", "properties": { }, "geometry": { "type": "LineString", "coordinates": [ [ 93.585416666666077, 27.806249999999572 ], [ 93.593749999999403, 27.806249999999572 ] ] } },
{ "type": "Feature", "properties": { }, "geometry": { "type": "LineString", "coordinates": [ [ 93.56874999999954, 27.806249999999572 ], [ 93.585416666666077, 27.806249999999572 ] ] } },
{ "type": "Feature", "properties": { }, "geometry": { "type": "LineString", "coordinates": [ [ 93.018749999999471, 27.714583333332889 ], [ 93.022916666666191, 27.706249999999564 ] ] } },
{ "type": "Feature", "properties": { }, "geometry": { "type": "LineString", "coordinates": [ [ 93.143749999999471, 27.727083333332907 ], [ 93.139583333332808, 27.718749999999538 ], [ 93.139583333332808, 27.710416666666227 ] ] } },
{ "type": "Feature", "properties": { }, "geometry": { "type": "LineString", "coordinates": [ [ 93.00208333333282, 27.731249999999555 ], [ 93.010416666666146, 27.718749999999538 ], [ 93.018749999999471, 27.714583333332889 ] ] } },
{ "type": "Feature", "properties": { }, "geometry": { "type": "LineString", "coordinates": [ [ 93.310416666666214, 27.735416666666218 ], [ 93.314583333332763, 27.731249999999555 ], [ 93.322916666666089, 27.731249999999555 ] ] } },
{ "type": "Feature", "properties": { }, "geometry": { "type": "LineString", "coordinates": [ [ 92.989583333332774, 27.735416666666218 ], [ 92.997916666666157, 27.735416666666218 ], [ 93.00208333333282, 27.731249999999555 ] ] } },
{ "type": "Feature", "properties": { }, "geometry": { "type": "LineString", "coordinates": [ [ 93.302083333332718, 27.914583333332864 ], [ 93.318749999999426, 27.906249999999552 ] ] } },
{ "type": "Feature", "properties": { }, "geometry": { "type": "LineString", "coordinates": [ [ 93.289583333332843, 27.927083333332881 ], [ 93.297916666666168, 27.922916666666232 ], [ 93.302083333332718, 27.914583333332864 ] ] } },
{ "type": "Feature", "properties": { }, "geometry": { "type": "LineString", "coordinates": [ [ 93.28541666666618, 27.931249999999544 ], [ 93.289583333332843, 27.927083333332881 ] ] } },
{ "type": "Feature", "properties": { }, "geometry": { "type": "LineString", "coordinates": [ [ 93.281249999999517, 27.935416666666207 ], [ 93.28541666666618, 27.931249999999544 ] ] } },
{ "type": "Feature", "properties": { }, "geometry": { "type": "LineString", "coordinates": [ [ 93.277083333332797, 27.939583333332898 ], [ 93.281249999999517, 27.935416666666207 ] ] } },
{ "type": "Feature", "properties": { }, "geometry": { "type": "LineString", "coordinates": [ [ 92.860416666666111, 27.531249999999581 ], [ 92.868749999999494, 27.531249999999581 ], [ 92.872916666666157, 27.535416666666229 ], [ 92.885416666666146, 27.535416666666229 ] ] } },
{ "type": "Feature", "properties": { }, "geometry": { "type": "LineString", "coordinates": [ [ 92.885416666666146, 27.535416666666229 ], [ 92.889583333332865, 27.535416666666229 ] ] } },
{ "type": "Feature", "properties": { }, "geometry": { "type": "LineString", "coordinates": [ [ 92.906249999999517, 27.539583333332892 ], [ 92.910416666666066, 27.535416666666229 ], [ 92.918749999999392, 27.535416666666229 ] ] } },
{ "type": "Feature", "properties": { }, "geometry": { "type": "LineString", "coordinates": [ [ 92.889583333332865, 27.535416666666229 ], [ 92.897916666666191, 27.535416666666229 ], [ 92.906249999999517, 27.539583333332892 ] ] } },
{ "type": "Feature", "properties": { }, "geometry": { "type": "LineString", "coordinates": [ [ 92.802083333332774, 27.547916666666204 ], [ 92.802083333332774, 27.543749999999555 ] ] } },
{ "type": "Feature", "properties": { }, "geometry": { "type": "LineString", "coordinates": [ [ 92.977083333332786, 27.560416666666221 ], [ 92.972916666666123, 27.556249999999572 ], [ 92.981249999999449, 27.543749999999555 ], [ 92.981249999999449, 27.535416666666229 ] ] } },
{ "type": "Feature", "properties": { }, "geometry": { "type": "LineString", "coordinates": [ [ 92.802083333332774, 27.552083333332867 ], [ 92.802083333332774, 27.547916666666204 ] ] } },
{ "type": "Feature", "properties": { }, "geometry": { "type": "LineString", "coordinates": [ [ 92.789583333332899, 27.577083333332901 ], [ 92.802083333332774, 27.552083333332867 ] ] } },
{ "type": "Feature", "properties": { }, "geometry": { "type": "LineString", "coordinates": [ [ 92.77708333333274, 27.593749999999581 ], [ 92.77708333333274, 27.589583333332918 ], [ 92.789583333332899, 27.581249999999564 ], [ 92.789583333332899, 27.577083333332901 ] ] } },
{ "type": "Feature", "properties": { }, "geometry": { "type": "LineString", "coordinates": [ [ 92.764583333332865, 27.593749999999581 ], [ 92.768749999999415, 27.597916666666229 ], [ 92.77708333333274, 27.593749999999581 ] ] } },
{ "type": "Feature", "properties": { }, "geometry": { "type": "LineString", "coordinates": [ [ 91.681249999999494, 27.585416666666212 ], [ 91.681249999999494, 27.568749999999589 ] ] } },
{ "type": "Feature", "properties": { }, "geometry": { "type": "LineString", "coordinates": [ [ 91.97291666666618, 27.585416666666212 ], [ 91.960416666666191, 27.577083333332901 ] ] } },
{ "type": "Feature", "properties": { }, "geometry": { "type": "LineString", "coordinates": [ [ 91.981249999999562, 27.589583333332918 ], [ 91.97291666666618, 27.585416666666212 ] ] } },
{ "type": "Feature", "properties": { }, "geometry": { "type": "LineString", "coordinates": [ [ 91.706249999999415, 27.614583333332867 ], [ 91.689583333332877, 27.602083333332892 ], [ 91.689583333332877, 27.593749999999581 ], [ 91.681249999999494, 27.585416666666212 ] ] } },
{ "type": "Feature", "properties": { }, "geometry": { "type": "LineString", "coordinates": [ [ 92.010416666666089, 27.618749999999572 ], [ 92.006249999999426, 27.618749999999572 ], [ 91.989583333332774, 27.606249999999555 ], [ 91.989583333332774, 27.597916666666229 ], [ 91.981249999999562, 27.589583333332918 ] ] } },
{ "type": "Feature", "properties": { }, "geometry": { "type": "LineString", "coordinates": [ [ 92.014583333332808, 27.622916666666235 ], [ 92.010416666666089, 27.618749999999572 ] ] } },
{ "type": "Feature", "properties": { }, "geometry": { "type": "LineString", "coordinates": [ [ 91.722916666666123, 27.631249999999547 ], [ 91.706249999999415, 27.614583333332867 ] ] } },
{ "type": "Feature", "properties": { }, "geometry": { "type": "LineString", "coordinates": [ [ 92.052083333332774, 27.631249999999547 ], [ 92.035416666666123, 27.631249999999547 ], [ 92.03124999999946, 27.627083333332884 ], [ 92.022916666666134, 27.627083333332884 ], [ 92.014583333332808, 27.622916666666235 ] ] } },
{ "type": "Feature", "properties": { }, "geometry": { "type": "LineString", "coordinates": [ [ 92.006249999999426, 27.643749999999564 ], [ 92.010416666666089, 27.639583333332901 ], [ 92.010416666666089, 27.631249999999547 ], [ 92.014583333332808, 27.622916666666235 ] ] } },
{ "type": "Feature", "properties": { }, "geometry": { "type": "LineString", "coordinates": [ [ 92.077083333332808, 27.643749999999564 ], [ 92.052083333332774, 27.631249999999547 ] ] } },
{ "type": "Feature", "properties": { }, "geometry": { "type": "LineString", "coordinates": [ [ 91.727083333332786, 27.652083333332875 ], [ 91.722916666666123, 27.647916666666227 ], [ 91.722916666666123, 27.631249999999547 ] ] } },
{ "type": "Feature", "properties": { }, "geometry": { "type": "LineString", "coordinates": [ [ 92.085416666666191, 27.652083333332875 ], [ 92.077083333332808, 27.643749999999564 ] ] } },
{ "type": "Feature", "properties": { }, "geometry": { "type": "LineString", "coordinates": [ [ 92.014583333332808, 27.660416666666244 ], [ 92.006249999999426, 27.643749999999564 ] ] } },
{ "type": "Feature", "properties": { }, "geometry": { "type": "LineString", "coordinates": [ [ 92.102083333332843, 27.652083333332875 ], [ 92.093749999999517, 27.656249999999538 ] ] } },
{ "type": "Feature", "properties": { }, "geometry": { "type": "LineString", "coordinates": [ [ 92.093749999999517, 27.656249999999538 ], [ 92.085416666666191, 27.652083333332875 ] ] } },
{ "type": "Feature", "properties": { }, "geometry": { "type": "LineString", "coordinates": [ [ 92.1229166666661, 27.660416666666244 ], [ 92.118749999999437, 27.656249999999538 ], [ 92.106249999999505, 27.656249999999538 ], [ 92.102083333332843, 27.652083333332875 ] ] } },
{ "type": "Feature", "properties": { }, "geometry": { "type": "LineString", "coordinates": [ [ 91.706249999999415, 27.677083333332909 ], [ 91.706249999999415, 27.668749999999555 ], [ 91.71458333333274, 27.668749999999555 ], [ 91.727083333332786, 27.652083333332875 ] ] } },
{ "type": "Feature", "properties": { }, "geometry": { "type": "LineString", "coordinates": [ [ 92.160416666666123, 27.672916666666218 ], [ 92.15208333333274, 27.668749999999555 ], [ 92.143749999999415, 27.668749999999555 ], [ 92.135416666666089, 27.660416666666244 ], [ 92.1229166666661, 27.660416666666244 ] ] } },
{ "type": "Feature", "properties": { }, "geometry": { "type": "LineString", "coordinates": [ [ 92.193749999999483, 27.677083333332909 ], [ 92.1854166666661, 27.672916666666218 ], [ 92.160416666666123, 27.672916666666218 ] ] } },
{ "type": "Feature", "properties": { }, "geometry": { "type": "LineString", "coordinates": [ [ 92.035416666666123, 27.693749999999547 ], [ 92.03124999999946, 27.689583333332884 ], [ 92.03124999999946, 27.681249999999572 ], [ 92.014583333332808, 27.660416666666244 ] ] } },
{ "type": "Feature", "properties": { }, "geometry": { "type": "LineString", "coordinates": [ [ 92.756249999999483, 27.602083333332892 ], [ 92.764583333332865, 27.593749999999581 ] ] } },
{ "type": "Feature", "properties": { }, "geometry": { "type": "LineString", "coordinates": [ [ 92.75208333333282, 27.610416666666218 ], [ 92.756249999999483, 27.602083333332892 ] ] } },
{ "type": "Feature", "properties": { }, "geometry": { "type": "LineString", "coordinates": [ [ 92.747916666666157, 27.618749999999572 ], [ 92.75208333333282, 27.610416666666218 ] ] } },
{ "type": "Feature", "properties": { }, "geometry": { "type": "LineString", "coordinates": [ [ 92.71874999999946, 27.643749999999564 ], [ 92.747916666666157, 27.618749999999572 ] ] } },
{ "type": "Feature", "properties": { }, "geometry": { "type": "LineString", "coordinates": [ [ 92.710416666666134, 27.656249999999538 ], [ 92.71874999999946, 27.643749999999564 ] ] } },
{ "type": "Feature", "properties": { }, "geometry": { "type": "LineString", "coordinates": [ [ 92.714583333332797, 27.677083333332909 ], [ 92.710416666666134, 27.672916666666218 ], [ 92.710416666666134, 27.656249999999538 ] ] } },
{ "type": "Feature", "properties": { }, "geometry": { "type": "LineString", "coordinates": [ [ 92.710416666666134, 27.681249999999572 ], [ 92.714583333332797, 27.677083333332909 ] ] } },
{ "type": "Feature", "properties": { }, "geometry": { "type": "LineString", "coordinates": [ [ 92.706249999999415, 27.689583333332884 ], [ 92.710416666666134, 27.681249999999572 ] ] } },
{ "type": "Feature", "properties": { }, "geometry": { "type": "LineString", "coordinates": [ [ 92.681249999999437, 27.710416666666227 ], [ 92.697916666666089, 27.702083333332901 ], [ 92.697916666666089, 27.697916666666252 ], [ 92.706249999999415, 27.689583333332884 ] ] } },
{ "type": "Feature", "properties": { }, "geometry": { "type": "LineString", "coordinates": [ [ 92.972916666666123, 27.739583333332881 ], [ 92.985416666666111, 27.739583333332881 ], [ 92.989583333332774, 27.735416666666218 ] ] } },
{ "type": "Feature", "properties": { }, "geometry": { "type": "LineString", "coordinates": [ [ 92.231249999999505, 27.381249999999575 ], [ 92.239583333332888, 27.372916666666221 ], [ 92.239583333332888, 27.364583333332895 ] ] } },
{ "type": "Feature", "properties": { }, "geometry": { "type": "LineString", "coordinates": [ [ 92.535416666666066, 27.39374999999955 ], [ 92.535416666666066, 27.385416666666238 ], [ 92.52708333333274, 27.377083333332912 ], [ 92.53124999999946, 27.372916666666221 ] ] } },
{ "type": "Feature", "properties": { }, "geometry": { "type": "LineString", "coordinates": [ [ 92.514583333332752, 27.406249999999567 ], [ 92.518749999999415, 27.397916666666255 ], [ 92.52708333333274, 27.39374999999955 ], [ 92.535416666666066, 27.39374999999955 ] ] } },
{ "type": "Feature", "properties": { }, "geometry": { "type": "LineString", "coordinates": [ [ 92.514583333332752, 27.447916666666238 ], [ 92.52708333333274, 27.431249999999558 ], [ 92.522916666666191, 27.427083333332909 ], [ 92.52708333333274, 27.422916666666204 ], [ 92.522916666666191, 27.414583333332892 ], [ 92.514583333332752, 27.406249999999567 ] ] } },
{ "type": "Feature", "properties": { }, "geometry": { "type": "LineString", "coordinates": [ [ 92.510416666666089, 27.452083333332901 ], [ 92.514583333332752, 27.447916666666238 ] ] } },
{ "type": "Feature", "properties": { }, "geometry": { "type": "LineString", "coordinates": [ [ 92.664583333332786, 27.718749999999538 ], [ 92.681249999999437, 27.710416666666227 ] ] } },
{ "type": "Feature", "properties": { }, "geometry": { "type": "LineString", "coordinates": [ [ 92.197916666666146, 27.681249999999572 ], [ 92.193749999999483, 27.677083333332909 ] ] } },
{ "type": "Feature", "properties": { }, "geometry": { "type": "LineString", "coordinates": [ [ 91.727083333332786, 27.710416666666227 ], [ 91.727083333332786, 27.706249999999564 ], [ 91.71458333333274, 27.693749999999547 ], [ 91.706249999999415, 27.677083333332909 ] ] } },
{ "type": "Feature", "properties": { }, "geometry": { "type": "LineString", "coordinates": [ [ 92.039583333332786, 27.722916666666244 ], [ 92.039583333332786, 27.714583333332889 ], [ 92.035416666666123, 27.710416666666227 ], [ 92.035416666666123, 27.693749999999547 ] ] } },
{ "type": "Feature", "properties": { }, "geometry": { "type": "LineString", "coordinates": [ [ 91.727083333332786, 27.722916666666244 ], [ 91.727083333332786, 27.710416666666227 ] ] } },
{ "type": "Feature", "properties": { }, "geometry": { "type": "LineString", "coordinates": [ [ 92.006249999999426, 27.727083333332907 ], [ 92.010416666666089, 27.722916666666244 ], [ 92.02708333333274, 27.722916666666244 ], [ 92.035416666666123, 27.727083333332907 ], [ 92.039583333332786, 27.722916666666244 ] ] } },
{ "type": "Feature", "properties": { }, "geometry": { "type": "LineString", "coordinates": [ [ 91.731249999999449, 27.777083333332889 ], [ 91.731249999999449, 27.772916666666227 ], [ 91.710416666666191, 27.752083333332898 ], [ 91.706249999999415, 27.74374999999953 ], [ 91.706249999999415, 27.739583333332881 ], [ 91.71458333333274, 27.731249999999555 ], [ 91.718749999999574, 27.731249999999555 ], [ 91.727083333332786, 27.722916666666244 ] ] } },
{ "type": "Feature", "properties": { }, "geometry": { "type": "LineString", "coordinates": [ [ 91.989081148190564, 27.769252185141823 ], [ 91.993749999999437, 27.764583333332915 ], [ 91.993749999999437, 27.74374999999953 ], [ 92.006249999999426, 27.727083333332907 ] ] } },
{ "type": "Feature", "properties": { }, "geometry": { "type": "LineString", "coordinates": [ [ 91.7479166666661, 27.797916666666218 ], [ 91.731249999999449, 27.781249999999581 ], [ 91.731249999999449, 27.777083333332889 ] ] } },
{ "type": "Feature", "properties": { }, "geometry": { "type": "LineString", "coordinates": [ [ 91.748754839680601, 27.802921506347388 ], [ 91.7479166666661, 27.797916666666218 ] ] } },
{ "type": "Feature", "properties": { }, "geometry": { "type": "LineString", "coordinates": [ [ 92.952083333332752, 27.747916666666235 ], [ 92.956249999999415, 27.747916666666235 ], [ 92.96458333333274, 27.739583333332881 ], [ 92.972916666666123, 27.739583333332881 ] ] } },
{ "type": "Feature", "properties": { }, "geometry": { "type": "LineString", "coordinates": [ [ 92.943749999999426, 27.756249999999547 ], [ 92.952083333332752, 27.747916666666235 ] ] } },
{ "type": "Feature", "properties": { }, "geometry": { "type": "LineString", "coordinates": [ [ 92.931249999999437, 27.781249999999581 ], [ 92.939583333332763, 27.777083333332889 ], [ 92.943749999999426, 27.756249999999547 ] ] } },
{ "type": "Feature", "properties": { }, "geometry": { "type": "LineString", "coordinates": [ [ 92.977083333332786, 27.981249999999569 ], [ 92.981249999999449, 27.981249999999569 ] ] } },
{ "type": "Feature", "properties": { }, "geometry": { "type": "LineString", "coordinates": [ [ 92.952083333332752, 27.997916666666249 ], [ 92.960416666666077, 27.989583333332881 ], [ 92.977083333332786, 27.981249999999569 ] ] } },
{ "type": "Feature", "properties": { }, "geometry": { "type": "LineString", "coordinates": [ [ 92.927083333332774, 27.989583333332881 ], [ 92.9354166666661, 27.993749999999544 ] ] } },
{ "type": "Feature", "properties": { }, "geometry": { "type": "LineString", "coordinates": [ [ 92.906249999999517, 28.002083333332898 ], [ 92.927083333332774, 27.989583333332881 ] ] } },
{ "type": "Feature", "properties": { }, "geometry": { "type": "LineString", "coordinates": [ [ 92.9354166666661, 27.993749999999544 ], [ 92.943749999999426, 27.993749999999544 ], [ 92.952083333332752, 27.997916666666249 ] ] } },
{ "type": "Feature", "properties": { }, "geometry": { "type": "LineString", "coordinates": [ [ 92.893749999999528, 28.010416666666224 ], [ 92.906249999999517, 28.002083333332898 ] ] } },
{ "type": "Feature", "properties": { }, "geometry": { "type": "LineString", "coordinates": [ [ 92.872916666666157, 28.010416666666224 ], [ 92.893749999999528, 28.010416666666224 ] ] } },
{ "type": "Feature", "properties": { }, "geometry": { "type": "LineString", "coordinates": [ [ 94.243749999999494, 27.772916666666227 ], [ 94.247916666666043, 27.772916666666227 ] ] } },
{ "type": "Feature", "properties": { }, "geometry": { "type": "LineString", "coordinates": [ [ 94.181249999999437, 27.772916666666227 ], [ 94.1854166666661, 27.772916666666227 ] ] } },
{ "type": "Feature", "properties": { }, "geometry": { "type": "LineString", "coordinates": [ [ 94.1854166666661, 27.772916666666227 ], [ 94.189583333332763, 27.772916666666227 ] ] } },
{ "type": "Feature", "properties": { }, "geometry": { "type": "LineString", "coordinates": [ [ 94.247916666666043, 27.772916666666227 ], [ 94.252083333332763, 27.772916666666227 ] ] } },
{ "type": "Feature", "properties": { }, "geometry": { "type": "LineString", "coordinates": [ [ 94.189583333332763, 27.772916666666227 ], [ 94.210416666666134, 27.772916666666227 ] ] } },
{ "type": "Feature", "properties": { }, "geometry": { "type": "LineString", "coordinates": [ [ 94.143749999999415, 27.772916666666227 ], [ 94.164583333332729, 27.772916666666227 ] ] } },
{ "type": "Feature", "properties": { }, "geometry": { "type": "LineString", "coordinates": [ [ 94.164583333332729, 27.772916666666227 ], [ 94.181249999999437, 27.772916666666227 ] ] } },
{ "type": "Feature", "properties": { }, "geometry": { "type": "LineString", "coordinates": [ [ 94.227083333332729, 27.772916666666227 ], [ 94.231249999999392, 27.772916666666227 ] ] } },
{ "type": "Feature", "properties": { }, "geometry": { "type": "LineString", "coordinates": [ [ 94.21874999999946, 27.772916666666227 ], [ 94.227083333332729, 27.772916666666227 ] ] } },
{ "type": "Feature", "properties": { }, "geometry": { "type": "LineString", "coordinates": [ [ 94.231249999999392, 27.772916666666227 ], [ 94.243749999999494, 27.772916666666227 ] ] } },
{ "type": "Feature", "properties": { }, "geometry": { "type": "LineString", "coordinates": [ [ 93.793749999999449, 27.772916666666227 ], [ 93.806249999999494, 27.777083333332889 ] ] } },
{ "type": "Feature", "properties": { }, "geometry": { "type": "LineString", "coordinates": [ [ 93.806249999999494, 27.777083333332889 ], [ 93.81458333333282, 27.781249999999581 ] ] } },
{ "type": "Feature", "properties": { }, "geometry": { "type": "LineString", "coordinates": [ [ 93.83958333333274, 27.781249999999581 ], [ 93.847916666666066, 27.781249999999581 ] ] } },
{ "type": "Feature", "properties": { }, "geometry": { "type": "LineString", "coordinates": [ [ 93.831249999999528, 27.781249999999581 ], [ 93.83958333333274, 27.781249999999581 ] ] } },
{ "type": "Feature", "properties": { }, "geometry": { "type": "LineString", "coordinates": [ [ 93.827083333332808, 27.785416666666244 ], [ 93.831249999999528, 27.781249999999581 ] ] } },
{ "type": "Feature", "properties": { }, "geometry": { "type": "LineString", "coordinates": [ [ 93.847916666666066, 27.781249999999581 ], [ 93.852083333332729, 27.785416666666244 ], [ 93.864583333332718, 27.785416666666244 ] ] } },
{ "type": "Feature", "properties": { }, "geometry": { "type": "LineString", "coordinates": [ [ 93.81458333333282, 27.781249999999581 ], [ 93.822916666666146, 27.785416666666244 ] ] } },
{ "type": "Feature", "properties": { }, "geometry": { "type": "LineString", "coordinates": [ [ 93.822916666666146, 27.785416666666244 ], [ 93.827083333332808, 27.785416666666244 ] ] } },
{ "type": "Feature", "properties": { }, "geometry": { "type": "LineString", "coordinates": [ [ 93.864583333332718, 27.785416666666244 ], [ 93.868749999999437, 27.789583333332907 ] ] } },
{ "type": "Feature", "properties": { }, "geometry": { "type": "LineString", "coordinates": [ [ 93.868749999999437, 27.789583333332907 ], [ 93.877083333332763, 27.793749999999555 ] ] } },
{ "type": "Feature", "properties": { }, "geometry": { "type": "LineString", "coordinates": [ [ 93.877083333332763, 27.793749999999555 ], [ 93.881249999999426, 27.793749999999555 ] ] } },
{ "type": "Feature", "properties": { }, "geometry": { "type": "LineString", "coordinates": [ [ 93.881249999999426, 27.793749999999555 ], [ 93.885416666666089, 27.797916666666218 ] ] } },
{ "type": "Feature", "properties": { }, "geometry": { "type": "LineString", "coordinates": [ [ 93.893749999999415, 27.802083333332881 ], [ 93.897916666666077, 27.797916666666218 ], [ 93.906249999999403, 27.802083333332881 ] ] } },
{ "type": "Feature", "properties": { }, "geometry": { "type": "LineString", "coordinates": [ [ 93.885416666666089, 27.797916666666218 ], [ 93.893749999999415, 27.802083333332881 ] ] } },
{ "type": "Feature", "properties": { }, "geometry": { "type": "LineString", "coordinates": [ [ 93.943749999999369, 27.806249999999572 ], [ 93.947916666666146, 27.797916666666218 ] ] } },
{ "type": "Feature", "properties": { }, "geometry": { "type": "LineString", "coordinates": [ [ 93.906249999999403, 27.802083333332881 ], [ 93.914583333332786, 27.806249999999572 ] ] } },
{ "type": "Feature", "properties": { }, "geometry": { "type": "LineString", "coordinates": [ [ 93.914583333332786, 27.806249999999572 ], [ 93.922916666666111, 27.814583333332898 ], [ 93.922916666666111, 27.818749999999561 ] ] } },
{ "type": "Feature", "properties": { }, "geometry": { "type": "LineString", "coordinates": [ [ 93.927083333332774, 27.818749999999561 ], [ 93.931249999999437, 27.810416666666192 ], [ 93.93958333333282, 27.810416666666192 ], [ 93.943749999999369, 27.806249999999572 ] ] } },
{ "type": "Feature", "properties": { }, "geometry": { "type": "LineString", "coordinates": [ [ 93.922916666666111, 27.818749999999561 ], [ 93.927083333332774, 27.818749999999561 ] ] } },
{ "type": "Feature", "properties": { }, "geometry": { "type": "LineString", "coordinates": [ [ 93.931249999999437, 27.827083333332872 ], [ 93.927083333332774, 27.818749999999561 ] ] } },
{ "type": "Feature", "properties": { }, "geometry": { "type": "LineString", "coordinates": [ [ 93.989583333332718, 27.768749999999564 ], [ 93.993749999999437, 27.764583333332915 ] ] } },
{ "type": "Feature", "properties": { }, "geometry": { "type": "LineString", "coordinates": [ [ 93.981249999999392, 27.777083333332889 ], [ 93.989583333332718, 27.768749999999564 ] ] } },
{ "type": "Feature", "properties": { }, "geometry": { "type": "LineString", "coordinates": [ [ 93.977083333332729, 27.781249999999581 ], [ 93.981249999999392, 27.777083333332889 ] ] } },
{ "type": "Feature", "properties": { }, "geometry": { "type": "LineString", "coordinates": [ [ 93.964583333332854, 27.789583333332907 ], [ 93.977083333332729, 27.781249999999581 ] ] } },
{ "type": "Feature", "properties": { }, "geometry": { "type": "LineString", "coordinates": [ [ 93.960416666666191, 27.793749999999555 ], [ 93.964583333332854, 27.789583333332907 ] ] } },
{ "type": "Feature", "properties": { }, "geometry": { "type": "LineString", "coordinates": [ [ 93.947916666666146, 27.797916666666218 ], [ 93.952083333332808, 27.793749999999555 ], [ 93.960416666666191, 27.793749999999555 ] ] } },
{ "type": "Feature", "properties": { }, "geometry": { "type": "LineString", "coordinates": [ [ 93.952083333332808, 27.860416666666218 ], [ 93.93958333333282, 27.843749999999552 ] ] } },
{ "type": "Feature", "properties": { }, "geometry": { "type": "LineString", "coordinates": [ [ 93.952083333332808, 27.864583333332881 ], [ 93.952083333332808, 27.860416666666218 ] ] } },
{ "type": "Feature", "properties": { }, "geometry": { "type": "LineString", "coordinates": [ [ 93.947916666666146, 27.872916666666235 ], [ 93.952083333332808, 27.864583333332881 ] ] } },
{ "type": "Feature", "properties": { }, "geometry": { "type": "LineString", "coordinates": [ [ 94.102083333332729, 27.906249999999552 ], [ 94.114583333332718, 27.914583333332864 ] ] } },
{ "type": "Feature", "properties": { }, "geometry": { "type": "LineString", "coordinates": [ [ 94.252083333332763, 27.772916666666227 ], [ 94.260416666666089, 27.772916666666227 ] ] } },
{ "type": "Feature", "properties": { }, "geometry": { "type": "LineString", "coordinates": [ [ 94.210416666666134, 27.772916666666227 ], [ 94.21874999999946, 27.772916666666227 ] ] } },
{ "type": "Feature", "properties": { }, "geometry": { "type": "LineString", "coordinates": [ [ 94.127083333332763, 27.922916666666232 ], [ 94.131249999999369, 27.927083333332881 ] ] } },
{ "type": "Feature", "properties": { }, "geometry": { "type": "LineString", "coordinates": [ [ 94.131249999999369, 27.927083333332881 ], [ 94.135416666666089, 27.931249999999544 ] ] } },
{ "type": "Feature", "properties": { }, "geometry": { "type": "LineString", "coordinates": [ [ 94.135416666666089, 27.931249999999544 ], [ 94.139583333332752, 27.935416666666207 ] ] } },
{ "type": "Feature", "properties": { }, "geometry": { "type": "LineString", "coordinates": [ [ 94.139583333332752, 27.935416666666207 ], [ 94.147916666666077, 27.935416666666207 ] ] } },
{ "type": "Feature", "properties": { }, "geometry": { "type": "LineString", "coordinates": [ [ 94.147916666666077, 27.935416666666207 ], [ 94.156249999999403, 27.943749999999561 ] ] } },
{ "type": "Feature", "properties": { }, "geometry": { "type": "LineString", "coordinates": [ [ 94.156249999999403, 27.943749999999561 ], [ 94.164583333332729, 27.947916666666224 ] ] } },
{ "type": "Feature", "properties": { }, "geometry": { "type": "LineString", "coordinates": [ [ 94.164583333332729, 27.947916666666224 ], [ 94.172916666666111, 27.947916666666224 ], [ 94.177083333332774, 27.952083333332872 ] ] } },
{ "type": "Feature", "properties": { }, "geometry": { "type": "LineString", "coordinates": [ [ 94.177083333332774, 27.952083333332872 ], [ 94.181249999999437, 27.956249999999535 ] ] } },
{ "type": "Feature", "properties": { }, "geometry": { "type": "LineString", "coordinates": [ [ 93.935416666666157, 27.831249999999578 ], [ 93.931249999999437, 27.827083333332872 ] ] } },
{ "type": "Feature", "properties": { }, "geometry": { "type": "LineString", "coordinates": [ [ 93.935416666666157, 27.839583333332889 ], [ 93.935416666666157, 27.831249999999578 ] ] } },
{ "type": "Feature", "properties": { }, "geometry": { "type": "LineString", "coordinates": [ [ 93.93958333333282, 27.843749999999552 ], [ 93.935416666666157, 27.839583333332889 ] ] } },
{ "type": "Feature", "properties": { }, "geometry": { "type": "LineString", "coordinates": [ [ 93.93958333333282, 27.877083333332898 ], [ 93.947916666666146, 27.872916666666235 ] ] } },
{ "type": "Feature", "properties": { }, "geometry": { "type": "LineString", "coordinates": [ [ 93.935416666666157, 27.877083333332898 ], [ 93.93958333333282, 27.877083333332898 ] ] } },
{ "type": "Feature", "properties": { }, "geometry": { "type": "LineString", "coordinates": [ [ 93.910416666666123, 27.88541666666621 ], [ 93.914583333332786, 27.881249999999561 ], [ 93.927083333332774, 27.881249999999561 ], [ 93.935416666666157, 27.877083333332898 ] ] } },
{ "type": "Feature", "properties": { }, "geometry": { "type": "LineString", "coordinates": [ [ 93.90208333333274, 27.893749999999578 ], [ 93.910416666666123, 27.88541666666621 ] ] } },
{ "type": "Feature", "properties": { }, "geometry": { "type": "LineString", "coordinates": [ [ 93.897916666666077, 27.897916666666227 ], [ 93.90208333333274, 27.893749999999578 ] ] } },
{ "type": "Feature", "properties": { }, "geometry": { "type": "LineString", "coordinates": [ [ 93.881249999999426, 27.910416666666244 ], [ 93.897916666666077, 27.897916666666227 ] ] } },
{ "type": "Feature", "properties": { }, "geometry": { "type": "LineString", "coordinates": [ [ 93.885416666666089, 27.922916666666232 ], [ 93.881249999999426, 27.910416666666244 ] ] } },
{ "type": "Feature", "properties": { }, "geometry": { "type": "LineString", "coordinates": [ [ 93.885416666666089, 27.927083333332881 ], [ 93.885416666666089, 27.922916666666232 ] ] } },
{ "type": "Feature", "properties": { }, "geometry": { "type": "LineString", "coordinates": [ [ 93.885416666666089, 27.935416666666207 ], [ 93.885416666666089, 27.927083333332881 ] ] } },
{ "type": "Feature", "properties": { }, "geometry": { "type": "LineString", "coordinates": [ [ 93.881249999999426, 27.943749999999561 ], [ 93.885416666666089, 27.935416666666207 ] ] } },
{ "type": "Feature", "properties": { }, "geometry": { "type": "LineString", "coordinates": [ [ 93.877083333332763, 27.960416666666241 ], [ 93.877083333332763, 27.952083333332872 ], [ 93.881249999999426, 27.943749999999561 ] ] } },
{ "type": "Feature", "properties": { }, "geometry": { "type": "LineString", "coordinates": [ [ 93.872916666666043, 27.964583333332889 ], [ 93.877083333332763, 27.960416666666241 ] ] } },
{ "type": "Feature", "properties": { }, "geometry": { "type": "LineString", "coordinates": [ [ 93.860416666666225, 27.972916666666215 ], [ 93.868749999999437, 27.964583333332889 ], [ 93.872916666666043, 27.964583333332889 ] ] } },
{ "type": "Feature", "properties": { }, "geometry": { "type": "LineString", "coordinates": [ [ 93.856249999999392, 27.972916666666215 ], [ 93.860416666666225, 27.972916666666215 ] ] } },
{ "type": "Feature", "properties": { }, "geometry": { "type": "LineString", "coordinates": [ [ 93.843749999999403, 27.981249999999569 ], [ 93.852083333332729, 27.972916666666215 ], [ 93.856249999999392, 27.972916666666215 ] ] } },
{ "type": "Feature", "properties": { }, "geometry": { "type": "LineString", "coordinates": [ [ 93.83958333333274, 27.985416666666232 ], [ 93.843749999999403, 27.981249999999569 ] ] } },
{ "type": "Feature", "properties": { }, "geometry": { "type": "LineString", "coordinates": [ [ 93.831249999999528, 27.989583333332881 ], [ 93.83958333333274, 27.985416666666232 ] ] } },
{ "type": "Feature", "properties": { }, "geometry": { "type": "LineString", "coordinates": [ [ 94.181249999999437, 27.956249999999535 ], [ 94.197916666666146, 27.968749999999552 ] ] } },
{ "type": "Feature", "properties": { }, "geometry": { "type": "LineString", "coordinates": [ [ 94.197916666666146, 27.968749999999552 ], [ 94.206249999999471, 27.972916666666215 ] ] } },
{ "type": "Feature", "properties": { }, "geometry": { "type": "LineString", "coordinates": [ [ 94.206249999999471, 27.972916666666215 ], [ 94.210416666666134, 27.972916666666215 ] ] } },
{ "type": "Feature", "properties": { }, "geometry": { "type": "LineString", "coordinates": [ [ 94.210416666666134, 27.972916666666215 ], [ 94.21874999999946, 27.981249999999569 ] ] } },
{ "type": "Feature", "properties": { }, "geometry": { "type": "LineString", "coordinates": [ [ 94.21874999999946, 27.981249999999569 ], [ 94.227083333332729, 27.989583333332881 ], [ 94.231249999999392, 27.989583333332881 ] ] } },
{ "type": "Feature", "properties": { }, "geometry": { "type": "LineString", "coordinates": [ [ 94.247916666666043, 27.989583333332881 ], [ 94.256249999999369, 27.981249999999569 ] ] } },
{ "type": "Feature", "properties": { }, "geometry": { "type": "LineString", "coordinates": [ [ 94.231249999999392, 27.989583333332881 ], [ 94.243749999999494, 27.989583333332881 ] ] } },
{ "type": "Feature", "properties": { }, "geometry": { "type": "LineString", "coordinates": [ [ 94.243749999999494, 27.989583333332881 ], [ 94.247916666666043, 27.989583333332881 ] ] } },
{ "type": "Feature", "properties": { }, "geometry": { "type": "LineString", "coordinates": [ [ 94.21874999999946, 27.997916666666249 ], [ 94.22291666666618, 27.997916666666249 ], [ 94.231249999999392, 27.989583333332881 ] ] } },
{ "type": "Feature", "properties": { }, "geometry": { "type": "LineString", "coordinates": [ [ 94.214583333332797, 27.997916666666249 ], [ 94.21874999999946, 27.997916666666249 ] ] } },
{ "type": "Feature", "properties": { }, "geometry": { "type": "LineString", "coordinates": [ [ 94.114583333332718, 27.914583333332864 ], [ 94.127083333332763, 27.922916666666232 ] ] } },
{ "type": "Feature", "properties": { }, "geometry": { "type": "LineString", "coordinates": [ [ 94.02708333333274, 28.039583333332878 ], [ 94.031249999999403, 28.035416666666215 ], [ 94.047916666666111, 28.035416666666215 ], [ 94.052083333332774, 28.031249999999552 ], [ 94.0604166666661, 28.035416666666215 ] ] } },
{ "type": "Feature", "properties": { }, "geometry": { "type": "LineString", "coordinates": [ [ 94.0604166666661, 28.035416666666215 ], [ 94.06458333333282, 28.035416666666215 ] ] } },
{ "type": "Feature", "properties": { }, "geometry": { "type": "LineString", "coordinates": [ [ 94.06458333333282, 28.035416666666215 ], [ 94.068749999999483, 28.039583333332878 ] ] } },
{ "type": "Feature", "properties": { }, "geometry": { "type": "LineString", "coordinates": [ [ 94.018749999999415, 28.043749999999569 ], [ 94.02708333333274, 28.039583333332878 ] ] } },
{ "type": "Feature", "properties": { }, "geometry": { "type": "LineString", "coordinates": [ [ 94.068749999999483, 28.039583333332878 ], [ 94.077083333332808, 28.043749999999569 ] ] } },
{ "type": "Feature", "properties": { }, "geometry": { "type": "LineString", "coordinates": [ [ 93.972916666666066, 28.043749999999569 ], [ 93.985416666666225, 28.043749999999569 ] ] } },
{ "type": "Feature", "properties": { }, "geometry": { "type": "LineString", "coordinates": [ [ 94.114583333332718, 28.043749999999569 ], [ 94.118749999999551, 28.043749999999569 ] ] } },
{ "type": "Feature", "properties": { }, "geometry": { "type": "LineString", "coordinates": [ [ 94.002083333332763, 28.043749999999569 ], [ 94.018749999999415, 28.043749999999569 ] ] } },
{ "type": "Feature", "properties": { }, "geometry": { "type": "LineString", "coordinates": [ [ 94.085416666666134, 28.043749999999569 ], [ 94.097916666666066, 28.043749999999569 ] ] } },
{ "type": "Feature", "properties": { }, "geometry": { "type": "LineString", "coordinates": [ [ 93.83958333333274, 27.993749999999544 ], [ 93.835416666666077, 27.989583333332881 ], [ 93.83958333333274, 27.985416666666232 ] ] } },
{ "type": "Feature", "properties": { }, "geometry": { "type": "LineString", "coordinates": [ [ 93.818749999999483, 27.993749999999544 ], [ 93.831249999999528, 27.989583333332881 ] ] } },
{ "type": "Feature", "properties": { }, "geometry": { "type": "LineString", "coordinates": [ [ 93.83958333333274, 27.997916666666249 ], [ 93.83958333333274, 27.993749999999544 ] ] } },
{ "type": "Feature", "properties": { }, "geometry": { "type": "LineString", "coordinates": [ [ 93.810416666666043, 27.997916666666249 ], [ 93.818749999999483, 27.993749999999544 ] ] } },
{ "type": "Feature", "properties": { }, "geometry": { "type": "LineString", "coordinates": [ [ 93.802083333332774, 27.997916666666249 ], [ 93.810416666666043, 27.997916666666249 ] ] } },
{ "type": "Feature", "properties": { }, "geometry": { "type": "LineString", "coordinates": [ [ 93.752083333332763, 27.997916666666249 ], [ 93.756249999999426, 28.002083333332898 ], [ 93.768749999999415, 28.002083333332898 ] ] } },
{ "type": "Feature", "properties": { }, "geometry": { "type": "LineString", "coordinates": [ [ 93.797916666666111, 28.002083333332898 ], [ 93.802083333332774, 27.997916666666249 ] ] } },
{ "type": "Feature", "properties": { }, "geometry": { "type": "LineString", "coordinates": [ [ 93.78124999999946, 28.002083333332898 ], [ 93.797916666666111, 28.002083333332898 ] ] } },
{ "type": "Feature", "properties": { }, "geometry": { "type": "LineString", "coordinates": [ [ 93.772916666666077, 28.006249999999561 ], [ 93.78124999999946, 28.002083333332898 ] ] } },
{ "type": "Feature", "properties": { }, "geometry": { "type": "LineString", "coordinates": [ [ 93.768749999999415, 28.002083333332898 ], [ 93.772916666666077, 28.006249999999561 ] ] } },
{ "type": "Feature", "properties": { }, "geometry": { "type": "LineString", "coordinates": [ [ 93.53124999999946, 27.793749999999555 ], [ 93.543749999999505, 27.793749999999555 ] ] } },
{ "type": "Feature", "properties": { }, "geometry": { "type": "LineString", "coordinates": [ [ 93.53124999999946, 27.82291666666621 ], [ 93.539583333332786, 27.818749999999561 ] ] } },
{ "type": "Feature", "properties": { }, "geometry": { "type": "LineString", "coordinates": [ [ 93.522916666666134, 27.827083333332872 ], [ 93.53124999999946, 27.82291666666621 ] ] } },
{ "type": "Feature", "properties": { }, "geometry": { "type": "LineString", "coordinates": [ [ 93.506249999999426, 27.839583333332889 ], [ 93.510416666666089, 27.839583333332889 ], [ 93.522916666666134, 27.827083333332872 ] ] } },
{ "type": "Feature", "properties": { }, "geometry": { "type": "LineString", "coordinates": [ [ 93.502083333332763, 27.843749999999552 ], [ 93.506249999999426, 27.839583333332889 ] ] } },
{ "type": "Feature", "properties": { }, "geometry": { "type": "LineString", "coordinates": [ [ 93.4979166666661, 27.847916666666201 ], [ 93.502083333332763, 27.843749999999552 ] ] } },
{ "type": "Feature", "properties": { }, "geometry": { "type": "LineString", "coordinates": [ [ 93.485416666666111, 27.864583333332881 ], [ 93.4979166666661, 27.847916666666201 ] ] } },
{ "type": "Feature", "properties": { }, "geometry": { "type": "LineString", "coordinates": [ [ 93.472916666666066, 27.868749999999544 ], [ 93.477083333332786, 27.864583333332881 ], [ 93.485416666666111, 27.864583333332881 ] ] } },
{ "type": "Feature", "properties": { }, "geometry": { "type": "LineString", "coordinates": [ [ 93.452083333332752, 27.877083333332898 ], [ 93.472916666666066, 27.868749999999544 ] ] } },
{ "type": "Feature", "properties": { }, "geometry": { "type": "LineString", "coordinates": [ [ 93.439583333332877, 27.889583333332872 ], [ 93.452083333332752, 27.877083333332898 ] ] } },
{ "type": "Feature", "properties": { }, "geometry": { "type": "LineString", "coordinates": [ [ 93.435416666666043, 27.893749999999578 ], [ 93.439583333332877, 27.889583333332872 ] ] } },
{ "type": "Feature", "properties": { }, "geometry": { "type": "LineString", "coordinates": [ [ 93.431249999999494, 27.893749999999578 ], [ 93.435416666666043, 27.893749999999578 ] ] } },
{ "type": "Feature", "properties": { }, "geometry": { "type": "LineString", "coordinates": [ [ 93.414583333332843, 27.893749999999578 ], [ 93.431249999999494, 27.893749999999578 ] ] } },
{ "type": "Feature", "properties": { }, "geometry": { "type": "LineString", "coordinates": [ [ 93.34374999999946, 27.897916666666227 ], [ 93.347916666666066, 27.897916666666227 ] ] } },
{ "type": "Feature", "properties": { }, "geometry": { "type": "LineString", "coordinates": [ [ 93.356249999999392, 27.897916666666227 ], [ 93.385416666666146, 27.897916666666227 ] ] } },
{ "type": "Feature", "properties": { }, "geometry": { "type": "LineString", "coordinates": [ [ 93.347916666666066, 27.897916666666227 ], [ 93.356249999999392, 27.897916666666227 ] ] } },
{ "type": "Feature", "properties": { }, "geometry": { "type": "LineString", "coordinates": [ [ 93.393749999999471, 27.902083333332889 ], [ 93.40624999999946, 27.893749999999578 ], [ 93.414583333332843, 27.893749999999578 ] ] } },
{ "type": "Feature", "properties": { }, "geometry": { "type": "LineString", "coordinates": [ [ 93.335416666666077, 27.902083333332889 ], [ 93.34374999999946, 27.897916666666227 ] ] } },
{ "type": "Feature", "properties": { }, "geometry": { "type": "LineString", "coordinates": [ [ 93.385416666666146, 27.897916666666227 ], [ 93.393749999999471, 27.902083333332889 ] ] } },
{ "type": "Feature", "properties": { }, "geometry": { "type": "LineString", "coordinates": [ [ 93.327083333332752, 27.902083333332889 ], [ 93.335416666666077, 27.902083333332889 ] ] } },
{ "type": "Feature", "properties": { }, "geometry": { "type": "LineString", "coordinates": [ [ 93.539583333332786, 27.818749999999561 ], [ 93.552083333332718, 27.806249999999572 ], [ 93.556249999999494, 27.806249999999572 ] ] } },
{ "type": "Feature", "properties": { }, "geometry": { "type": "LineString", "coordinates": [ [ 93.739583333332718, 27.977083333332907 ], [ 93.743749999999437, 27.981249999999569 ] ] } },
{ "type": "Feature", "properties": { }, "geometry": { "type": "LineString", "coordinates": [ [ 93.743749999999437, 27.981249999999569 ], [ 93.743749999999437, 27.997916666666249 ] ] } },
{ "type": "Feature", "properties": { }, "geometry": { "type": "LineString", "coordinates": [ [ 93.743749999999437, 27.997916666666249 ], [ 93.752083333332763, 27.997916666666249 ] ] } },
{ "type": "Feature", "properties": { }, "geometry": { "type": "LineString", "coordinates": [ [ 93.543749999999505, 27.997916666666249 ], [ 93.56458333333282, 28.002083333332898 ] ] } },
{ "type": "Feature", "properties": { }, "geometry": { "type": "LineString", "coordinates": [ [ 93.731249999999392, 28.002083333332898 ], [ 93.735416666666111, 27.997916666666249 ], [ 93.743749999999437, 27.997916666666249 ] ] } },
{ "type": "Feature", "properties": { }, "geometry": { "type": "LineString", "coordinates": [ [ 93.56458333333282, 28.002083333332898 ], [ 93.572916666666202, 28.010416666666224 ] ] } },
{ "type": "Feature", "properties": { }, "geometry": { "type": "LineString", "coordinates": [ [ 93.727083333332729, 28.010416666666224 ], [ 93.731249999999392, 28.002083333332898 ] ] } },
{ "type": "Feature", "properties": { }, "geometry": { "type": "LineString", "coordinates": [ [ 93.572916666666202, 28.010416666666224 ], [ 93.581249999999415, 28.010416666666224 ], [ 93.585416666666077, 28.014583333332887 ] ] } },
{ "type": "Feature", "properties": { }, "geometry": { "type": "LineString", "coordinates": [ [ 93.706249999999415, 28.014583333332887 ], [ 93.71458333333274, 28.010416666666224 ], [ 93.727083333332729, 28.010416666666224 ] ] } },
{ "type": "Feature", "properties": { }, "geometry": { "type": "LineString", "coordinates": [ [ 93.268749999999471, 27.947916666666224 ], [ 93.277083333332797, 27.939583333332898 ] ] } },
{ "type": "Feature", "properties": { }, "geometry": { "type": "LineString", "coordinates": [ [ 93.152083333332854, 27.947916666666224 ], [ 93.160416666666066, 27.943749999999561 ], [ 93.177083333332718, 27.952083333332872 ] ] } },
{ "type": "Feature", "properties": { }, "geometry": { "type": "LineString", "coordinates": [ [ 93.264583333332808, 27.947916666666224 ], [ 93.268749999999471, 27.947916666666224 ] ] } },
{ "type": "Feature", "properties": { }, "geometry": { "type": "LineString", "coordinates": [ [ 93.068749999999426, 27.947916666666224 ], [ 93.081249999999415, 27.947916666666224 ] ] } },
{ "type": "Feature", "properties": { }, "geometry": { "type": "LineString", "coordinates": [ [ 93.139583333332808, 27.947916666666224 ], [ 93.152083333332854, 27.947916666666224 ] ] } },
{ "type": "Feature", "properties": { }, "geometry": { "type": "LineString", "coordinates": [ [ 93.081249999999415, 27.947916666666224 ], [ 93.085416666666077, 27.952083333332872 ], [ 93.102083333332786, 27.952083333332872 ] ] } },
{ "type": "Feature", "properties": { }, "geometry": { "type": "LineString", "coordinates": [ [ 93.102083333332786, 27.952083333332872 ], [ 93.12708333333282, 27.952083333332872 ], [ 93.131249999999483, 27.947916666666224 ], [ 93.139583333332808, 27.947916666666224 ] ] } },
{ "type": "Feature", "properties": { }, "geometry": { "type": "LineString", "coordinates": [ [ 93.2479166666661, 27.952083333332872 ], [ 93.252083333332763, 27.947916666666224 ], [ 93.264583333332808, 27.947916666666224 ] ] } },
{ "type": "Feature", "properties": { }, "geometry": { "type": "LineString", "coordinates": [ [ 93.177083333332718, 27.952083333332872 ], [ 93.181249999999551, 27.947916666666224 ], [ 93.189583333332763, 27.952083333332872 ] ] } },
{ "type": "Feature", "properties": { }, "geometry": { "type": "LineString", "coordinates": [ [ 93.189583333332763, 27.952083333332872 ], [ 93.202083333332752, 27.952083333332872 ] ] } },
{ "type": "Feature", "properties": { }, "geometry": { "type": "LineString", "coordinates": [ [ 93.064583333332763, 27.956249999999535 ], [ 93.068749999999426, 27.947916666666224 ] ] } },
{ "type": "Feature", "properties": { }, "geometry": { "type": "LineString", "coordinates": [ [ 93.239583333332774, 27.956249999999535 ], [ 93.2479166666661, 27.952083333332872 ] ] } },
{ "type": "Feature", "properties": { }, "geometry": { "type": "LineString", "coordinates": [ [ 93.202083333332752, 27.952083333332872 ], [ 93.21458333333274, 27.960416666666241 ] ] } },
{ "type": "Feature", "properties": { }, "geometry": { "type": "LineString", "coordinates": [ [ 93.21458333333274, 27.960416666666241 ], [ 93.227083333332786, 27.960416666666241 ], [ 93.231249999999449, 27.956249999999535 ], [ 93.239583333332774, 27.956249999999535 ] ] } },
{ "type": "Feature", "properties": { }, "geometry": { "type": "LineString", "coordinates": [ [ 93.047916666666225, 27.964583333332889 ], [ 93.064583333332763, 27.956249999999535 ] ] } },
{ "type": "Feature", "properties": { }, "geometry": { "type": "LineString", "coordinates": [ [ 93.043749999999392, 27.964583333332889 ], [ 93.047916666666225, 27.964583333332889 ] ] } },
{ "type": "Feature", "properties": { }, "geometry": { "type": "LineString", "coordinates": [ [ 93.031249999999517, 27.968749999999552 ], [ 93.043749999999392, 27.964583333332889 ] ] } },
{ "type": "Feature", "properties": { }, "geometry": { "type": "LineString", "coordinates": [ [ 93.022916666666191, 27.977083333332907 ], [ 93.031249999999517, 27.968749999999552 ] ] } },
{ "type": "Feature", "properties": { }, "geometry": { "type": "LineString", "coordinates": [ [ 93.018749999999471, 27.977083333332907 ], [ 93.022916666666191, 27.977083333332907 ] ] } },
{ "type": "Feature", "properties": { }, "geometry": { "type": "LineString", "coordinates": [ [ 92.997916666666157, 27.981249999999569 ], [ 93.010416666666146, 27.981249999999569 ], [ 93.018749999999471, 27.977083333332907 ] ] } },
{ "type": "Feature", "properties": { }, "geometry": { "type": "LineString", "coordinates": [ [ 93.318749999999426, 27.906249999999552 ], [ 93.327083333332752, 27.902083333332889 ] ] } },
{ "type": "Feature", "properties": { }, "geometry": { "type": "LineString", "coordinates": [ [ 93.502083333332763, 28.002083333332898 ], [ 93.510416666666089, 27.993749999999544 ], [ 93.514583333332752, 27.993749999999544 ] ] } },
{ "type": "Feature", "properties": { }, "geometry": { "type": "LineString", "coordinates": [ [ 93.514583333332752, 27.993749999999544 ], [ 93.522916666666134, 27.993749999999544 ], [ 93.53124999999946, 28.002083333332898 ] ] } },
{ "type": "Feature", "properties": { }, "geometry": { "type": "LineString", "coordinates": [ [ 93.539583333332786, 28.002083333332898 ], [ 93.543749999999505, 27.997916666666249 ] ] } },
{ "type": "Feature", "properties": { }, "geometry": { "type": "LineString", "coordinates": [ [ 93.53124999999946, 28.002083333332898 ], [ 93.539583333332786, 28.002083333332898 ] ] } },
{ "type": "Feature", "properties": { }, "geometry": { "type": "LineString", "coordinates": [ [ 93.4979166666661, 28.006249999999561 ], [ 93.502083333332763, 28.002083333332898 ] ] } },
{ "type": "Feature", "properties": { }, "geometry": { "type": "LineString", "coordinates": [ [ 93.485416666666111, 28.014583333332887 ], [ 93.489583333332718, 28.014583333332887 ], [ 93.4979166666661, 28.006249999999561 ] ] } },
{ "type": "Feature", "properties": { }, "geometry": { "type": "LineString", "coordinates": [ [ 93.472916666666066, 28.027083333332904 ], [ 93.485416666666111, 28.014583333332887 ] ] } },
{ "type": "Feature", "properties": { }, "geometry": { "type": "LineString", "coordinates": [ [ 93.468749999999574, 28.031249999999552 ], [ 93.472916666666066, 28.027083333332904 ] ] } },
{ "type": "Feature", "properties": { }, "geometry": { "type": "LineString", "coordinates": [ [ 93.46458333333274, 28.035416666666215 ], [ 93.468749999999574, 28.031249999999552 ] ] } },
{ "type": "Feature", "properties": { }, "geometry": { "type": "LineString", "coordinates": [ [ 93.618749999999437, 28.014583333332887 ], [ 93.6229166666661, 28.014583333332887 ] ] } },
{ "type": "Feature", "properties": { }, "geometry": { "type": "LineString", "coordinates": [ [ 93.6229166666661, 28.014583333332887 ], [ 93.639583333332752, 28.014583333332887 ], [ 93.647916666666134, 28.018749999999535 ] ] } },
{ "type": "Feature", "properties": { }, "geometry": { "type": "LineString", "coordinates": [ [ 93.602083333332729, 28.018749999999535 ], [ 93.606249999999392, 28.014583333332887 ], [ 93.618749999999437, 28.014583333332887 ] ] } },
{ "type": "Feature", "properties": { }, "geometry": { "type": "LineString", "coordinates": [ [ 93.585416666666077, 28.014583333332887 ], [ 93.593749999999403, 28.018749999999535 ] ] } },
{ "type": "Feature", "properties": { }, "geometry": { "type": "LineString", "coordinates": [ [ 93.593749999999403, 28.018749999999535 ], [ 93.597916666666066, 28.018749999999535 ] ] } },
{ "type": "Feature", "properties": { }, "geometry": { "type": "LineString", "coordinates": [ [ 93.597916666666066, 28.018749999999535 ], [ 93.602083333332729, 28.018749999999535 ] ] } },
{ "type": "Feature", "properties": { }, "geometry": { "type": "LineString", "coordinates": [ [ 93.647916666666134, 28.018749999999535 ], [ 93.652083333332797, 28.022916666666241 ], [ 93.660416666666123, 28.022916666666241 ] ] } },
{ "type": "Feature", "properties": { }, "geometry": { "type": "LineString", "coordinates": [ [ 93.697916666666202, 28.027083333332904 ], [ 93.706249999999415, 28.014583333332887 ] ] } },
{ "type": "Feature", "properties": { }, "geometry": { "type": "LineString", "coordinates": [ [ 93.660416666666123, 28.022916666666241 ], [ 93.668749999999449, 28.031249999999552 ] ] } },
{ "type": "Feature", "properties": { }, "geometry": { "type": "LineString", "coordinates": [ [ 93.685416666666043, 28.031249999999552 ], [ 93.697916666666202, 28.027083333332904 ] ] } },
{ "type": "Feature", "properties": { }, "geometry": { "type": "LineString", "coordinates": [ [ 93.668749999999449, 28.031249999999552 ], [ 93.685416666666043, 28.031249999999552 ] ] } },
{ "type": "Feature", "properties": { }, "geometry": { "type": "LineString", "coordinates": [ [ 93.647916666666134, 28.047916666666232 ], [ 93.668749999999449, 28.031249999999552 ] ] } },
{ "type": "Feature", "properties": { }, "geometry": { "type": "LineString", "coordinates": [ [ 93.643749999999415, 28.056249999999544 ], [ 93.647916666666134, 28.047916666666232 ] ] } },
{ "type": "Feature", "properties": { }, "geometry": { "type": "LineString", "coordinates": [ [ 93.639583333332752, 28.06458333333287 ], [ 93.643749999999415, 28.056249999999544 ] ] } },
{ "type": "Feature", "properties": { }, "geometry": { "type": "LineString", "coordinates": [ [ 93.65624999999946, 28.068749999999561 ], [ 93.643749999999415, 28.056249999999544 ] ] } },
{ "type": "Feature", "properties": { }, "geometry": { "type": "LineString", "coordinates": [ [ 93.631249999999426, 28.068749999999561 ], [ 93.639583333332752, 28.06458333333287 ] ] } },
{ "type": "Feature", "properties": { }, "geometry": { "type": "LineString", "coordinates": [ [ 93.65624999999946, 28.072916666666224 ], [ 93.65624999999946, 28.068749999999561 ] ] } },
{ "type": "Feature", "properties": { }, "geometry": { "type": "LineString", "coordinates": [ [ 93.610416666666111, 28.077083333332887 ], [ 93.618749999999437, 28.077083333332887 ], [ 93.631249999999426, 28.068749999999561 ] ] } },
{ "type": "Feature", "properties": { }, "geometry": { "type": "LineString", "coordinates": [ [ 93.65624999999946, 28.081249999999535 ], [ 93.65624999999946, 28.072916666666224 ] ] } },
{ "type": "Feature", "properties": { }, "geometry": { "type": "LineString", "coordinates": [ [ 93.606249999999392, 28.081249999999535 ], [ 93.610416666666111, 28.077083333332887 ] ] } },
{ "type": "Feature", "properties": { }, "geometry": { "type": "LineString", "coordinates": [ [ 93.456249999999415, 28.043749999999569 ], [ 93.46458333333274, 28.035416666666215 ] ] } },
{ "type": "Feature", "properties": { }, "geometry": { "type": "LineString", "coordinates": [ [ 93.443749999999426, 28.052083333332895 ], [ 93.452083333332752, 28.043749999999569 ], [ 93.456249999999415, 28.043749999999569 ] ] } },
{ "type": "Feature", "properties": { }, "geometry": { "type": "LineString", "coordinates": [ [ 93.435416666666043, 28.06458333333287 ], [ 93.443749999999426, 28.056249999999544 ], [ 93.443749999999426, 28.052083333332895 ] ] } },
{ "type": "Feature", "properties": { }, "geometry": { "type": "LineString", "coordinates": [ [ 93.402083333332797, 28.072916666666224 ], [ 93.414583333332843, 28.072916666666224 ], [ 93.427083333332718, 28.06458333333287 ], [ 93.435416666666043, 28.06458333333287 ] ] } },
{ "type": "Feature", "properties": { }, "geometry": { "type": "LineString", "coordinates": [ [ 93.397916666666134, 28.077083333332887 ], [ 93.402083333332797, 28.072916666666224 ] ] } },
{ "type": "Feature", "properties": { }, "geometry": { "type": "LineString", "coordinates": [ [ 93.385416666666146, 28.081249999999535 ], [ 93.393749999999471, 28.081249999999535 ], [ 93.397916666666134, 28.077083333332887 ] ] } },
{ "type": "Feature", "properties": { }, "geometry": { "type": "LineString", "coordinates": [ [ 93.3729166666661, 28.089583333332904 ], [ 93.385416666666146, 28.081249999999535 ] ] } },
{ "type": "Feature", "properties": { }, "geometry": { "type": "LineString", "coordinates": [ [ 93.40624999999946, 28.093749999999552 ], [ 93.397916666666134, 28.077083333332887 ] ] } },
{ "type": "Feature", "properties": { }, "geometry": { "type": "LineString", "coordinates": [ [ 93.368749999999437, 28.093749999999552 ], [ 93.3729166666661, 28.089583333332904 ] ] } },
{ "type": "Feature", "properties": { }, "geometry": { "type": "LineString", "coordinates": [ [ 93.360416666666111, 28.097916666666215 ], [ 93.368749999999437, 28.093749999999552 ] ] } },
{ "type": "Feature", "properties": { }, "geometry": { "type": "LineString", "coordinates": [ [ 92.993749999999437, 27.981249999999569 ], [ 92.997916666666157, 27.981249999999569 ] ] } },
{ "type": "Feature", "properties": { }, "geometry": { "type": "LineString", "coordinates": [ [ 92.981249999999449, 27.981249999999569 ], [ 92.993749999999437, 27.981249999999569 ] ] } },
{ "type": "Feature", "properties": { }, "geometry": { "type": "LineString", "coordinates": [ [ 93.297916666666168, 28.102083333332921 ], [ 93.310416666666214, 28.106249999999569 ] ] } },
{ "type": "Feature", "properties": { }, "geometry": { "type": "LineString", "coordinates": [ [ 93.28541666666618, 28.114583333332895 ], [ 93.297916666666168, 28.102083333332921 ] ] } },
{ "type": "Feature", "properties": { }, "geometry": { "type": "LineString", "coordinates": [ [ 93.268749999999471, 28.127083333332912 ], [ 93.28541666666618, 28.114583333332895 ] ] } },
{ "type": "Feature", "properties": { }, "geometry": { "type": "LineString", "coordinates": [ [ 93.260416666666146, 28.127083333332912 ], [ 93.268749999999471, 28.127083333332912 ] ] } },
{ "type": "Feature", "properties": { }, "geometry": { "type": "LineString", "coordinates": [ [ 93.243749999999437, 28.131249999999575 ], [ 93.256249999999483, 28.131249999999575 ], [ 93.260416666666146, 28.127083333332912 ] ] } },
{ "type": "Feature", "properties": { }, "geometry": { "type": "LineString", "coordinates": [ [ 93.222916666666066, 28.139583333332887 ], [ 93.235416666666111, 28.131249999999575 ], [ 93.243749999999437, 28.131249999999575 ] ] } },
{ "type": "Feature", "properties": { }, "geometry": { "type": "LineString", "coordinates": [ [ 93.21458333333274, 28.147916666666198 ], [ 93.222916666666066, 28.139583333332887 ] ] } },
{ "type": "Feature", "properties": { }, "geometry": { "type": "LineString", "coordinates": [ [ 93.202083333332752, 28.164583333332878 ], [ 93.202083333332752, 28.160416666666215 ], [ 93.21458333333274, 28.147916666666198 ] ] } },
{ "type": "Feature", "properties": { }, "geometry": { "type": "LineString", "coordinates": [ [ 94.206249999999471, 28.002083333332898 ], [ 94.214583333332797, 27.997916666666249 ] ] } },
{ "type": "Feature", "properties": { }, "geometry": { "type": "LineString", "coordinates": [ [ 94.202083333332808, 28.006249999999561 ], [ 94.206249999999471, 28.002083333332898 ] ] } },
{ "type": "Feature", "properties": { }, "geometry": { "type": "LineString", "coordinates": [ [ 94.202083333332808, 28.014583333332887 ], [ 94.202083333332808, 28.006249999999561 ] ] } },
{ "type": "Feature", "properties": { }, "geometry": { "type": "LineString", "coordinates": [ [ 94.197916666666146, 28.018749999999535 ], [ 94.202083333332808, 28.014583333332887 ] ] } },
{ "type": "Feature", "properties": { }, "geometry": { "type": "LineString", "coordinates": [ [ 94.197916666666146, 28.031249999999552 ], [ 94.197916666666146, 28.018749999999535 ] ] } },
{ "type": "Feature", "properties": { }, "geometry": { "type": "LineString", "coordinates": [ [ 94.193749999999483, 28.035416666666215 ], [ 94.197916666666146, 28.031249999999552 ] ] } },
{ "type": "Feature", "properties": { }, "geometry": { "type": "LineString", "coordinates": [ [ 94.1854166666661, 28.047916666666232 ], [ 94.193749999999483, 28.039583333332878 ], [ 94.193749999999483, 28.035416666666215 ] ] } },
{ "type": "Feature", "properties": { }, "geometry": { "type": "LineString", "coordinates": [ [ 94.118749999999551, 28.043749999999569 ], [ 94.127083333332763, 28.043749999999569 ] ] } },
{ "type": "Feature", "properties": { }, "geometry": { "type": "LineString", "coordinates": [ [ 94.127083333332763, 28.043749999999569 ], [ 94.135416666666089, 28.043749999999569 ] ] } },
{ "type": "Feature", "properties": { }, "geometry": { "type": "LineString", "coordinates": [ [ 94.135416666666089, 28.043749999999569 ], [ 94.143749999999415, 28.047916666666232 ] ] } },
{ "type": "Feature", "properties": { }, "geometry": { "type": "LineString", "coordinates": [ [ 93.847916666666066, 28.010416666666224 ], [ 93.83958333333274, 28.002083333332898 ], [ 93.83958333333274, 27.997916666666249 ] ] } },
{ "type": "Feature", "properties": { }, "geometry": { "type": "LineString", "coordinates": [ [ 93.847916666666066, 28.014583333332887 ], [ 93.847916666666066, 28.010416666666224 ] ] } },
{ "type": "Feature", "properties": { }, "geometry": { "type": "LineString", "coordinates": [ [ 93.847916666666066, 28.018749999999535 ], [ 93.847916666666066, 28.014583333332887 ] ] } },
{ "type": "Feature", "properties": { }, "geometry": { "type": "LineString", "coordinates": [ [ 93.843749999999403, 28.022916666666241 ], [ 93.847916666666066, 28.018749999999535 ] ] } },
{ "type": "Feature", "properties": { }, "geometry": { "type": "LineString", "coordinates": [ [ 93.83958333333274, 28.027083333332904 ], [ 93.843749999999403, 28.022916666666241 ] ] } },
{ "type": "Feature", "properties": { }, "geometry": { "type": "LineString", "coordinates": [ [ 93.81458333333282, 28.047916666666232 ], [ 93.831249999999528, 28.031249999999552 ], [ 93.83958333333274, 28.027083333332904 ] ] } },
{ "type": "Feature", "properties": { }, "geometry": { "type": "LineString", "coordinates": [ [ 93.81458333333282, 28.052083333332895 ], [ 93.81458333333282, 28.047916666666232 ] ] } },
{ "type": "Feature", "properties": { }, "geometry": { "type": "LineString", "coordinates": [ [ 93.802083333332774, 28.06458333333287 ], [ 93.81458333333282, 28.052083333332895 ] ] } },
{ "type": "Feature", "properties": { }, "geometry": { "type": "LineString", "coordinates": [ [ 93.797916666666111, 28.06458333333287 ], [ 93.802083333332774, 28.06458333333287 ] ] } },
{ "type": "Feature", "properties": { }, "geometry": { "type": "LineString", "coordinates": [ [ 93.777083333332797, 28.077083333332887 ], [ 93.797916666666111, 28.06458333333287 ] ] } },
{ "type": "Feature", "properties": { }, "geometry": { "type": "LineString", "coordinates": [ [ 94.181249999999437, 28.052083333332895 ], [ 94.1854166666661, 28.047916666666232 ] ] } },
{ "type": "Feature", "properties": { }, "geometry": { "type": "LineString", "coordinates": [ [ 94.143749999999415, 28.047916666666232 ], [ 94.15208333333274, 28.052083333332895 ] ] } },
{ "type": "Feature", "properties": { }, "geometry": { "type": "LineString", "coordinates": [ [ 94.177083333332774, 28.056249999999544 ], [ 94.181249999999437, 28.052083333332895 ] ] } },
{ "type": "Feature", "properties": { }, "geometry": { "type": "LineString", "coordinates": [ [ 94.1854166666661, 28.056249999999544 ], [ 94.181249999999437, 28.052083333332895 ] ] } },
{ "type": "Feature", "properties": { }, "geometry": { "type": "LineString", "coordinates": [ [ 94.15208333333274, 28.052083333332895 ], [ 94.160416666666066, 28.056249999999544 ], [ 94.164583333332729, 28.06458333333287 ] ] } },
{ "type": "Feature", "properties": { }, "geometry": { "type": "LineString", "coordinates": [ [ 94.164583333332729, 28.06458333333287 ], [ 94.172916666666111, 28.06458333333287 ], [ 94.177083333332774, 28.056249999999544 ] ] } },
{ "type": "Feature", "properties": { }, "geometry": { "type": "LineString", "coordinates": [ [ 94.193749999999483, 28.068749999999561 ], [ 94.1854166666661, 28.060416666666207 ], [ 94.1854166666661, 28.056249999999544 ] ] } },
{ "type": "Feature", "properties": { }, "geometry": { "type": "LineString", "coordinates": [ [ 94.156249999999403, 28.072916666666224 ], [ 94.164583333332729, 28.06458333333287 ] ] } },
{ "type": "Feature", "properties": { }, "geometry": { "type": "LineString", "coordinates": [ [ 94.206249999999471, 28.068749999999561 ], [ 94.193749999999483, 28.068749999999561 ] ] } },
{ "type": "Feature", "properties": { }, "geometry": { "type": "LineString", "coordinates": [ [ 94.22291666666618, 28.072916666666224 ], [ 94.214583333332797, 28.068749999999561 ], [ 94.206249999999471, 28.068749999999561 ] ] } },
{ "type": "Feature", "properties": { }, "geometry": { "type": "LineString", "coordinates": [ [ 94.097916666666066, 28.043749999999569 ], [ 94.114583333332718, 28.043749999999569 ] ] } },
{ "type": "Feature", "properties": { }, "geometry": { "type": "LineString", "coordinates": [ [ 93.968749999999403, 28.043749999999569 ], [ 93.972916666666066, 28.043749999999569 ] ] } },
{ "type": "Feature", "properties": { }, "geometry": { "type": "LineString", "coordinates": [ [ 94.077083333332808, 28.043749999999569 ], [ 94.085416666666134, 28.043749999999569 ] ] } },
{ "type": "Feature", "properties": { }, "geometry": { "type": "LineString", "coordinates": [ [ 93.985416666666225, 28.043749999999569 ], [ 94.002083333332763, 28.043749999999569 ] ] } },
{ "type": "Feature", "properties": { }, "geometry": { "type": "LineString", "coordinates": [ [ 93.952083333332808, 28.056249999999544 ], [ 93.956249999999471, 28.056249999999544 ], [ 93.968749999999403, 28.043749999999569 ] ] } },
{ "type": "Feature", "properties": { }, "geometry": { "type": "LineString", "coordinates": [ [ 93.943749999999369, 28.060416666666207 ], [ 93.952083333332808, 28.056249999999544 ] ] } },
{ "type": "Feature", "properties": { }, "geometry": { "type": "LineString", "coordinates": [ [ 94.097916666666066, 28.118749999999558 ], [ 94.110416666666055, 28.122916666666207 ] ] } },
{ "type": "Feature", "properties": { }, "geometry": { "type": "LineString", "coordinates": [ [ 94.106249999999392, 28.127083333332912 ], [ 94.110416666666055, 28.122916666666207 ] ] } },
{ "type": "Feature", "properties": { }, "geometry": { "type": "LineString", "coordinates": [ [ 94.047916666666111, 28.135416666666224 ], [ 94.0604166666661, 28.127083333332912 ], [ 94.106249999999392, 28.127083333332912 ] ] } },
{ "type": "Feature", "properties": { }, "geometry": { "type": "LineString", "coordinates": [ [ 94.043749999999449, 28.139583333332887 ], [ 94.047916666666111, 28.135416666666224 ] ] } },
{ "type": "Feature", "properties": { }, "geometry": { "type": "LineString", "coordinates": [ [ 94.147916666666077, 28.097916666666215 ], [ 94.147916666666077, 28.085416666666198 ], [ 94.156249999999403, 28.077083333332887 ], [ 94.156249999999403, 28.072916666666224 ] ] } },
{ "type": "Feature", "properties": { }, "geometry": { "type": "LineString", "coordinates": [ [ 94.135416666666089, 28.102083333332921 ], [ 94.143749999999415, 28.102083333332921 ], [ 94.147916666666077, 28.097916666666215 ] ] } },
{ "type": "Feature", "properties": { }, "geometry": { "type": "LineString", "coordinates": [ [ 94.15208333333274, 28.102083333332921 ], [ 94.147916666666077, 28.097916666666215 ] ] } },
{ "type": "Feature", "properties": { }, "geometry": { "type": "LineString", "coordinates": [ [ 94.156249999999403, 28.110416666666232 ], [ 94.15208333333274, 28.102083333332921 ] ] } },
{ "type": "Feature", "properties": { }, "geometry": { "type": "LineString", "coordinates": [ [ 94.110416666666055, 28.122916666666207 ], [ 94.127083333332763, 28.106249999999569 ], [ 94.135416666666089, 28.102083333332921 ] ] } },
{ "type": "Feature", "properties": { }, "geometry": { "type": "LineString", "coordinates": [ [ 94.156249999999403, 28.127083333332912 ], [ 94.156249999999403, 28.110416666666232 ] ] } },
{ "type": "Feature", "properties": { }, "geometry": { "type": "LineString", "coordinates": [ [ 94.156249999999403, 28.131249999999575 ], [ 94.156249999999403, 28.127083333332912 ] ] } },
{ "type": "Feature", "properties": { }, "geometry": { "type": "LineString", "coordinates": [ [ 94.156249999999403, 28.139583333332887 ], [ 94.156249999999403, 28.131249999999575 ] ] } },
{ "type": "Feature", "properties": { }, "geometry": { "type": "LineString", "coordinates": [ [ 94.156249999999403, 28.14374999999955 ], [ 94.156249999999403, 28.139583333332887 ] ] } },
{ "type": "Feature", "properties": { }, "geometry": { "type": "LineString", "coordinates": [ [ 94.156249999999403, 28.147916666666198 ], [ 94.156249999999403, 28.14374999999955 ] ] } },
{ "type": "Feature", "properties": { }, "geometry": { "type": "LineString", "coordinates": [ [ 94.039583333332786, 28.14374999999955 ], [ 94.043749999999449, 28.139583333332887 ] ] } },
{ "type": "Feature", "properties": { }, "geometry": { "type": "LineString", "coordinates": [ [ 94.035416666666066, 28.147916666666198 ], [ 94.039583333332786, 28.14374999999955 ] ] } },
{ "type": "Feature", "properties": { }, "geometry": { "type": "LineString", "coordinates": [ [ 94.02708333333274, 28.156249999999567 ], [ 94.035416666666066, 28.147916666666198 ] ] } },
{ "type": "Feature", "properties": { }, "geometry": { "type": "LineString", "coordinates": [ [ 94.022916666666077, 28.160416666666215 ], [ 94.02708333333274, 28.156249999999567 ] ] } },
{ "type": "Feature", "properties": { }, "geometry": { "type": "LineString", "coordinates": [ [ 94.002083333332763, 28.168749999999541 ], [ 94.006249999999369, 28.164583333332878 ], [ 94.018749999999415, 28.164583333332878 ], [ 94.022916666666077, 28.160416666666215 ] ] } },
{ "type": "Feature", "properties": { }, "geometry": { "type": "LineString", "coordinates": [ [ 93.985416666666225, 28.181249999999558 ], [ 93.997916666666043, 28.168749999999541 ], [ 94.002083333332763, 28.168749999999541 ] ] } },
{ "type": "Feature", "properties": { }, "geometry": { "type": "LineString", "coordinates": [ [ 93.981249999999392, 28.185416666666207 ], [ 93.985416666666225, 28.181249999999558 ] ] } },
{ "type": "Feature", "properties": { }, "geometry": { "type": "LineString", "coordinates": [ [ 93.968749999999403, 28.185416666666207 ], [ 93.981249999999392, 28.185416666666207 ] ] } },
{ "type": "Feature", "properties": { }, "geometry": { "type": "LineString", "coordinates": [ [ 93.964583333332854, 28.18958333333287 ], [ 93.968749999999403, 28.185416666666207 ] ] } },
{ "type": "Feature", "properties": { }, "geometry": { "type": "LineString", "coordinates": [ [ 93.952083333332808, 28.18958333333287 ], [ 93.964583333332854, 28.18958333333287 ] ] } },
{ "type": "Feature", "properties": { }, "geometry": { "type": "LineString", "coordinates": [ [ 94.156249999999403, 28.152083333332861 ], [ 94.156249999999403, 28.147916666666198 ] ] } },
{ "type": "Feature", "properties": { }, "geometry": { "type": "LineString", "coordinates": [ [ 94.156249999999403, 28.156249999999567 ], [ 94.156249999999403, 28.152083333332861 ] ] } },
{ "type": "Feature", "properties": { }, "geometry": { "type": "LineString", "coordinates": [ [ 94.156249999999403, 28.160416666666215 ], [ 94.156249999999403, 28.156249999999567 ] ] } },
{ "type": "Feature", "properties": { }, "geometry": { "type": "LineString", "coordinates": [ [ 94.156249999999403, 28.168749999999541 ], [ 94.156249999999403, 28.160416666666215 ] ] } },
{ "type": "Feature", "properties": { }, "geometry": { "type": "LineString", "coordinates": [ [ 94.156249999999403, 28.172916666666232 ], [ 94.156249999999403, 28.168749999999541 ] ] } },
{ "type": "Feature", "properties": { }, "geometry": { "type": "LineString", "coordinates": [ [ 94.15208333333274, 28.181249999999558 ], [ 94.156249999999403, 28.172916666666232 ] ] } },
{ "type": "Feature", "properties": { }, "geometry": { "type": "LineString", "coordinates": [ [ 94.160416666666066, 28.20624999999955 ], [ 94.160416666666066, 28.18958333333287 ], [ 94.15208333333274, 28.181249999999558 ] ] } },
{ "type": "Feature", "properties": { }, "geometry": { "type": "LineString", "coordinates": [ [ 94.160416666666066, 28.210416666666198 ], [ 94.160416666666066, 28.20624999999955 ] ] } },
{ "type": "Feature", "properties": { }, "geometry": { "type": "LineString", "coordinates": [ [ 94.160416666666066, 28.214583333332861 ], [ 94.160416666666066, 28.210416666666198 ] ] } },
{ "type": "Feature", "properties": { }, "geometry": { "type": "LineString", "coordinates": [ [ 94.160416666666066, 28.227083333332878 ], [ 94.156249999999403, 28.222916666666229 ], [ 94.160416666666066, 28.214583333332861 ] ] } },
{ "type": "Feature", "properties": { }, "geometry": { "type": "LineString", "coordinates": [ [ 93.777083333332797, 28.089583333332904 ], [ 93.777083333332797, 28.077083333332887 ] ] } },
{ "type": "Feature", "properties": { }, "geometry": { "type": "LineString", "coordinates": [ [ 93.772916666666077, 28.093749999999552 ], [ 93.777083333332797, 28.089583333332904 ] ] } },
{ "type": "Feature", "properties": { }, "geometry": { "type": "LineString", "coordinates": [ [ 93.772916666666077, 28.102083333332921 ], [ 93.772916666666077, 28.093749999999552 ] ] } },
{ "type": "Feature", "properties": { }, "geometry": { "type": "LineString", "coordinates": [ [ 93.777083333332797, 28.110416666666232 ], [ 93.772916666666077, 28.102083333332921 ] ] } },
{ "type": "Feature", "properties": { }, "geometry": { "type": "LineString", "coordinates": [ [ 93.777083333332797, 28.118749999999558 ], [ 93.78124999999946, 28.114583333332895 ], [ 93.777083333332797, 28.110416666666232 ] ] } },
{ "type": "Feature", "properties": { }, "geometry": { "type": "LineString", "coordinates": [ [ 93.768749999999415, 28.127083333332912 ], [ 93.777083333332797, 28.118749999999558 ] ] } },
{ "type": "Feature", "properties": { }, "geometry": { "type": "LineString", "coordinates": [ [ 93.918749999999449, 28.372916666666221 ], [ 93.931249999999437, 28.372916666666221 ], [ 93.935416666666157, 28.368749999999558 ], [ 93.943749999999369, 28.368749999999558 ] ] } },
{ "type": "Feature", "properties": { }, "geometry": { "type": "LineString", "coordinates": [ [ 93.914583333332786, 28.377083333332884 ], [ 93.918749999999449, 28.372916666666221 ] ] } },
{ "type": "Feature", "properties": { }, "geometry": { "type": "LineString", "coordinates": [ [ 93.910416666666123, 28.377083333332884 ], [ 93.914583333332786, 28.377083333332884 ] ] } },
{ "type": "Feature", "properties": { }, "geometry": { "type": "LineString", "coordinates": [ [ 93.906249999999403, 28.381249999999532 ], [ 93.910416666666123, 28.377083333332884 ] ] } },
{ "type": "Feature", "properties": { }, "geometry": { "type": "LineString", "coordinates": [ [ 94.181249999999437, 28.227083333332878 ], [ 94.177083333332774, 28.231249999999541 ], [ 94.172916666666111, 28.227083333332878 ], [ 94.160416666666066, 28.227083333332878 ] ] } },
{ "type": "Feature", "properties": { }, "geometry": { "type": "LineString", "coordinates": [ [ 94.1854166666661, 28.231249999999541 ], [ 94.181249999999437, 28.227083333332878 ] ] } },
{ "type": "Feature", "properties": { }, "geometry": { "type": "LineString", "coordinates": [ [ 94.156249999999403, 28.235416666666246 ], [ 94.160416666666066, 28.227083333332878 ] ] } },
{ "type": "Feature", "properties": { }, "geometry": { "type": "LineString", "coordinates": [ [ 94.189583333332763, 28.235416666666246 ], [ 94.1854166666661, 28.231249999999541 ] ] } },
{ "type": "Feature", "properties": { }, "geometry": { "type": "LineString", "coordinates": [ [ 94.193749999999483, 28.235416666666246 ], [ 94.189583333332763, 28.235416666666246 ] ] } },
{ "type": "Feature", "properties": { }, "geometry": { "type": "LineString", "coordinates": [ [ 94.22291666666618, 28.235416666666246 ], [ 94.214583333332797, 28.239583333332895 ] ] } },
{ "type": "Feature", "properties": { }, "geometry": { "type": "LineString", "coordinates": [ [ 94.202083333332808, 28.239583333332895 ], [ 94.193749999999483, 28.235416666666246 ] ] } },
{ "type": "Feature", "properties": { }, "geometry": { "type": "LineString", "coordinates": [ [ 94.147916666666077, 28.239583333332895 ], [ 94.156249999999403, 28.235416666666246 ] ] } },
{ "type": "Feature", "properties": { }, "geometry": { "type": "LineString", "coordinates": [ [ 94.214583333332797, 28.239583333332895 ], [ 94.206249999999471, 28.239583333332895 ] ] } },
{ "type": "Feature", "properties": { }, "geometry": { "type": "LineString", "coordinates": [ [ 94.206249999999471, 28.239583333332895 ], [ 94.202083333332808, 28.239583333332895 ] ] } },
{ "type": "Feature", "properties": { }, "geometry": { "type": "LineString", "coordinates": [ [ 93.947916666666146, 28.193749999999575 ], [ 93.952083333332808, 28.18958333333287 ] ] } },
{ "type": "Feature", "properties": { }, "geometry": { "type": "LineString", "coordinates": [ [ 94.114583333332718, 28.256249999999532 ], [ 94.122916666666043, 28.247916666666221 ], [ 94.127083333332763, 28.247916666666221 ] ] } },
{ "type": "Feature", "properties": { }, "geometry": { "type": "LineString", "coordinates": [ [ 94.110416666666055, 28.264583333332887 ], [ 94.114583333332718, 28.256249999999532 ] ] } },
{ "type": "Feature", "properties": { }, "geometry": { "type": "LineString", "coordinates": [ [ 94.106249999999392, 28.26874999999955 ], [ 94.110416666666055, 28.264583333332887 ] ] } },
{ "type": "Feature", "properties": { }, "geometry": { "type": "LineString", "coordinates": [ [ 94.097916666666066, 28.272916666666255 ], [ 94.106249999999392, 28.26874999999955 ] ] } },
{ "type": "Feature", "properties": { }, "geometry": { "type": "LineString", "coordinates": [ [ 94.089583333332854, 28.281249999999524 ], [ 94.097916666666066, 28.272916666666255 ] ] } },
{ "type": "Feature", "properties": { }, "geometry": { "type": "LineString", "coordinates": [ [ 94.085416666666134, 28.285416666666229 ], [ 94.089583333332854, 28.281249999999524 ] ] } },
{ "type": "Feature", "properties": { }, "geometry": { "type": "LineString", "coordinates": [ [ 94.077083333332808, 28.289583333332878 ], [ 94.085416666666134, 28.285416666666229 ] ] } },
{ "type": "Feature", "properties": { }, "geometry": { "type": "LineString", "coordinates": [ [ 94.072916666666146, 28.293749999999541 ], [ 94.077083333332808, 28.289583333332878 ] ] } },
{ "type": "Feature", "properties": { }, "geometry": { "type": "LineString", "coordinates": [ [ 94.072916666666146, 28.297916666666246 ], [ 94.072916666666146, 28.293749999999541 ] ] } },
{ "type": "Feature", "properties": { }, "geometry": { "type": "LineString", "coordinates": [ [ 93.597916666666066, 28.093749999999552 ], [ 93.597916666666066, 28.089583333332904 ], [ 93.606249999999392, 28.081249999999535 ] ] } },
{ "type": "Feature", "properties": { }, "geometry": { "type": "LineString", "coordinates": [ [ 93.652083333332797, 28.102083333332921 ], [ 93.652083333332797, 28.085416666666198 ], [ 93.65624999999946, 28.081249999999535 ] ] } },
{ "type": "Feature", "properties": { }, "geometry": { "type": "LineString", "coordinates": [ [ 93.593749999999403, 28.097916666666215 ], [ 93.597916666666066, 28.093749999999552 ] ] } },
{ "type": "Feature", "properties": { }, "geometry": { "type": "LineString", "coordinates": [ [ 93.581249999999415, 28.106249999999569 ], [ 93.585416666666077, 28.106249999999569 ], [ 93.593749999999403, 28.097916666666215 ] ] } },
{ "type": "Feature", "properties": { }, "geometry": { "type": "LineString", "coordinates": [ [ 93.652083333332797, 28.106249999999569 ], [ 93.652083333332797, 28.102083333332921 ] ] } },
{ "type": "Feature", "properties": { }, "geometry": { "type": "LineString", "coordinates": [ [ 93.56874999999954, 28.118749999999558 ], [ 93.581249999999415, 28.106249999999569 ] ] } },
{ "type": "Feature", "properties": { }, "geometry": { "type": "LineString", "coordinates": [ [ 93.65624999999946, 28.122916666666207 ], [ 93.652083333332797, 28.118749999999558 ], [ 93.65624999999946, 28.114583333332895 ], [ 93.652083333332797, 28.106249999999569 ] ] } },
{ "type": "Feature", "properties": { }, "geometry": { "type": "LineString", "coordinates": [ [ 93.56458333333282, 28.122916666666207 ], [ 93.56874999999954, 28.118749999999558 ] ] } },
{ "type": "Feature", "properties": { }, "geometry": { "type": "LineString", "coordinates": [ [ 93.547916666666168, 28.131249999999575 ], [ 93.56458333333282, 28.122916666666207 ] ] } },
{ "type": "Feature", "properties": { }, "geometry": { "type": "LineString", "coordinates": [ [ 93.664583333332786, 28.131249999999575 ], [ 93.65624999999946, 28.122916666666207 ] ] } },
{ "type": "Feature", "properties": { }, "geometry": { "type": "LineString", "coordinates": [ [ 93.40624999999946, 28.102083333332921 ], [ 93.40624999999946, 28.093749999999552 ] ] } },
{ "type": "Feature", "properties": { }, "geometry": { "type": "LineString", "coordinates": [ [ 93.352083333332786, 28.106249999999569 ], [ 93.360416666666111, 28.097916666666215 ] ] } },
{ "type": "Feature", "properties": { }, "geometry": { "type": "LineString", "coordinates": [ [ 93.34374999999946, 28.110416666666232 ], [ 93.352083333332786, 28.106249999999569 ] ] } },
{ "type": "Feature", "properties": { }, "geometry": { "type": "LineString", "coordinates": [ [ 93.410416666666123, 28.114583333332895 ], [ 93.40624999999946, 28.110416666666232 ], [ 93.40624999999946, 28.102083333332921 ] ] } },
{ "type": "Feature", "properties": { }, "geometry": { "type": "LineString", "coordinates": [ [ 93.310416666666214, 28.106249999999569 ], [ 93.314583333332763, 28.110416666666232 ], [ 93.327083333332752, 28.110416666666232 ], [ 93.331249999999415, 28.114583333332895 ] ] } },
{ "type": "Feature", "properties": { }, "geometry": { "type": "LineString", "coordinates": [ [ 93.331249999999415, 28.114583333332895 ], [ 93.335416666666077, 28.110416666666232 ], [ 93.34374999999946, 28.110416666666232 ] ] } },
{ "type": "Feature", "properties": { }, "geometry": { "type": "LineString", "coordinates": [ [ 93.410416666666123, 28.118749999999558 ], [ 93.410416666666123, 28.114583333332895 ] ] } },
{ "type": "Feature", "properties": { }, "geometry": { "type": "LineString", "coordinates": [ [ 93.414583333332843, 28.122916666666207 ], [ 93.410416666666123, 28.118749999999558 ] ] } },
{ "type": "Feature", "properties": { }, "geometry": { "type": "LineString", "coordinates": [ [ 93.414583333332843, 28.135416666666224 ], [ 93.414583333332843, 28.122916666666207 ] ] } },
{ "type": "Feature", "properties": { }, "geometry": { "type": "LineString", "coordinates": [ [ 93.53124999999946, 28.147916666666198 ], [ 93.535416666666123, 28.147916666666198 ], [ 93.543749999999505, 28.139583333332887 ], [ 93.547916666666168, 28.131249999999575 ] ] } },
{ "type": "Feature", "properties": { }, "geometry": { "type": "LineString", "coordinates": [ [ 93.664583333332786, 28.14374999999955 ], [ 93.664583333332786, 28.131249999999575 ] ] } },
{ "type": "Feature", "properties": { }, "geometry": { "type": "LineString", "coordinates": [ [ 93.664583333332786, 28.147916666666198 ], [ 93.664583333332786, 28.14374999999955 ] ] } },
{ "type": "Feature", "properties": { }, "geometry": { "type": "LineString", "coordinates": [ [ 93.664583333332786, 28.156249999999567 ], [ 93.664583333332786, 28.147916666666198 ] ] } },
{ "type": "Feature", "properties": { }, "geometry": { "type": "LineString", "coordinates": [ [ 93.660416666666123, 28.164583333332878 ], [ 93.664583333332786, 28.156249999999567 ] ] } },
{ "type": "Feature", "properties": { }, "geometry": { "type": "LineString", "coordinates": [ [ 93.65624999999946, 28.168749999999541 ], [ 93.660416666666123, 28.164583333332878 ] ] } },
{ "type": "Feature", "properties": { }, "geometry": { "type": "LineString", "coordinates": [ [ 93.652083333332797, 28.181249999999558 ], [ 93.65624999999946, 28.177083333332895 ], [ 93.65624999999946, 28.168749999999541 ] ] } },
{ "type": "Feature", "properties": { }, "geometry": { "type": "LineString", "coordinates": [ [ 93.652083333332797, 28.197916666666224 ], [ 93.652083333332797, 28.181249999999558 ] ] } },
{ "type": "Feature", "properties": { }, "geometry": { "type": "LineString", "coordinates": [ [ 93.65624999999946, 28.202083333332887 ], [ 93.652083333332797, 28.197916666666224 ] ] } },
{ "type": "Feature", "properties": { }, "geometry": { "type": "LineString", "coordinates": [ [ 93.65624999999946, 28.210416666666198 ], [ 93.65624999999946, 28.202083333332887 ] ] } },
{ "type": "Feature", "properties": { }, "geometry": { "type": "LineString", "coordinates": [ [ 93.65624999999946, 28.222916666666229 ], [ 93.65624999999946, 28.210416666666198 ] ] } },
{ "type": "Feature", "properties": { }, "geometry": { "type": "LineString", "coordinates": [ [ 93.414583333332843, 28.147916666666198 ], [ 93.414583333332843, 28.135416666666224 ] ] } },
{ "type": "Feature", "properties": { }, "geometry": { "type": "LineString", "coordinates": [ [ 93.518749999999471, 28.147916666666198 ], [ 93.53124999999946, 28.147916666666198 ] ] } },
{ "type": "Feature", "properties": { }, "geometry": { "type": "LineString", "coordinates": [ [ 93.414583333332843, 28.156249999999567 ], [ 93.414583333332843, 28.147916666666198 ] ] } },
{ "type": "Feature", "properties": { }, "geometry": { "type": "LineString", "coordinates": [ [ 93.414583333332843, 28.160416666666215 ], [ 93.414583333332843, 28.156249999999567 ] ] } },
{ "type": "Feature", "properties": { }, "geometry": { "type": "LineString", "coordinates": [ [ 93.410416666666123, 28.181249999999558 ], [ 93.414583333332843, 28.172916666666232 ], [ 93.414583333332843, 28.160416666666215 ] ] } },
{ "type": "Feature", "properties": { }, "geometry": { "type": "LineString", "coordinates": [ [ 93.40624999999946, 28.18958333333287 ], [ 93.410416666666123, 28.181249999999558 ] ] } },
{ "type": "Feature", "properties": { }, "geometry": { "type": "LineString", "coordinates": [ [ 93.527083333332797, 28.356249999999541 ], [ 93.535416666666123, 28.356249999999541 ] ] } },
{ "type": "Feature", "properties": { }, "geometry": { "type": "LineString", "coordinates": [ [ 93.535416666666123, 28.356249999999541 ], [ 93.539583333332786, 28.356249999999541 ] ] } },
{ "type": "Feature", "properties": { }, "geometry": { "type": "LineString", "coordinates": [ [ 93.539583333332786, 28.356249999999541 ], [ 93.543749999999505, 28.360416666666204 ] ] } },
{ "type": "Feature", "properties": { }, "geometry": { "type": "LineString", "coordinates": [ [ 93.514583333332752, 28.364583333332909 ], [ 93.527083333332797, 28.356249999999541 ] ] } },
{ "type": "Feature", "properties": { }, "geometry": { "type": "LineString", "coordinates": [ [ 93.664583333332786, 28.235416666666246 ], [ 93.65624999999946, 28.222916666666229 ] ] } },
{ "type": "Feature", "properties": { }, "geometry": { "type": "LineString", "coordinates": [ [ 93.543749999999505, 28.360416666666204 ], [ 93.547916666666168, 28.360416666666204 ] ] } },
{ "type": "Feature", "properties": { }, "geometry": { "type": "LineString", "coordinates": [ [ 93.547916666666168, 28.360416666666204 ], [ 93.552083333332718, 28.364583333332909 ] ] } },
{ "type": "Feature", "properties": { }, "geometry": { "type": "LineString", "coordinates": [ [ 93.552083333332718, 28.364583333332909 ], [ 93.560416666666043, 28.368749999999558 ] ] } },
{ "type": "Feature", "properties": { }, "geometry": { "type": "LineString", "coordinates": [ [ 93.610416666666111, 28.368749999999558 ], [ 93.618749999999437, 28.368749999999558 ] ] } },
{ "type": "Feature", "properties": { }, "geometry": { "type": "LineString", "coordinates": [ [ 93.572916666666202, 28.368749999999558 ], [ 93.577083333332752, 28.368749999999558 ] ] } },
{ "type": "Feature", "properties": { }, "geometry": { "type": "LineString", "coordinates": [ [ 93.56874999999954, 28.368749999999558 ], [ 93.572916666666202, 28.368749999999558 ] ] } },
{ "type": "Feature", "properties": { }, "geometry": { "type": "LineString", "coordinates": [ [ 93.560416666666043, 28.368749999999558 ], [ 93.56874999999954, 28.368749999999558 ] ] } },
{ "type": "Feature", "properties": { }, "geometry": { "type": "LineString", "coordinates": [ [ 93.58958333333274, 28.368749999999558 ], [ 93.602083333332729, 28.368749999999558 ] ] } },
{ "type": "Feature", "properties": { }, "geometry": { "type": "LineString", "coordinates": [ [ 93.602083333332729, 28.368749999999558 ], [ 93.610416666666111, 28.368749999999558 ] ] } },
{ "type": "Feature", "properties": { }, "geometry": { "type": "LineString", "coordinates": [ [ 93.510416666666089, 28.368749999999558 ], [ 93.514583333332752, 28.364583333332909 ] ] } },
{ "type": "Feature", "properties": { }, "geometry": { "type": "LineString", "coordinates": [ [ 93.506249999999426, 28.372916666666221 ], [ 93.510416666666089, 28.368749999999558 ] ] } },
{ "type": "Feature", "properties": { }, "geometry": { "type": "LineString", "coordinates": [ [ 93.489583333332718, 28.385416666666195 ], [ 93.502083333332763, 28.372916666666221 ], [ 93.506249999999426, 28.372916666666221 ] ] } },
{ "type": "Feature", "properties": { }, "geometry": { "type": "LineString", "coordinates": [ [ 93.443749999999426, 28.385416666666195 ], [ 93.460416666666077, 28.385416666666195 ] ] } },
{ "type": "Feature", "properties": { }, "geometry": { "type": "LineString", "coordinates": [ [ 93.460416666666077, 28.385416666666195 ], [ 93.472916666666066, 28.385416666666195 ] ] } },
{ "type": "Feature", "properties": { }, "geometry": { "type": "LineString", "coordinates": [ [ 93.439583333332877, 28.385416666666195 ], [ 93.443749999999426, 28.385416666666195 ] ] } },
{ "type": "Feature", "properties": { }, "geometry": { "type": "LineString", "coordinates": [ [ 93.427083333332718, 28.389583333332901 ], [ 93.435416666666043, 28.389583333332901 ], [ 93.439583333332877, 28.385416666666195 ] ] } },
{ "type": "Feature", "properties": { }, "geometry": { "type": "LineString", "coordinates": [ [ 93.485416666666111, 28.389583333332901 ], [ 93.489583333332718, 28.385416666666195 ] ] } },
{ "type": "Feature", "properties": { }, "geometry": { "type": "LineString", "coordinates": [ [ 93.472916666666066, 28.385416666666195 ], [ 93.481249999999392, 28.389583333332901 ] ] } },
{ "type": "Feature", "properties": { }, "geometry": { "type": "LineString", "coordinates": [ [ 93.481249999999392, 28.389583333332901 ], [ 93.485416666666111, 28.389583333332901 ] ] } },
{ "type": "Feature", "properties": { }, "geometry": { "type": "LineString", "coordinates": [ [ 93.577083333332752, 28.368749999999558 ], [ 93.58958333333274, 28.368749999999558 ] ] } },
{ "type": "Feature", "properties": { }, "geometry": { "type": "LineString", "coordinates": [ [ 93.618749999999437, 28.368749999999558 ], [ 93.639583333332752, 28.377083333332884 ] ] } },
{ "type": "Feature", "properties": { }, "geometry": { "type": "LineString", "coordinates": [ [ 93.639583333332752, 28.377083333332884 ], [ 93.652083333332797, 28.389583333332901 ] ] } },
{ "type": "Feature", "properties": { }, "geometry": { "type": "LineString", "coordinates": [ [ 93.652083333332797, 28.389583333332901 ], [ 93.65624999999946, 28.39374999999955 ] ] } },
{ "type": "Feature", "properties": { }, "geometry": { "type": "LineString", "coordinates": [ [ 93.65624999999946, 28.39374999999955 ], [ 93.668749999999449, 28.39374999999955 ], [ 93.677083333332831, 28.397916666666212 ] ] } },
{ "type": "Feature", "properties": { }, "geometry": { "type": "LineString", "coordinates": [ [ 93.677083333332831, 28.397916666666212 ], [ 93.697916666666202, 28.397916666666212 ] ] } },
{ "type": "Feature", "properties": { }, "geometry": { "type": "LineString", "coordinates": [ [ 93.697916666666202, 28.397916666666212 ], [ 93.702083333332865, 28.402083333332875 ] ] } },
{ "type": "Feature", "properties": { }, "geometry": { "type": "LineString", "coordinates": [ [ 93.702083333332865, 28.402083333332875 ], [ 93.706249999999415, 28.402083333332875 ] ] } },
{ "type": "Feature", "properties": { }, "geometry": { "type": "LineString", "coordinates": [ [ 93.706249999999415, 28.402083333332875 ], [ 93.710416666666077, 28.402083333332875 ] ] } },
{ "type": "Feature", "properties": { }, "geometry": { "type": "LineString", "coordinates": [ [ 93.710416666666077, 28.402083333332875 ], [ 93.71458333333274, 28.406249999999524 ], [ 93.722916666666066, 28.406249999999524 ] ] } },
{ "type": "Feature", "properties": { }, "geometry": { "type": "LineString", "coordinates": [ [ 93.410416666666123, 28.39374999999955 ], [ 93.414583333332843, 28.389583333332901 ], [ 93.427083333332718, 28.389583333332901 ] ] } },
{ "type": "Feature", "properties": { }, "geometry": { "type": "LineString", "coordinates": [ [ 93.393749999999471, 28.406249999999524 ], [ 93.410416666666123, 28.39374999999955 ] ] } },
{ "type": "Feature", "properties": { }, "geometry": { "type": "LineString", "coordinates": [ [ 93.456249999999415, 28.443749999999547 ], [ 93.456249999999415, 28.427083333332909 ], [ 93.460416666666077, 28.422916666666204 ], [ 93.460416666666077, 28.385416666666195 ] ] } },
{ "type": "Feature", "properties": { }, "geometry": { "type": "LineString", "coordinates": [ [ 93.377083333332763, 28.431249999999572 ], [ 93.381249999999426, 28.422916666666204 ], [ 93.381249999999426, 28.414583333332892 ], [ 93.393749999999471, 28.406249999999524 ] ] } },
{ "type": "Feature", "properties": { }, "geometry": { "type": "LineString", "coordinates": [ [ 93.327083333332752, 28.427083333332909 ], [ 93.335416666666077, 28.418749999999555 ], [ 93.33958333333274, 28.418749999999555 ] ] } },
{ "type": "Feature", "properties": { }, "geometry": { "type": "LineString", "coordinates": [ [ 93.33958333333274, 28.418749999999555 ], [ 93.34374999999946, 28.418749999999555 ], [ 93.356249999999392, 28.435416666666221 ], [ 93.364583333332774, 28.435416666666221 ] ] } },
{ "type": "Feature", "properties": { }, "geometry": { "type": "LineString", "coordinates": [ [ 93.322916666666089, 28.431249999999572 ], [ 93.327083333332752, 28.427083333332909 ] ] } },
{ "type": "Feature", "properties": { }, "geometry": { "type": "LineString", "coordinates": [ [ 93.3729166666661, 28.435416666666221 ], [ 93.377083333332763, 28.431249999999572 ] ] } },
{ "type": "Feature", "properties": { }, "geometry": { "type": "LineString", "coordinates": [ [ 93.364583333332774, 28.435416666666221 ], [ 93.368749999999437, 28.439583333332884 ] ] } },
{ "type": "Feature", "properties": { }, "geometry": { "type": "LineString", "coordinates": [ [ 93.368749999999437, 28.439583333332884 ], [ 93.3729166666661, 28.435416666666221 ] ] } },
{ "type": "Feature", "properties": { }, "geometry": { "type": "LineString", "coordinates": [ [ 93.289583333332843, 28.435416666666221 ], [ 93.297916666666168, 28.435416666666221 ] ] } },
{ "type": "Feature", "properties": { }, "geometry": { "type": "LineString", "coordinates": [ [ 93.277083333332797, 28.435416666666221 ], [ 93.289583333332843, 28.435416666666221 ] ] } },
{ "type": "Feature", "properties": { }, "geometry": { "type": "LineString", "coordinates": [ [ 93.264583333332808, 28.435416666666221 ], [ 93.277083333332797, 28.435416666666221 ] ] } },
{ "type": "Feature", "properties": { }, "geometry": { "type": "LineString", "coordinates": [ [ 93.306249999999551, 28.439583333332884 ], [ 93.322916666666089, 28.431249999999572 ] ] } },
{ "type": "Feature", "properties": { }, "geometry": { "type": "LineString", "coordinates": [ [ 93.21874999999946, 28.439583333332884 ], [ 93.227083333332786, 28.435416666666221 ], [ 93.239583333332774, 28.435416666666221 ] ] } },
{ "type": "Feature", "properties": { }, "geometry": { "type": "LineString", "coordinates": [ [ 93.297916666666168, 28.435416666666221 ], [ 93.306249999999551, 28.439583333332884 ] ] } },
{ "type": "Feature", "properties": { }, "geometry": { "type": "LineString", "coordinates": [ [ 93.239583333332774, 28.435416666666221 ], [ 93.2479166666661, 28.439583333332884 ], [ 93.256249999999483, 28.435416666666221 ], [ 93.264583333332808, 28.435416666666221 ] ] } },
{ "type": "Feature", "properties": { }, "geometry": { "type": "LineString", "coordinates": [ [ 92.868749999999494, 28.014583333332887 ], [ 92.872916666666157, 28.010416666666224 ] ] } },
{ "type": "Feature", "properties": { }, "geometry": { "type": "LineString", "coordinates": [ [ 94.685416666666043, 27.672916666666218 ], [ 94.689583333332763, 27.667188733358451 ] ] } },
{ "type": "Feature", "properties": { }, "geometry": { "type": "LineString", "coordinates": [ [ 94.685416666666043, 27.677083333332909 ], [ 94.685416666666043, 27.672916666666218 ] ] } },
{ "type": "Feature", "properties": { }, "geometry": { "type": "LineString", "coordinates": [ [ 94.864583333332774, 27.772916666666227 ], [ 94.864583333332774, 27.764583333332915 ], [ 94.856249999999449, 27.756249999999547 ], [ 94.860416666666111, 27.752083333332898 ], [ 94.856249999999449, 27.74374999999953 ], [ 94.860416666666111, 27.733307039944492 ] ] } },
{ "type": "Feature", "properties": { }, "geometry": { "type": "LineString", "coordinates": [ [ 94.872916666666157, 27.781249999999581 ], [ 94.864583333332774, 27.772916666666227 ] ] } },
{ "type": "Feature", "properties": { }, "geometry": { "type": "LineString", "coordinates": [ [ 94.885416666666146, 27.793749999999555 ], [ 94.885416666666146, 27.789583333332907 ], [ 94.872916666666157, 27.781249999999581 ] ] } },
{ "type": "Feature", "properties": { }, "geometry": { "type": "LineString", "coordinates": [ [ 94.889583333332695, 27.797916666666218 ], [ 94.885416666666146, 27.793749999999555 ] ] } },
{ "type": "Feature", "properties": { }, "geometry": { "type": "LineString", "coordinates": [ [ 94.5604166666661, 27.772916666666227 ], [ 94.55624999999938, 27.772916666666227 ] ] } },
{ "type": "Feature", "properties": { }, "geometry": { "type": "LineString", "coordinates": [ [ 94.564583333332763, 27.772916666666227 ], [ 94.5604166666661, 27.772916666666227 ] ] } },
{ "type": "Feature", "properties": { }, "geometry": { "type": "LineString", "coordinates": [ [ 94.581249999999415, 27.781249999999581 ], [ 94.564583333332763, 27.772916666666227 ] ] } },
{ "type": "Feature", "properties": { }, "geometry": { "type": "LineString", "coordinates": [ [ 94.59374999999946, 27.789583333332907 ], [ 94.589583333332797, 27.789583333332907 ], [ 94.581249999999415, 27.781249999999581 ] ] } },
{ "type": "Feature", "properties": { }, "geometry": { "type": "LineString", "coordinates": [ [ 94.610416666666111, 27.797916666666218 ], [ 94.602083333332786, 27.789583333332907 ], [ 94.59374999999946, 27.789583333332907 ] ] } },
{ "type": "Feature", "properties": { }, "geometry": { "type": "LineString", "coordinates": [ [ 94.614583333332831, 27.797916666666218 ], [ 94.610416666666111, 27.797916666666218 ] ] } },
{ "type": "Feature", "properties": { }, "geometry": { "type": "LineString", "coordinates": [ [ 94.618749999999494, 27.802083333332881 ], [ 94.614583333332831, 27.797916666666218 ] ] } },
{ "type": "Feature", "properties": { }, "geometry": { "type": "LineString", "coordinates": [ [ 94.372916666666043, 27.722916666666244 ], [ 94.368749999999494, 27.718749999999538 ] ] } },
{ "type": "Feature", "properties": { }, "geometry": { "type": "LineString", "coordinates": [ [ 94.352083333332843, 27.731249999999555 ], [ 94.356249999999505, 27.727083333332907 ], [ 94.352083333332843, 27.718749999999538 ] ] } },
{ "type": "Feature", "properties": { }, "geometry": { "type": "LineString", "coordinates": [ [ 94.389583333332695, 27.727083333332907 ], [ 94.381249999999369, 27.722916666666244 ], [ 94.372916666666043, 27.722916666666244 ] ] } },
{ "type": "Feature", "properties": { }, "geometry": { "type": "LineString", "coordinates": [ [ 94.393749999999415, 27.722916666666244 ], [ 94.389583333332695, 27.727083333332907 ] ] } },
{ "type": "Feature", "properties": { }, "geometry": { "type": "LineString", "coordinates": [ [ 94.406249999999403, 27.731249999999555 ], [ 94.40208333333274, 27.731249999999555 ], [ 94.393749999999415, 27.722916666666244 ] ] } },
{ "type": "Feature", "properties": { }, "geometry": { "type": "LineString", "coordinates": [ [ 94.327083333332808, 27.731249999999555 ], [ 94.331249999999471, 27.727083333332907 ], [ 94.339583333332797, 27.727083333332907 ], [ 94.347916666666123, 27.731249999999555 ] ] } },
{ "type": "Feature", "properties": { }, "geometry": { "type": "LineString", "coordinates": [ [ 94.347916666666123, 27.731249999999555 ], [ 94.352083333332843, 27.731249999999555 ] ] } },
{ "type": "Feature", "properties": { }, "geometry": { "type": "LineString", "coordinates": [ [ 94.322916666666089, 27.735416666666218 ], [ 94.327083333332808, 27.731249999999555 ] ] } },
{ "type": "Feature", "properties": { }, "geometry": { "type": "LineString", "coordinates": [ [ 94.3104166666661, 27.74374999999953 ], [ 94.318749999999426, 27.735416666666218 ], [ 94.322916666666089, 27.735416666666218 ] ] } },
{ "type": "Feature", "properties": { }, "geometry": { "type": "LineString", "coordinates": [ [ 94.3104166666661, 27.747916666666235 ], [ 94.3104166666661, 27.74374999999953 ] ] } },
{ "type": "Feature", "properties": { }, "geometry": { "type": "LineString", "coordinates": [ [ 94.46874999999946, 27.735416666666218 ], [ 94.460416666666134, 27.735416666666218 ], [ 94.456249999999471, 27.731249999999555 ] ] } },
{ "type": "Feature", "properties": { }, "geometry": { "type": "LineString", "coordinates": [ [ 94.485416666666168, 27.735416666666218 ], [ 94.477083333332786, 27.735416666666218 ] ] } },
{ "type": "Feature", "properties": { }, "geometry": { "type": "LineString", "coordinates": [ [ 94.477083333332786, 27.735416666666218 ], [ 94.46874999999946, 27.735416666666218 ] ] } },
{ "type": "Feature", "properties": { }, "geometry": { "type": "LineString", "coordinates": [ [ 94.489583333332718, 27.739583333332881 ], [ 94.485416666666168, 27.735416666666218 ] ] } },
{ "type": "Feature", "properties": { }, "geometry": { "type": "LineString", "coordinates": [ [ 94.493749999999494, 27.74374999999953 ], [ 94.489583333332718, 27.739583333332881 ] ] } },
{ "type": "Feature", "properties": { }, "geometry": { "type": "LineString", "coordinates": [ [ 94.506249999999369, 27.764583333332915 ], [ 94.50208333333282, 27.76041666666621 ], [ 94.50208333333282, 27.752083333332898 ], [ 94.493749999999494, 27.74374999999953 ] ] } },
{ "type": "Feature", "properties": { }, "geometry": { "type": "LineString", "coordinates": [ [ 94.510416666666202, 27.764583333332915 ], [ 94.506249999999369, 27.764583333332915 ] ] } },
{ "type": "Feature", "properties": { }, "geometry": { "type": "LineString", "coordinates": [ [ 94.514583333332695, 27.768749999999564 ], [ 94.510416666666202, 27.764583333332915 ] ] } },
{ "type": "Feature", "properties": { }, "geometry": { "type": "LineString", "coordinates": [ [ 94.52708333333274, 27.777083333332889 ], [ 94.518749999999415, 27.768749999999564 ], [ 94.514583333332695, 27.768749999999564 ] ] } },
{ "type": "Feature", "properties": { }, "geometry": { "type": "LineString", "coordinates": [ [ 94.55624999999938, 27.772916666666227 ], [ 94.547916666666055, 27.772916666666227 ] ] } },
{ "type": "Feature", "properties": { }, "geometry": { "type": "LineString", "coordinates": [ [ 94.314583333332763, 27.756249999999547 ], [ 94.3104166666661, 27.747916666666235 ] ] } },
{ "type": "Feature", "properties": { }, "geometry": { "type": "LineString", "coordinates": [ [ 94.314583333332763, 27.76041666666621 ], [ 94.314583333332763, 27.756249999999547 ] ] } },
{ "type": "Feature", "properties": { }, "geometry": { "type": "LineString", "coordinates": [ [ 94.327083333332808, 27.777083333332889 ], [ 94.314583333332763, 27.76041666666621 ] ] } },
{ "type": "Feature", "properties": { }, "geometry": { "type": "LineString", "coordinates": [ [ 94.268749999999415, 27.772916666666227 ], [ 94.281249999999403, 27.772916666666227 ] ] } },
{ "type": "Feature", "properties": { }, "geometry": { "type": "LineString", "coordinates": [ [ 94.260416666666089, 27.772916666666227 ], [ 94.268749999999415, 27.772916666666227 ] ] } },
{ "type": "Feature", "properties": { }, "geometry": { "type": "LineString", "coordinates": [ [ 94.281249999999403, 27.772916666666227 ], [ 94.289583333332729, 27.772916666666227 ], [ 94.293749999999392, 27.777083333332889 ] ] } },
{ "type": "Feature", "properties": { }, "geometry": { "type": "LineString", "coordinates": [ [ 94.293749999999392, 27.777083333332889 ], [ 94.306249999999437, 27.777083333332889 ] ] } },
{ "type": "Feature", "properties": { }, "geometry": { "type": "LineString", "coordinates": [ [ 94.327083333332808, 27.781249999999581 ], [ 94.327083333332808, 27.777083333332889 ] ] } },
{ "type": "Feature", "properties": { }, "geometry": { "type": "LineString", "coordinates": [ [ 94.306249999999437, 27.777083333332889 ], [ 94.322916666666089, 27.785416666666244 ], [ 94.327083333332808, 27.781249999999581 ] ] } },
{ "type": "Feature", "properties": { }, "geometry": { "type": "LineString", "coordinates": [ [ 94.327083333332808, 27.785416666666244 ], [ 94.327083333332808, 27.781249999999581 ] ] } },
{ "type": "Feature", "properties": { }, "geometry": { "type": "LineString", "coordinates": [ [ 94.331249999999471, 27.789583333332907 ], [ 94.327083333332808, 27.785416666666244 ] ] } },
{ "type": "Feature", "properties": { }, "geometry": { "type": "LineString", "coordinates": [ [ 94.339583333332797, 27.797916666666218 ], [ 94.331249999999471, 27.789583333332907 ] ] } },
{ "type": "Feature", "properties": { }, "geometry": { "type": "LineString", "coordinates": [ [ 94.347916666666123, 27.806249999999572 ], [ 94.339583333332797, 27.797916666666218 ] ] } },
{ "type": "Feature", "properties": { }, "geometry": { "type": "LineString", "coordinates": [ [ 94.347916666666123, 27.810416666666192 ], [ 94.347916666666123, 27.806249999999572 ] ] } },
{ "type": "Feature", "properties": { }, "geometry": { "type": "LineString", "coordinates": [ [ 94.347916666666123, 27.831249999999578 ], [ 94.347916666666123, 27.810416666666192 ] ] } },
{ "type": "Feature", "properties": { }, "geometry": { "type": "LineString", "coordinates": [ [ 94.356249999999505, 27.831249999999578 ], [ 94.347916666666123, 27.831249999999578 ] ] } },
{ "type": "Feature", "properties": { }, "geometry": { "type": "LineString", "coordinates": [ [ 94.368749999999494, 27.835416666666227 ], [ 94.360416666666055, 27.835416666666227 ], [ 94.356249999999505, 27.831249999999578 ] ] } },
{ "type": "Feature", "properties": { }, "geometry": { "type": "LineString", "coordinates": [ [ 94.385416666666089, 27.835416666666227 ], [ 94.377083333332877, 27.835416666666227 ] ] } },
{ "type": "Feature", "properties": { }, "geometry": { "type": "LineString", "coordinates": [ [ 94.339583333332797, 27.839583333332889 ], [ 94.347916666666123, 27.831249999999578 ] ] } },
{ "type": "Feature", "properties": { }, "geometry": { "type": "LineString", "coordinates": [ [ 94.397916666666077, 27.839583333332889 ], [ 94.389583333332695, 27.839583333332889 ], [ 94.385416666666089, 27.835416666666227 ] ] } },
{ "type": "Feature", "properties": { }, "geometry": { "type": "LineString", "coordinates": [ [ 94.547916666666055, 27.772916666666227 ], [ 94.539583333332729, 27.772916666666227 ], [ 94.535416666666066, 27.777083333332889 ] ] } },
{ "type": "Feature", "properties": { }, "geometry": { "type": "LineString", "coordinates": [ [ 94.535416666666066, 27.777083333332889 ], [ 94.531249999999403, 27.777083333332889 ] ] } },
{ "type": "Feature", "properties": { }, "geometry": { "type": "LineString", "coordinates": [ [ 94.531249999999403, 27.777083333332889 ], [ 94.52708333333274, 27.777083333332889 ] ] } },
{ "type": "Feature", "properties": { }, "geometry": { "type": "LineString", "coordinates": [ [ 94.414583333332729, 27.868749999999544 ], [ 94.406249999999403, 27.852083333332907 ] ] } },
{ "type": "Feature", "properties": { }, "geometry": { "type": "LineString", "coordinates": [ [ 94.414583333332729, 27.872916666666235 ], [ 94.414583333332729, 27.868749999999544 ] ] } },
{ "type": "Feature", "properties": { }, "geometry": { "type": "LineString", "coordinates": [ [ 94.418749999999392, 27.88541666666621 ], [ 94.418749999999392, 27.877083333332898 ], [ 94.414583333332729, 27.872916666666235 ] ] } },
{ "type": "Feature", "properties": { }, "geometry": { "type": "LineString", "coordinates": [ [ 94.418749999999392, 27.893749999999578 ], [ 94.418749999999392, 27.88541666666621 ] ] } },
{ "type": "Feature", "properties": { }, "geometry": { "type": "LineString", "coordinates": [ [ 94.422916666666111, 27.897916666666227 ], [ 94.418749999999392, 27.893749999999578 ] ] } },
{ "type": "Feature", "properties": { }, "geometry": { "type": "LineString", "coordinates": [ [ 94.427083333332718, 27.902083333332889 ], [ 94.422916666666111, 27.897916666666227 ] ] } },
{ "type": "Feature", "properties": { }, "geometry": { "type": "LineString", "coordinates": [ [ 94.431249999999437, 27.910416666666244 ], [ 94.427083333332718, 27.902083333332889 ] ] } },
{ "type": "Feature", "properties": { }, "geometry": { "type": "LineString", "coordinates": [ [ 94.377083333332877, 27.835416666666227 ], [ 94.372916666666043, 27.839583333332889 ] ] } },
{ "type": "Feature", "properties": { }, "geometry": { "type": "LineString", "coordinates": [ [ 94.372916666666043, 27.839583333332889 ], [ 94.368749999999494, 27.835416666666227 ] ] } },
{ "type": "Feature", "properties": { }, "geometry": { "type": "LineString", "coordinates": [ [ 94.40208333333274, 27.843749999999552 ], [ 94.397916666666077, 27.839583333332889 ] ] } },
{ "type": "Feature", "properties": { }, "geometry": { "type": "LineString", "coordinates": [ [ 94.335416666666134, 27.843749999999552 ], [ 94.339583333332797, 27.839583333332889 ] ] } },
{ "type": "Feature", "properties": { }, "geometry": { "type": "LineString", "coordinates": [ [ 94.327083333332808, 27.847916666666201 ], [ 94.335416666666134, 27.843749999999552 ] ] } },
{ "type": "Feature", "properties": { }, "geometry": { "type": "LineString", "coordinates": [ [ 94.406249999999403, 27.852083333332907 ], [ 94.40208333333274, 27.843749999999552 ] ] } },
{ "type": "Feature", "properties": { }, "geometry": { "type": "LineString", "coordinates": [ [ 94.322916666666089, 27.860416666666218 ], [ 94.322916666666089, 27.852083333332907 ], [ 94.327083333332808, 27.847916666666201 ] ] } },
{ "type": "Feature", "properties": { }, "geometry": { "type": "LineString", "coordinates": [ [ 94.322916666666089, 27.872916666666235 ], [ 94.322916666666089, 27.860416666666218 ] ] } },
{ "type": "Feature", "properties": { }, "geometry": { "type": "LineString", "coordinates": [ [ 94.322916666666089, 27.881249999999561 ], [ 94.322916666666089, 27.872916666666235 ] ] } },
{ "type": "Feature", "properties": { }, "geometry": { "type": "LineString", "coordinates": [ [ 94.322916666666089, 27.88541666666621 ], [ 94.322916666666089, 27.881249999999561 ] ] } },
{ "type": "Feature", "properties": { }, "geometry": { "type": "LineString", "coordinates": [ [ 94.631249999999369, 27.797916666666218 ], [ 94.62708333333282, 27.802083333332881 ], [ 94.618749999999494, 27.802083333332881 ] ] } },
{ "type": "Feature", "properties": { }, "geometry": { "type": "LineString", "coordinates": [ [ 94.606249999999449, 27.964583333332889 ], [ 94.602083333332786, 27.968749999999552 ] ] } },
{ "type": "Feature", "properties": { }, "geometry": { "type": "LineString", "coordinates": [ [ 94.614583333332831, 27.968749999999552 ], [ 94.606249999999449, 27.964583333332889 ] ] } },
{ "type": "Feature", "properties": { }, "geometry": { "type": "LineString", "coordinates": [ [ 94.564583333332763, 27.968749999999552 ], [ 94.5604166666661, 27.968749999999552 ] ] } },
{ "type": "Feature", "properties": { }, "geometry": { "type": "LineString", "coordinates": [ [ 94.618749999999494, 27.972916666666215 ], [ 94.614583333332831, 27.968749999999552 ] ] } },
{ "type": "Feature", "properties": { }, "geometry": { "type": "LineString", "coordinates": [ [ 94.5604166666661, 27.968749999999552 ], [ 94.552083333332718, 27.972916666666215 ] ] } },
{ "type": "Feature", "properties": { }, "geometry": { "type": "LineString", "coordinates": [ [ 94.577083333332752, 27.972916666666215 ], [ 94.564583333332763, 27.972916666666215 ], [ 94.564583333332763, 27.968749999999552 ] ] } },
{ "type": "Feature", "properties": { }, "geometry": { "type": "LineString", "coordinates": [ [ 94.602083333332786, 27.968749999999552 ], [ 94.59374999999946, 27.972916666666215 ] ] } },
{ "type": "Feature", "properties": { }, "geometry": { "type": "LineString", "coordinates": [ [ 94.59374999999946, 27.972916666666215 ], [ 94.585416666666134, 27.972916666666215 ], [ 94.581249999999415, 27.968749999999552 ], [ 94.577083333332752, 27.972916666666215 ] ] } },
{ "type": "Feature", "properties": { }, "geometry": { "type": "LineString", "coordinates": [ [ 94.62708333333282, 27.981249999999569 ], [ 94.618749999999494, 27.972916666666215 ] ] } },
{ "type": "Feature", "properties": { }, "geometry": { "type": "LineString", "coordinates": [ [ 94.322916666666089, 27.893749999999578 ], [ 94.322916666666089, 27.88541666666621 ] ] } },
{ "type": "Feature", "properties": { }, "geometry": { "type": "LineString", "coordinates": [ [ 94.314583333332763, 27.902083333332889 ], [ 94.322916666666089, 27.893749999999578 ] ] } },
{ "type": "Feature", "properties": { }, "geometry": { "type": "LineString", "coordinates": [ [ 94.3104166666661, 27.906249999999552 ], [ 94.314583333332763, 27.902083333332889 ] ] } },
{ "type": "Feature", "properties": { }, "geometry": { "type": "LineString", "coordinates": [ [ 94.3104166666661, 27.910416666666244 ], [ 94.3104166666661, 27.906249999999552 ] ] } },
{ "type": "Feature", "properties": { }, "geometry": { "type": "LineString", "coordinates": [ [ 94.297916666666111, 27.922916666666232 ], [ 94.3104166666661, 27.910416666666244 ] ] } },
{ "type": "Feature", "properties": { }, "geometry": { "type": "LineString", "coordinates": [ [ 94.285416666666066, 27.947916666666224 ], [ 94.297916666666111, 27.935416666666207 ], [ 94.297916666666111, 27.922916666666232 ] ] } },
{ "type": "Feature", "properties": { }, "geometry": { "type": "LineString", "coordinates": [ [ 94.272916666666077, 27.964583333332889 ], [ 94.285416666666066, 27.952083333332872 ], [ 94.285416666666066, 27.947916666666224 ] ] } },
{ "type": "Feature", "properties": { }, "geometry": { "type": "LineString", "coordinates": [ [ 94.302083333332774, 27.952083333332872 ], [ 94.281249999999403, 27.972916666666215 ], [ 94.27708333333274, 27.972916666666215 ], [ 94.272916666666077, 27.964583333332889 ] ] } },
{ "type": "Feature", "properties": { }, "geometry": { "type": "LineString", "coordinates": [ [ 94.302083333332774, 27.972916666666215 ], [ 94.306249999999437, 27.964583333332889 ], [ 94.306249999999437, 27.956249999999535 ], [ 94.302083333332774, 27.952083333332872 ] ] } },
{ "type": "Feature", "properties": { }, "geometry": { "type": "LineString", "coordinates": [ [ 94.264583333332752, 27.972916666666215 ], [ 94.272916666666077, 27.964583333332889 ] ] } },
{ "type": "Feature", "properties": { }, "geometry": { "type": "LineString", "coordinates": [ [ 94.4354166666661, 27.914583333332864 ], [ 94.431249999999437, 27.910416666666244 ] ] } },
{ "type": "Feature", "properties": { }, "geometry": { "type": "LineString", "coordinates": [ [ 94.4354166666661, 27.918749999999569 ], [ 94.4354166666661, 27.914583333332864 ] ] } },
{ "type": "Feature", "properties": { }, "geometry": { "type": "LineString", "coordinates": [ [ 94.447916666666089, 27.935416666666207 ], [ 94.447916666666089, 27.931249999999544 ], [ 94.4354166666661, 27.918749999999569 ] ] } },
{ "type": "Feature", "properties": { }, "geometry": { "type": "LineString", "coordinates": [ [ 94.460416666666134, 27.947916666666224 ], [ 94.447916666666089, 27.935416666666207 ] ] } },
{ "type": "Feature", "properties": { }, "geometry": { "type": "LineString", "coordinates": [ [ 94.464583333332797, 27.952083333332872 ], [ 94.460416666666134, 27.947916666666224 ] ] } },
{ "type": "Feature", "properties": { }, "geometry": { "type": "LineString", "coordinates": [ [ 94.472916666666123, 27.956249999999535 ], [ 94.464583333332797, 27.952083333332872 ] ] } },
{ "type": "Feature", "properties": { }, "geometry": { "type": "LineString", "coordinates": [ [ 94.481249999999505, 27.960416666666241 ], [ 94.472916666666123, 27.956249999999535 ] ] } },
{ "type": "Feature", "properties": { }, "geometry": { "type": "LineString", "coordinates": [ [ 94.489583333332718, 27.968749999999552 ], [ 94.481249999999505, 27.960416666666241 ] ] } },
{ "type": "Feature", "properties": { }, "geometry": { "type": "LineString", "coordinates": [ [ 94.497916666666043, 27.972916666666215 ], [ 94.489583333332718, 27.968749999999552 ] ] } },
{ "type": "Feature", "properties": { }, "geometry": { "type": "LineString", "coordinates": [ [ 94.547916666666055, 27.972916666666215 ], [ 94.535416666666066, 27.972916666666215 ], [ 94.531249999999403, 27.968749999999552 ] ] } },
{ "type": "Feature", "properties": { }, "geometry": { "type": "LineString", "coordinates": [ [ 95.385416666666089, 27.843749999999552 ], [ 95.385416666666089, 27.84234773788436 ] ] } },
{ "type": "Feature", "properties": { }, "geometry": { "type": "LineString", "coordinates": [ [ 95.402083333332797, 27.877083333332898 ], [ 95.393749999999471, 27.868749999999544 ], [ 95.393749999999471, 27.856249999999569 ], [ 95.385416666666089, 27.843749999999552 ] ] } },
{ "type": "Feature", "properties": { }, "geometry": { "type": "LineString", "coordinates": [ [ 95.485416666666055, 27.872916666666235 ], [ 95.485416666666055, 27.872561927888931 ] ] } },
{ "type": "Feature", "properties": { }, "geometry": { "type": "LineString", "coordinates": [ [ 95.406249999999346, 27.881249999999561 ], [ 95.402083333332797, 27.877083333332898 ] ] } },
{ "type": "Feature", "properties": { }, "geometry": { "type": "LineString", "coordinates": [ [ 95.410416666666123, 27.88541666666621 ], [ 95.406249999999346, 27.881249999999561 ] ] } },
{ "type": "Feature", "properties": { }, "geometry": { "type": "LineString", "coordinates": [ [ 95.468749999999346, 27.893749999999578 ], [ 95.485416666666055, 27.877083333332898 ], [ 95.485416666666055, 27.872916666666235 ] ] } },
{ "type": "Feature", "properties": { }, "geometry": { "type": "LineString", "coordinates": [ [ 95.410416666666123, 27.889583333332872 ], [ 95.410416666666123, 27.88541666666621 ] ] } },
{ "type": "Feature", "properties": { }, "geometry": { "type": "LineString", "coordinates": [ [ 95.410416666666123, 27.897916666666227 ], [ 95.410416666666123, 27.889583333332872 ] ] } },
{ "type": "Feature", "properties": { }, "geometry": { "type": "LineString", "coordinates": [ [ 95.535416666666123, 27.902083333332889 ], [ 95.527563361861809, 27.898396695195249 ] ] } },
{ "type": "Feature", "properties": { }, "geometry": { "type": "LineString", "coordinates": [ [ 95.460416666666021, 27.902083333332889 ], [ 95.468749999999346, 27.893749999999578 ] ] } },
{ "type": "Feature", "properties": { }, "geometry": { "type": "LineString", "coordinates": [ [ 95.506249999999426, 27.914583333332864 ], [ 95.514583333332752, 27.902083333332889 ], [ 95.514583333332752, 27.893749999999578 ], [ 95.518749999999415, 27.886173130689972 ] ] } },
{ "type": "Feature", "properties": { }, "geometry": { "type": "LineString", "coordinates": [ [ 95.406249999999346, 27.906249999999552 ], [ 95.410416666666123, 27.897916666666227 ] ] } },
{ "type": "Feature", "properties": { }, "geometry": { "type": "LineString", "coordinates": [ [ 95.46458333333274, 27.906249999999552 ], [ 95.460416666666021, 27.902083333332889 ] ] } },
{ "type": "Feature", "properties": { }, "geometry": { "type": "LineString", "coordinates": [ [ 95.406249999999346, 27.910416666666244 ], [ 95.406249999999346, 27.906249999999552 ] ] } },
{ "type": "Feature", "properties": { }, "geometry": { "type": "MultiLineString", "coordinates": [ [ [ 95.547916666666111, 27.918749999999569 ], [ 95.547916666666111, 27.915214937504292 ] ], [ [ 95.542699266541547, 27.909365933208306 ], [ 95.535416666666123, 27.902083333332889 ] ] ] } },
{ "type": "Feature", "properties": { }, "geometry": { "type": "LineString", "coordinates": [ [ 95.377083333332763, 27.872916666666235 ], [ 95.3729166666661, 27.868749999999544 ], [ 95.372224338888032, 27.84722433888814 ] ] } },
{ "type": "Feature", "properties": { }, "geometry": { "type": "LineString", "coordinates": [ [ 95.302083333332718, 27.881249999999561 ], [ 95.302083333332718, 27.877083333332898 ], [ 95.310742606032306, 27.868749999999544 ] ] } },
{ "type": "Feature", "properties": { }, "geometry": { "type": "LineString", "coordinates": [ [ 95.377083333332763, 27.889583333332872 ], [ 95.381249999999426, 27.881249999999561 ], [ 95.377083333332763, 27.872916666666235 ] ] } },
{ "type": "Feature", "properties": { }, "geometry": { "type": "LineString", "coordinates": [ [ 95.28124999999946, 27.914583333332864 ], [ 95.293749999999505, 27.906249999999552 ], [ 95.297916666666055, 27.897916666666227 ], [ 95.297916666666055, 27.88541666666621 ], [ 95.302083333332718, 27.881249999999561 ] ] } },
{ "type": "Feature", "properties": { }, "geometry": { "type": "LineString", "coordinates": [ [ 95.352083333332729, 27.927083333332881 ], [ 95.364583333332718, 27.918749999999569 ], [ 95.364583333332718, 27.902083333332889 ], [ 95.377083333332763, 27.889583333332872 ] ] } },
{ "type": "Feature", "properties": { }, "geometry": { "type": "LineString", "coordinates": [ [ 95.277083333332797, 27.922916666666232 ], [ 95.28124999999946, 27.914583333332864 ] ] } },
{ "type": "Feature", "properties": { }, "geometry": { "type": "LineString", "coordinates": [ [ 95.352083333332729, 27.935416666666207 ], [ 95.352083333332729, 27.927083333332881 ] ] } },
{ "type": "Feature", "properties": { }, "geometry": { "type": "LineString", "coordinates": [ [ 95.352083333332729, 27.939583333332898 ], [ 95.352083333332729, 27.935416666666207 ] ] } },
{ "type": "Feature", "properties": { }, "geometry": { "type": "LineString", "coordinates": [ [ 95.347916666666066, 27.964583333332889 ], [ 95.356249999999392, 27.947916666666224 ], [ 95.352083333332729, 27.939583333332898 ] ] } },
{ "type": "Feature", "properties": { }, "geometry": { "type": "LineString", "coordinates": [ [ 95.343749999999403, 27.964583333332889 ], [ 95.347916666666066, 27.964583333332889 ] ] } },
{ "type": "Feature", "properties": { }, "geometry": { "type": "LineString", "coordinates": [ [ 95.035416666666066, 27.806249999999572 ], [ 95.043749999999392, 27.789583333332907 ], [ 95.034322769598774, 27.77598943626554 ] ] } },
{ "type": "Feature", "properties": { }, "geometry": { "type": "LineString", "coordinates": [ [ 95.031249999999517, 27.814583333332898 ], [ 95.035416666666066, 27.806249999999572 ] ] } },
{ "type": "Feature", "properties": { }, "geometry": { "type": "LineString", "coordinates": [ [ 95.022916666666021, 27.831249999999578 ], [ 95.031249999999517, 27.814583333332898 ] ] } },
{ "type": "Feature", "properties": { }, "geometry": { "type": "LineString", "coordinates": [ [ 95.018749999999471, 27.831249999999578 ], [ 95.022916666666021, 27.831249999999578 ] ] } },
{ "type": "Feature", "properties": { }, "geometry": { "type": "LineString", "coordinates": [ [ 95.014583333332695, 27.839583333332889 ], [ 95.018749999999471, 27.831249999999578 ] ] } },
{ "type": "Feature", "properties": { }, "geometry": { "type": "LineString", "coordinates": [ [ 95.014583333332695, 27.852083333332907 ], [ 95.014583333332695, 27.839583333332889 ] ] } },
{ "type": "Feature", "properties": { }, "geometry": { "type": "LineString", "coordinates": [ [ 94.893749999999471, 27.802083333332881 ], [ 94.889583333332695, 27.797916666666218 ] ] } },
{ "type": "Feature", "properties": { }, "geometry": { "type": "LineString", "coordinates": [ [ 94.902083333332854, 27.831249999999578 ], [ 94.889583333332695, 27.814583333332898 ], [ 94.893749999999471, 27.802083333332881 ] ] } },
{ "type": "Feature", "properties": { }, "geometry": { "type": "LineString", "coordinates": [ [ 94.835416666666077, 27.82291666666621 ], [ 94.847916666666123, 27.82291666666621 ] ] } },
{ "type": "Feature", "properties": { }, "geometry": { "type": "LineString", "coordinates": [ [ 94.822916666666089, 27.831249999999578 ], [ 94.835416666666077, 27.82291666666621 ] ] } },
{ "type": "Feature", "properties": { }, "geometry": { "type": "LineString", "coordinates": [ [ 94.847916666666123, 27.82291666666621 ], [ 94.852083333332786, 27.827083333332872 ], [ 94.852083333332786, 27.835416666666227 ] ] } },
{ "type": "Feature", "properties": { }, "geometry": { "type": "LineString", "coordinates": [ [ 94.814583333332763, 27.827083333332872 ], [ 94.822916666666089, 27.831249999999578 ] ] } },
{ "type": "Feature", "properties": { }, "geometry": { "type": "LineString", "coordinates": [ [ 94.80624999999938, 27.831249999999578 ], [ 94.814583333332763, 27.827083333332872 ] ] } },
{ "type": "Feature", "properties": { }, "geometry": { "type": "LineString", "coordinates": [ [ 94.868749999999437, 27.835416666666227 ], [ 94.881249999999369, 27.827083333332872 ], [ 94.897916666666021, 27.835416666666227 ] ] } },
{ "type": "Feature", "properties": { }, "geometry": { "type": "LineString", "coordinates": [ [ 94.897916666666021, 27.835416666666227 ], [ 94.902083333332854, 27.831249999999578 ] ] } },
{ "type": "Feature", "properties": { }, "geometry": { "type": "LineString", "coordinates": [ [ 94.868749999999437, 27.839583333332889 ], [ 94.868749999999437, 27.835416666666227 ] ] } },
{ "type": "Feature", "properties": { }, "geometry": { "type": "LineString", "coordinates": [ [ 94.852083333332786, 27.835416666666227 ], [ 94.856249999999449, 27.839583333332889 ] ] } },
{ "type": "Feature", "properties": { }, "geometry": { "type": "LineString", "coordinates": [ [ 94.856249999999449, 27.839583333332889 ], [ 94.864583333332774, 27.843749999999552 ] ] } },
{ "type": "Feature", "properties": { }, "geometry": { "type": "LineString", "coordinates": [ [ 94.864583333332774, 27.843749999999552 ], [ 94.868749999999437, 27.839583333332889 ] ] } },
{ "type": "Feature", "properties": { }, "geometry": { "type": "LineString", "coordinates": [ [ 94.80624999999938, 27.856249999999569 ], [ 94.80624999999938, 27.847916666666201 ], [ 94.802083333332718, 27.843749999999552 ], [ 94.80624999999938, 27.831249999999578 ] ] } },
{ "type": "Feature", "properties": { }, "geometry": { "type": "LineString", "coordinates": [ [ 94.927083333332718, 27.856249999999569 ], [ 94.897916666666021, 27.835416666666227 ] ] } },
{ "type": "Feature", "properties": { }, "geometry": { "type": "LineString", "coordinates": [ [ 94.906249999999403, 27.864583333332881 ], [ 94.910416666666066, 27.860416666666218 ], [ 94.918749999999392, 27.860416666666218 ], [ 94.922916666666055, 27.864583333332881 ], [ 94.927083333332718, 27.856249999999569 ] ] } },
{ "type": "Feature", "properties": { }, "geometry": { "type": "LineString", "coordinates": [ [ 94.910416666666066, 27.88541666666621 ], [ 94.906249999999403, 27.881249999999561 ], [ 94.910416666666066, 27.872916666666235 ], [ 94.906249999999403, 27.864583333332881 ] ] } },
{ "type": "Feature", "properties": { }, "geometry": { "type": "LineString", "coordinates": [ [ 94.914583333332729, 27.889583333332872 ], [ 94.910416666666066, 27.88541666666621 ] ] } },
{ "type": "Feature", "properties": { }, "geometry": { "type": "LineString", "coordinates": [ [ 94.918749999999392, 27.889583333332872 ], [ 94.914583333332729, 27.889583333332872 ] ] } },
{ "type": "Feature", "properties": { }, "geometry": { "type": "LineString", "coordinates": [ [ 94.927083333332718, 27.910416666666244 ], [ 94.922916666666055, 27.902083333332889 ], [ 94.922916666666055, 27.893749999999578 ], [ 94.918749999999392, 27.889583333332872 ] ] } },
{ "type": "Feature", "properties": { }, "geometry": { "type": "LineString", "coordinates": [ [ 94.656249999999403, 27.697916666666252 ], [ 94.668749999999392, 27.689583333332884 ], [ 94.677083333332718, 27.689583333332884 ], [ 94.685416666666043, 27.677083333332909 ] ] } },
{ "type": "Feature", "properties": { }, "geometry": { "type": "LineString", "coordinates": [ [ 94.789583333332729, 27.864583333332881 ], [ 94.80624999999938, 27.856249999999569 ] ] } },
{ "type": "Feature", "properties": { }, "geometry": { "type": "LineString", "coordinates": [ [ 94.789583333332729, 27.872916666666235 ], [ 94.789583333332729, 27.864583333332881 ] ] } },
{ "type": "Feature", "properties": { }, "geometry": { "type": "LineString", "coordinates": [ [ 94.772916666666191, 27.881249999999561 ], [ 94.789583333332729, 27.872916666666235 ] ] } },
{ "type": "Feature", "properties": { }, "geometry": { "type": "LineString", "coordinates": [ [ 94.772916666666191, 27.88541666666621 ], [ 94.772916666666191, 27.881249999999561 ] ] } },
{ "type": "Feature", "properties": { }, "geometry": { "type": "LineString", "coordinates": [ [ 94.768749999999528, 27.88541666666621 ], [ 94.772916666666191, 27.88541666666621 ] ] } },
{ "type": "Feature", "properties": { }, "geometry": { "type": "LineString", "coordinates": [ [ 94.747916666666157, 27.897916666666227 ], [ 94.768749999999528, 27.88541666666621 ] ] } },
{ "type": "Feature", "properties": { }, "geometry": { "type": "LineString", "coordinates": [ [ 94.760416666666146, 28.077083333332887 ], [ 94.768749999999528, 28.077083333332887 ], [ 94.77708333333274, 28.081249999999535 ] ] } },
{ "type": "Feature", "properties": { }, "geometry": { "type": "LineString", "coordinates": [ [ 94.77708333333274, 28.081249999999535 ], [ 94.781249999999403, 28.085416666666198 ] ] } },
{ "type": "Feature", "properties": { }, "geometry": { "type": "LineString", "coordinates": [ [ 94.781249999999403, 28.085416666666198 ], [ 94.793749999999392, 28.085416666666198 ] ] } },
{ "type": "Feature", "properties": { }, "geometry": { "type": "LineString", "coordinates": [ [ 95.014583333332695, 27.856249999999569 ], [ 95.014583333332695, 27.852083333332907 ] ] } },
{ "type": "Feature", "properties": { }, "geometry": { "type": "LineString", "coordinates": [ [ 95.014583333332695, 27.860416666666218 ], [ 95.014583333332695, 27.856249999999569 ] ] } },
{ "type": "Feature", "properties": { }, "geometry": { "type": "LineString", "coordinates": [ [ 95.027083333332797, 27.868749999999544 ], [ 95.014583333332695, 27.860416666666218 ] ] } },
{ "type": "Feature", "properties": { }, "geometry": { "type": "LineString", "coordinates": [ [ 95.039583333332729, 27.88541666666621 ], [ 95.035416666666066, 27.88541666666621 ], [ 95.027083333332797, 27.877083333332898 ], [ 95.031249999999517, 27.872916666666235 ], [ 95.027083333332797, 27.868749999999544 ] ] } },
{ "type": "Feature", "properties": { }, "geometry": { "type": "LineString", "coordinates": [ [ 94.93124999999938, 27.914583333332864 ], [ 94.927083333332718, 27.910416666666244 ] ] } },
{ "type": "Feature", "properties": { }, "geometry": { "type": "LineString", "coordinates": [ [ 94.939583333332763, 27.918749999999569 ], [ 94.93124999999938, 27.914583333332864 ] ] } },
{ "type": "Feature", "properties": { }, "geometry": { "type": "LineString", "coordinates": [ [ 94.939583333332763, 27.922916666666232 ], [ 94.939583333332763, 27.918749999999569 ] ] } },
{ "type": "Feature", "properties": { }, "geometry": { "type": "LineString", "coordinates": [ [ 94.943749999999369, 27.931249999999544 ], [ 94.939583333332763, 27.922916666666232 ] ] } },
{ "type": "Feature", "properties": { }, "geometry": { "type": "LineString", "coordinates": [ [ 94.943749999999369, 27.935416666666207 ], [ 94.943749999999369, 27.931249999999544 ] ] } },
{ "type": "Feature", "properties": { }, "geometry": { "type": "LineString", "coordinates": [ [ 94.947916666666089, 27.939583333332898 ], [ 94.943749999999369, 27.935416666666207 ] ] } },
{ "type": "Feature", "properties": { }, "geometry": { "type": "LineString", "coordinates": [ [ 94.943749999999369, 27.947916666666224 ], [ 94.947916666666089, 27.939583333332898 ] ] } },
{ "type": "Feature", "properties": { }, "geometry": { "type": "LineString", "coordinates": [ [ 94.952083333332752, 27.956249999999535 ], [ 94.943749999999369, 27.947916666666224 ] ] } },
{ "type": "Feature", "properties": { }, "geometry": { "type": "LineString", "coordinates": [ [ 94.952083333332752, 27.960416666666241 ], [ 94.952083333332752, 27.956249999999535 ] ] } },
{ "type": "Feature", "properties": { }, "geometry": { "type": "LineString", "coordinates": [ [ 94.952083333332752, 27.968749999999552 ], [ 94.952083333332752, 27.960416666666241 ] ] } },
{ "type": "Feature", "properties": { }, "geometry": { "type": "LineString", "coordinates": [ [ 95.035416666666066, 28.172916666666232 ], [ 95.052083333332718, 28.160416666666215 ] ] } },
{ "type": "Feature", "properties": { }, "geometry": { "type": "LineString", "coordinates": [ [ 95.018749999999471, 28.168749999999541 ], [ 95.027083333332797, 28.177083333332895 ], [ 95.027083333332797, 28.181249999999558 ] ] } },
{ "type": "Feature", "properties": { }, "geometry": { "type": "LineString", "coordinates": [ [ 95.031249999999517, 28.177083333332895 ], [ 95.035416666666066, 28.172916666666232 ] ] } },
{ "type": "Feature", "properties": { }, "geometry": { "type": "LineString", "coordinates": [ [ 95.027083333332797, 28.181249999999558 ], [ 95.031249999999517, 28.177083333332895 ] ] } },
{ "type": "Feature", "properties": { }, "geometry": { "type": "LineString", "coordinates": [ [ 95.027083333332797, 28.185416666666207 ], [ 95.027083333332797, 28.181249999999558 ] ] } },
{ "type": "Feature", "properties": { }, "geometry": { "type": "LineString", "coordinates": [ [ 95.018749999999471, 28.193749999999575 ], [ 95.027083333332797, 28.185416666666207 ] ] } },
{ "type": "Feature", "properties": { }, "geometry": { "type": "LineString", "coordinates": [ [ 94.793749999999392, 28.085416666666198 ], [ 94.797916666666055, 28.089583333332904 ] ] } },
{ "type": "Feature", "properties": { }, "geometry": { "type": "LineString", "coordinates": [ [ 94.797916666666055, 28.089583333332904 ], [ 94.797916666666055, 28.097916666666215 ] ] } },
{ "type": "Feature", "properties": { }, "geometry": { "type": "LineString", "coordinates": [ [ 94.797916666666055, 28.097916666666215 ], [ 94.80624999999938, 28.102083333332921 ], [ 94.80624999999938, 28.110416666666232 ] ] } },
{ "type": "Feature", "properties": { }, "geometry": { "type": "LineString", "coordinates": [ [ 94.677083333332718, 28.110416666666232 ], [ 94.677083333332718, 28.118749999999558 ], [ 94.668749999999392, 28.131249999999575 ] ] } },
{ "type": "Feature", "properties": { }, "geometry": { "type": "LineString", "coordinates": [ [ 94.80624999999938, 28.127083333332912 ], [ 94.797916666666055, 28.127083333332912 ], [ 94.793749999999392, 28.131249999999575 ] ] } },
{ "type": "Feature", "properties": { }, "geometry": { "type": "LineString", "coordinates": [ [ 94.793749999999392, 28.131249999999575 ], [ 94.793749999999392, 28.135416666666224 ] ] } },
{ "type": "Feature", "properties": { }, "geometry": { "type": "LineString", "coordinates": [ [ 94.668749999999392, 28.139583333332887 ], [ 94.672916666666055, 28.14374999999955 ] ] } },
{ "type": "Feature", "properties": { }, "geometry": { "type": "LineString", "coordinates": [ [ 94.672916666666055, 28.14374999999955 ], [ 94.672916666666055, 28.147916666666198 ] ] } },
{ "type": "Feature", "properties": { }, "geometry": { "type": "LineString", "coordinates": [ [ 94.793749999999392, 28.135416666666224 ], [ 94.789583333332729, 28.139583333332887 ], [ 94.793749999999392, 28.147916666666198 ], [ 94.793749999999392, 28.156249999999567 ] ] } },
{ "type": "Feature", "properties": { }, "geometry": { "type": "LineString", "coordinates": [ [ 94.672916666666055, 28.147916666666198 ], [ 94.68124999999938, 28.156249999999567 ] ] } },
{ "type": "Feature", "properties": { }, "geometry": { "type": "LineString", "coordinates": [ [ 94.822916666666089, 28.089583333332904 ], [ 94.818749999999369, 28.093749999999552 ] ] } },
{ "type": "Feature", "properties": { }, "geometry": { "type": "LineString", "coordinates": [ [ 94.818749999999369, 28.093749999999552 ], [ 94.814583333332763, 28.097916666666215 ] ] } },
{ "type": "Feature", "properties": { }, "geometry": { "type": "LineString", "coordinates": [ [ 94.814583333332763, 28.097916666666215 ], [ 94.80624999999938, 28.110416666666232 ] ] } },
{ "type": "Feature", "properties": { }, "geometry": { "type": "LineString", "coordinates": [ [ 94.80624999999938, 28.110416666666232 ], [ 94.80624999999938, 28.127083333332912 ] ] } },
{ "type": "Feature", "properties": { }, "geometry": { "type": "LineString", "coordinates": [ [ 94.797916666666055, 28.177083333332895 ], [ 94.818749999999369, 28.193749999999575 ] ] } },
{ "type": "Feature", "properties": { }, "geometry": { "type": "LineString", "coordinates": [ [ 94.818749999999369, 28.193749999999575 ], [ 94.822916666666089, 28.197916666666224 ] ] } },
{ "type": "Feature", "properties": { }, "geometry": { "type": "LineString", "coordinates": [ [ 94.822916666666089, 28.197916666666224 ], [ 94.822916666666089, 28.202083333332887 ] ] } },
{ "type": "Feature", "properties": { }, "geometry": { "type": "LineString", "coordinates": [ [ 94.822916666666089, 28.202083333332887 ], [ 94.822916666666089, 28.20624999999955 ] ] } },
{ "type": "Feature", "properties": { }, "geometry": { "type": "LineString", "coordinates": [ [ 94.822916666666089, 28.20624999999955 ], [ 94.827083333332752, 28.210416666666198 ] ] } },
{ "type": "Feature", "properties": { }, "geometry": { "type": "LineString", "coordinates": [ [ 94.827083333332752, 28.210416666666198 ], [ 94.831249999999415, 28.214583333332861 ] ] } },
{ "type": "Feature", "properties": { }, "geometry": { "type": "LineString", "coordinates": [ [ 94.68124999999938, 28.156249999999567 ], [ 94.685416666666043, 28.160416666666215 ] ] } },
{ "type": "Feature", "properties": { }, "geometry": { "type": "LineString", "coordinates": [ [ 94.685416666666043, 28.160416666666215 ], [ 94.689583333332763, 28.168749999999541 ] ] } },
{ "type": "Feature", "properties": { }, "geometry": { "type": "LineString", "coordinates": [ [ 94.793749999999392, 28.156249999999567 ], [ 94.793749999999392, 28.168749999999541 ], [ 94.797916666666055, 28.177083333332895 ] ] } },
{ "type": "Feature", "properties": { }, "geometry": { "type": "LineString", "coordinates": [ [ 94.689583333332763, 28.168749999999541 ], [ 94.697916666666089, 28.181249999999558 ] ] } },
{ "type": "Feature", "properties": { }, "geometry": { "type": "LineString", "coordinates": [ [ 94.781249999999403, 28.185416666666207 ], [ 94.789583333332729, 28.177083333332895 ], [ 94.797916666666055, 28.177083333332895 ] ] } },
{ "type": "Feature", "properties": { }, "geometry": { "type": "LineString", "coordinates": [ [ 94.768749999999528, 28.193749999999575 ], [ 94.772916666666191, 28.193749999999575 ], [ 94.781249999999403, 28.185416666666207 ] ] } },
{ "type": "Feature", "properties": { }, "geometry": { "type": "LineString", "coordinates": [ [ 94.697916666666089, 28.181249999999558 ], [ 94.702083333332752, 28.185416666666207 ], [ 94.702083333332752, 28.197916666666224 ], [ 94.706249999999415, 28.197916666666224 ] ] } },
{ "type": "Feature", "properties": { }, "geometry": { "type": "LineString", "coordinates": [ [ 94.756249999999369, 28.197916666666224 ], [ 94.764583333332695, 28.197916666666224 ], [ 94.768749999999528, 28.193749999999575 ] ] } },
{ "type": "Feature", "properties": { }, "geometry": { "type": "LineString", "coordinates": [ [ 94.739583333332774, 28.193749999999575 ], [ 94.747916666666157, 28.197916666666224 ] ] } },
{ "type": "Feature", "properties": { }, "geometry": { "type": "LineString", "coordinates": [ [ 94.747916666666157, 28.197916666666224 ], [ 94.75208333333282, 28.197916666666224 ] ] } },
{ "type": "Feature", "properties": { }, "geometry": { "type": "LineString", "coordinates": [ [ 95.014583333332695, 28.193749999999575 ], [ 95.018749999999471, 28.193749999999575 ] ] } },
{ "type": "Feature", "properties": { }, "geometry": { "type": "LineString", "coordinates": [ [ 95.006249999999483, 28.197916666666224 ], [ 95.014583333332695, 28.193749999999575 ] ] } },
{ "type": "Feature", "properties": { }, "geometry": { "type": "LineString", "coordinates": [ [ 95.006249999999483, 28.202083333332887 ], [ 95.006249999999483, 28.197916666666224 ] ] } },
{ "type": "Feature", "properties": { }, "geometry": { "type": "LineString", "coordinates": [ [ 95.006249999999483, 28.227083333332878 ], [ 95.006249999999483, 28.214583333332861 ], [ 95.010416666666146, 28.210416666666198 ], [ 95.006249999999483, 28.202083333332887 ] ] } },
{ "type": "Feature", "properties": { }, "geometry": { "type": "LineString", "coordinates": [ [ 95.00208333333282, 28.235416666666246 ], [ 95.006249999999483, 28.227083333332878 ] ] } },
{ "type": "Feature", "properties": { }, "geometry": { "type": "LineString", "coordinates": [ [ 94.968749999999403, 28.235416666666246 ], [ 94.977083333332786, 28.235416666666246 ] ] } },
{ "type": "Feature", "properties": { }, "geometry": { "type": "LineString", "coordinates": [ [ 94.977083333332786, 28.235416666666246 ], [ 94.989583333332774, 28.235416666666246 ], [ 94.993749999999437, 28.239583333332895 ] ] } },
{ "type": "Feature", "properties": { }, "geometry": { "type": "LineString", "coordinates": [ [ 94.993749999999437, 28.239583333332895 ], [ 95.00208333333282, 28.235416666666246 ] ] } },
{ "type": "Feature", "properties": { }, "geometry": { "type": "LineString", "coordinates": [ [ 94.960416666666077, 28.239583333332895 ], [ 94.968749999999403, 28.235416666666246 ] ] } },
{ "type": "Feature", "properties": { }, "geometry": { "type": "LineString", "coordinates": [ [ 94.935416666666043, 28.239583333332895 ], [ 94.943749999999369, 28.239583333332895 ] ] } },
{ "type": "Feature", "properties": { }, "geometry": { "type": "LineString", "coordinates": [ [ 95.460416666666021, 27.918749999999569 ], [ 95.460416666666021, 27.910416666666244 ], [ 95.46458333333274, 27.906249999999552 ] ] } },
{ "type": "Feature", "properties": { }, "geometry": { "type": "LineString", "coordinates": [ [ 95.402083333332797, 27.922916666666232 ], [ 95.406249999999346, 27.910416666666244 ] ] } },
{ "type": "Feature", "properties": { }, "geometry": { "type": "LineString", "coordinates": [ [ 95.502083333332763, 27.927083333332881 ], [ 95.506249999999426, 27.914583333332864 ] ] } },
{ "type": "Feature", "properties": { }, "geometry": { "type": "LineString", "coordinates": [ [ 95.564583333332706, 27.927083333332881 ], [ 95.547916666666111, 27.918749999999569 ] ] } },
{ "type": "Feature", "properties": { }, "geometry": { "type": "LineString", "coordinates": [ [ 95.460416666666021, 27.931249999999544 ], [ 95.460416666666021, 27.918749999999569 ] ] } },
{ "type": "Feature", "properties": { }, "geometry": { "type": "LineString", "coordinates": [ [ 95.418749999999449, 27.939583333332898 ], [ 95.402083333332797, 27.922916666666232 ] ] } },
{ "type": "Feature", "properties": { }, "geometry": { "type": "LineString", "coordinates": [ [ 95.497916666666043, 27.939583333332898 ], [ 95.497916666666043, 27.931249999999544 ], [ 95.502083333332763, 27.927083333332881 ] ] } },
{ "type": "Feature", "properties": { }, "geometry": { "type": "LineString", "coordinates": [ [ 95.456249999999415, 27.947916666666224 ], [ 95.456249999999415, 27.939583333332898 ], [ 95.460416666666021, 27.931249999999544 ] ] } },
{ "type": "Feature", "properties": { }, "geometry": { "type": "LineString", "coordinates": [ [ 95.497916666666043, 27.943749999999561 ], [ 95.497916666666043, 27.939583333332898 ] ] } },
{ "type": "Feature", "properties": { }, "geometry": { "type": "LineString", "coordinates": [ [ 95.460416666666021, 27.952083333332872 ], [ 95.456249999999415, 27.947916666666224 ] ] } },
{ "type": "Feature", "properties": { }, "geometry": { "type": "LineString", "coordinates": [ [ 95.1229166666661, 28.135416666666224 ], [ 95.139583333332695, 28.135416666666224 ] ] } },
{ "type": "Feature", "properties": { }, "geometry": { "type": "LineString", "coordinates": [ [ 95.106249999999392, 28.139583333332887 ], [ 95.110416666666111, 28.135416666666224 ], [ 95.1229166666661, 28.135416666666224 ] ] } },
{ "type": "Feature", "properties": { }, "geometry": { "type": "LineString", "coordinates": [ [ 95.139583333332695, 28.135416666666224 ], [ 95.147916666666021, 28.14374999999955 ] ] } },
{ "type": "Feature", "properties": { }, "geometry": { "type": "LineString", "coordinates": [ [ 95.093749999999403, 28.14374999999955 ], [ 95.102083333332729, 28.14374999999955 ], [ 95.106249999999392, 28.139583333332887 ] ] } },
{ "type": "Feature", "properties": { }, "geometry": { "type": "LineString", "coordinates": [ [ 95.147916666666021, 28.14374999999955 ], [ 95.152083333332797, 28.14374999999955 ] ] } },
{ "type": "Feature", "properties": { }, "geometry": { "type": "LineString", "coordinates": [ [ 95.418749999999449, 27.972916666666215 ], [ 95.418749999999449, 27.964583333332889 ], [ 95.422916666666168, 27.960416666666241 ], [ 95.422916666666168, 27.943749999999561 ], [ 95.418749999999449, 27.939583333332898 ] ] } },
{ "type": "Feature", "properties": { }, "geometry": { "type": "LineString", "coordinates": [ [ 95.531249999999346, 27.989583333332881 ], [ 95.527083333332797, 27.985416666666232 ], [ 95.522916666666077, 27.989583333332881 ], [ 95.510416666666089, 27.972916666666215 ], [ 95.506249999999426, 27.972916666666215 ], [ 95.49374999999938, 27.960416666666241 ], [ 95.49374999999938, 27.947916666666224 ], [ 95.497916666666043, 27.943749999999561 ] ] } },
{ "type": "Feature", "properties": { }, "geometry": { "type": "LineString", "coordinates": [ [ 95.456249999999415, 27.981249999999569 ], [ 95.452083333332695, 27.972916666666215 ], [ 95.460416666666021, 27.964583333332889 ], [ 95.460416666666021, 27.952083333332872 ] ] } },
{ "type": "Feature", "properties": { }, "geometry": { "type": "LineString", "coordinates": [ [ 95.422916666666168, 27.977083333332907 ], [ 95.418749999999449, 27.972916666666215 ] ] } },
{ "type": "Feature", "properties": { }, "geometry": { "type": "LineString", "coordinates": [ [ 95.422916666666168, 27.985416666666232 ], [ 95.422916666666168, 27.977083333332907 ] ] } },
{ "type": "Feature", "properties": { }, "geometry": { "type": "LineString", "coordinates": [ [ 95.452083333332695, 27.989583333332881 ], [ 95.456249999999415, 27.981249999999569 ] ] } },
{ "type": "Feature", "properties": { }, "geometry": { "type": "LineString", "coordinates": [ [ 95.414583333332786, 27.993749999999544 ], [ 95.422916666666168, 27.985416666666232 ] ] } },
{ "type": "Feature", "properties": { }, "geometry": { "type": "LineString", "coordinates": [ [ 95.543749999999449, 28.002083333332898 ], [ 95.531249999999346, 27.989583333332881 ] ] } },
{ "type": "Feature", "properties": { }, "geometry": { "type": "LineString", "coordinates": [ [ 95.410416666666123, 27.997916666666249 ], [ 95.414583333332786, 27.993749999999544 ] ] } },
{ "type": "Feature", "properties": { }, "geometry": { "type": "LineString", "coordinates": [ [ 95.410416666666123, 28.006249999999561 ], [ 95.410416666666123, 27.997916666666249 ] ] } },
{ "type": "Feature", "properties": { }, "geometry": { "type": "LineString", "coordinates": [ [ 95.331249999999415, 27.972916666666215 ], [ 95.335416666666021, 27.972916666666215 ], [ 95.343749999999403, 27.964583333332889 ] ] } },
{ "type": "Feature", "properties": { }, "geometry": { "type": "LineString", "coordinates": [ [ 95.327083333332695, 27.977083333332907 ], [ 95.331249999999415, 27.972916666666215 ] ] } },
{ "type": "Feature", "properties": { }, "geometry": { "type": "LineString", "coordinates": [ [ 95.377083333332763, 28.06458333333287 ], [ 95.389583333332752, 28.052083333332895 ] ] } },
{ "type": "Feature", "properties": { }, "geometry": { "type": "LineString", "coordinates": [ [ 95.364583333332718, 28.068749999999561 ], [ 95.377083333332763, 28.06458333333287 ] ] } },
{ "type": "Feature", "properties": { }, "geometry": { "type": "LineString", "coordinates": [ [ 95.360416666666055, 28.072916666666224 ], [ 95.364583333332718, 28.068749999999561 ] ] } },
{ "type": "Feature", "properties": { }, "geometry": { "type": "LineString", "coordinates": [ [ 95.352083333332729, 28.072916666666224 ], [ 95.360416666666055, 28.072916666666224 ] ] } },
{ "type": "Feature", "properties": { }, "geometry": { "type": "LineString", "coordinates": [ [ 95.347916666666066, 28.077083333332887 ], [ 95.352083333332729, 28.072916666666224 ] ] } },
{ "type": "Feature", "properties": { }, "geometry": { "type": "LineString", "coordinates": [ [ 95.343749999999403, 28.077083333332887 ], [ 95.347916666666066, 28.077083333332887 ] ] } },
{ "type": "Feature", "properties": { }, "geometry": { "type": "LineString", "coordinates": [ [ 95.331249999999415, 28.085416666666198 ], [ 95.33958333333274, 28.077083333332887 ], [ 95.343749999999403, 28.077083333332887 ] ] } },
{ "type": "Feature", "properties": { }, "geometry": { "type": "LineString", "coordinates": [ [ 95.327083333332695, 28.089583333332904 ], [ 95.331249999999415, 28.085416666666198 ] ] } },
{ "type": "Feature", "properties": { }, "geometry": { "type": "LineString", "coordinates": [ [ 95.410416666666123, 28.014583333332887 ], [ 95.410416666666123, 28.006249999999561 ] ] } },
{ "type": "Feature", "properties": { }, "geometry": { "type": "LineString", "coordinates": [ [ 95.452083333332695, 28.047916666666232 ], [ 95.456249999999415, 28.043749999999569 ], [ 95.456249999999415, 28.031249999999552 ], [ 95.447916666666202, 28.022916666666241 ], [ 95.452083333332695, 28.014583333332887 ], [ 95.452083333332695, 28.006249999999561 ], [ 95.456249999999415, 28.002083333332898 ], [ 95.456249999999415, 27.993749999999544 ], [ 95.452083333332695, 27.989583333332881 ] ] } },
{ "type": "Feature", "properties": { }, "geometry": { "type": "LineString", "coordinates": [ [ 95.564583333332706, 28.039583333332878 ], [ 95.556249999999494, 28.022916666666241 ], [ 95.556249999999494, 28.010416666666224 ], [ 95.547916666666111, 28.002083333332898 ], [ 95.543749999999449, 28.002083333332898 ] ] } },
{ "type": "Feature", "properties": { }, "geometry": { "type": "LineString", "coordinates": [ [ 95.406249999999346, 28.043749999999569 ], [ 95.410416666666123, 28.039583333332878 ], [ 95.410416666666123, 28.027083333332904 ], [ 95.406249999999346, 28.018749999999535 ], [ 95.410416666666123, 28.014583333332887 ] ] } },
{ "type": "Feature", "properties": { }, "geometry": { "type": "LineString", "coordinates": [ [ 95.393749999999471, 28.047916666666232 ], [ 95.402083333332797, 28.047916666666232 ], [ 95.406249999999346, 28.043749999999569 ] ] } },
{ "type": "Feature", "properties": { }, "geometry": { "type": "LineString", "coordinates": [ [ 95.389583333332752, 28.052083333332895 ], [ 95.393749999999471, 28.047916666666232 ] ] } },
{ "type": "Feature", "properties": { }, "geometry": { "type": "LineString", "coordinates": [ [ 95.46458333333274, 28.068749999999561 ], [ 95.460416666666021, 28.056249999999544 ], [ 95.452083333332695, 28.047916666666232 ] ] } },
{ "type": "Feature", "properties": { }, "geometry": { "type": "LineString", "coordinates": [ [ 95.556249999999494, 28.177083333332895 ], [ 95.560416666666043, 28.164583333332878 ] ] } },
{ "type": "Feature", "properties": { }, "geometry": { "type": "LineString", "coordinates": [ [ 95.556249999999494, 28.181249999999558 ], [ 95.556249999999494, 28.177083333332895 ] ] } },
{ "type": "Feature", "properties": { }, "geometry": { "type": "LineString", "coordinates": [ [ 95.556249999999494, 28.193749999999575 ], [ 95.556249999999494, 28.181249999999558 ] ] } },
{ "type": "Feature", "properties": { }, "geometry": { "type": "LineString", "coordinates": [ [ 95.322916666666089, 28.097916666666215 ], [ 95.327083333332695, 28.089583333332904 ] ] } },
{ "type": "Feature", "properties": { }, "geometry": { "type": "LineString", "coordinates": [ [ 95.347916666666066, 28.106249999999569 ], [ 95.33958333333274, 28.097916666666215 ], [ 95.33958333333274, 28.089583333332904 ], [ 95.331249999999415, 28.085416666666198 ] ] } },
{ "type": "Feature", "properties": { }, "geometry": { "type": "LineString", "coordinates": [ [ 95.310416666666043, 28.097916666666215 ], [ 95.314583333332877, 28.097916666666215 ] ] } },
{ "type": "Feature", "properties": { }, "geometry": { "type": "LineString", "coordinates": [ [ 95.314583333332877, 28.097916666666215 ], [ 95.322916666666089, 28.097916666666215 ] ] } },
{ "type": "Feature", "properties": { }, "geometry": { "type": "LineString", "coordinates": [ [ 95.302083333332718, 28.102083333332921 ], [ 95.310416666666043, 28.097916666666215 ] ] } },
{ "type": "Feature", "properties": { }, "geometry": { "type": "LineString", "coordinates": [ [ 95.28124999999946, 28.106249999999569 ], [ 95.285416666666123, 28.102083333332921 ], [ 95.302083333332718, 28.102083333332921 ] ] } },
{ "type": "Feature", "properties": { }, "geometry": { "type": "LineString", "coordinates": [ [ 95.352083333332729, 28.110416666666232 ], [ 95.347916666666066, 28.106249999999569 ] ] } },
{ "type": "Feature", "properties": { }, "geometry": { "type": "LineString", "coordinates": [ [ 95.28124999999946, 28.110416666666232 ], [ 95.28124999999946, 28.106249999999569 ] ] } },
{ "type": "Feature", "properties": { }, "geometry": { "type": "LineString", "coordinates": [ [ 95.285416666666123, 28.114583333332895 ], [ 95.28124999999946, 28.110416666666232 ] ] } },
{ "type": "Feature", "properties": { }, "geometry": { "type": "LineString", "coordinates": [ [ 95.356249999999392, 28.122916666666207 ], [ 95.356249999999392, 28.114583333332895 ], [ 95.352083333332729, 28.110416666666232 ] ] } },
{ "type": "Feature", "properties": { }, "geometry": { "type": "LineString", "coordinates": [ [ 95.293749999999505, 28.131249999999575 ], [ 95.293749999999505, 28.122916666666207 ], [ 95.285416666666123, 28.114583333332895 ] ] } },
{ "type": "Feature", "properties": { }, "geometry": { "type": "LineString", "coordinates": [ [ 95.360416666666055, 28.127083333332912 ], [ 95.356249999999392, 28.122916666666207 ] ] } },
{ "type": "Feature", "properties": { }, "geometry": { "type": "LineString", "coordinates": [ [ 95.368749999999437, 28.135416666666224 ], [ 95.360416666666055, 28.127083333332912 ] ] } },
{ "type": "Feature", "properties": { }, "geometry": { "type": "LineString", "coordinates": [ [ 95.293749999999505, 28.135416666666224 ], [ 95.293749999999505, 28.131249999999575 ] ] } },
{ "type": "Feature", "properties": { }, "geometry": { "type": "LineString", "coordinates": [ [ 95.285416666666123, 28.14374999999955 ], [ 95.293749999999505, 28.135416666666224 ] ] } },
{ "type": "Feature", "properties": { }, "geometry": { "type": "LineString", "coordinates": [ [ 95.381249999999426, 28.152083333332861 ], [ 95.381249999999426, 28.147916666666198 ], [ 95.368749999999437, 28.135416666666224 ] ] } },
{ "type": "Feature", "properties": { }, "geometry": { "type": "LineString", "coordinates": [ [ 95.264583333332808, 28.156249999999567 ], [ 95.285416666666123, 28.14374999999955 ] ] } },
{ "type": "Feature", "properties": { }, "geometry": { "type": "LineString", "coordinates": [ [ 95.385416666666089, 28.160416666666215 ], [ 95.381249999999426, 28.152083333332861 ] ] } },
{ "type": "Feature", "properties": { }, "geometry": { "type": "LineString", "coordinates": [ [ 95.260416666666089, 28.156249999999567 ], [ 95.264583333332808, 28.156249999999567 ] ] } },
{ "type": "Feature", "properties": { }, "geometry": { "type": "LineString", "coordinates": [ [ 95.252083333332763, 28.160416666666215 ], [ 95.260416666666089, 28.156249999999567 ] ] } },
{ "type": "Feature", "properties": { }, "geometry": { "type": "LineString", "coordinates": [ [ 95.152083333332797, 28.14374999999955 ], [ 95.15624999999946, 28.147916666666198 ] ] } },
{ "type": "Feature", "properties": { }, "geometry": { "type": "LineString", "coordinates": [ [ 95.08958333333274, 28.147916666666198 ], [ 95.093749999999403, 28.14374999999955 ] ] } },
{ "type": "Feature", "properties": { }, "geometry": { "type": "LineString", "coordinates": [ [ 95.077083333332695, 28.152083333332861 ], [ 95.081249999999415, 28.147916666666198 ], [ 95.08958333333274, 28.147916666666198 ] ] } },
{ "type": "Feature", "properties": { }, "geometry": { "type": "LineString", "coordinates": [ [ 95.072916666666089, 28.152083333332861 ], [ 95.077083333332695, 28.152083333332861 ] ] } },
{ "type": "Feature", "properties": { }, "geometry": { "type": "LineString", "coordinates": [ [ 95.15624999999946, 28.147916666666198 ], [ 95.16041666666618, 28.152083333332861 ], [ 95.172916666666055, 28.152083333332861 ], [ 95.177083333332718, 28.156249999999567 ] ] } },
{ "type": "Feature", "properties": { }, "geometry": { "type": "LineString", "coordinates": [ [ 95.060416666666043, 28.156249999999567 ], [ 95.072916666666089, 28.152083333332861 ] ] } },
{ "type": "Feature", "properties": { }, "geometry": { "type": "LineString", "coordinates": [ [ 95.052083333332718, 28.160416666666215 ], [ 95.060416666666043, 28.156249999999567 ] ] } },
{ "type": "Feature", "properties": { }, "geometry": { "type": "LineString", "coordinates": [ [ 95.177083333332718, 28.156249999999567 ], [ 95.185416666666043, 28.160416666666215 ] ] } },
{ "type": "Feature", "properties": { }, "geometry": { "type": "LineString", "coordinates": [ [ 95.185416666666043, 28.160416666666215 ], [ 95.189583333332877, 28.164583333332878 ], [ 95.197916666666089, 28.160416666666215 ] ] } },
{ "type": "Feature", "properties": { }, "geometry": { "type": "LineString", "coordinates": [ [ 95.197916666666089, 28.160416666666215 ], [ 95.202083333332695, 28.164583333332878 ] ] } },
{ "type": "Feature", "properties": { }, "geometry": { "type": "LineString", "coordinates": [ [ 95.202083333332695, 28.164583333332878 ], [ 95.202083333332695, 28.172916666666232 ] ] } },
{ "type": "Feature", "properties": { }, "geometry": { "type": "LineString", "coordinates": [ [ 95.202083333332695, 28.172916666666232 ], [ 95.206249999999415, 28.177083333332895 ] ] } },
{ "type": "Feature", "properties": { }, "geometry": { "type": "LineString", "coordinates": [ [ 95.206249999999415, 28.177083333332895 ], [ 95.21458333333274, 28.172916666666232 ] ] } },
{ "type": "Feature", "properties": { }, "geometry": { "type": "LineString", "coordinates": [ [ 95.218749999999403, 28.177083333332895 ], [ 95.21458333333274, 28.177083333332895 ], [ 95.21458333333274, 28.172916666666232 ] ] } },
{ "type": "Feature", "properties": { }, "geometry": { "type": "LineString", "coordinates": [ [ 95.218749999999403, 28.235416666666246 ], [ 95.218749999999403, 28.231249999999541 ] ] } },
{ "type": "Feature", "properties": { }, "geometry": { "type": "LineString", "coordinates": [ [ 95.21458333333274, 28.247916666666221 ], [ 95.21458333333274, 28.239583333332895 ], [ 95.218749999999403, 28.235416666666246 ] ] } },
{ "type": "Feature", "properties": { }, "geometry": { "type": "LineString", "coordinates": [ [ 95.210416666666021, 28.256249999999532 ], [ 95.21458333333274, 28.247916666666221 ] ] } },
{ "type": "Feature", "properties": { }, "geometry": { "type": "LineString", "coordinates": [ [ 95.206249999999415, 28.264583333332887 ], [ 95.210416666666021, 28.256249999999532 ] ] } },
{ "type": "Feature", "properties": { }, "geometry": { "type": "LineString", "coordinates": [ [ 95.202083333332695, 28.26874999999955 ], [ 95.206249999999415, 28.264583333332887 ] ] } },
{ "type": "Feature", "properties": { }, "geometry": { "type": "LineString", "coordinates": [ [ 95.197916666666089, 28.272916666666255 ], [ 95.202083333332695, 28.26874999999955 ] ] } },
{ "type": "Feature", "properties": { }, "geometry": { "type": "LineString", "coordinates": [ [ 95.556249999999494, 28.197916666666224 ], [ 95.556249999999494, 28.193749999999575 ] ] } },
{ "type": "Feature", "properties": { }, "geometry": { "type": "LineString", "coordinates": [ [ 95.556249999999494, 28.210416666666198 ], [ 95.556249999999494, 28.197916666666224 ] ] } },
{ "type": "Feature", "properties": { }, "geometry": { "type": "LineString", "coordinates": [ [ 95.556249999999494, 28.214583333332861 ], [ 95.556249999999494, 28.210416666666198 ] ] } },
{ "type": "Feature", "properties": { }, "geometry": { "type": "LineString", "coordinates": [ [ 95.556249999999494, 28.239583333332895 ], [ 95.556249999999494, 28.231249999999541 ] ] } },
{ "type": "Feature", "properties": { }, "geometry": { "type": "LineString", "coordinates": [ [ 95.556249999999494, 28.247916666666221 ], [ 95.560416666666043, 28.243749999999558 ], [ 95.556249999999494, 28.239583333332895 ] ] } },
{ "type": "Feature", "properties": { }, "geometry": { "type": "LineString", "coordinates": [ [ 95.552083333332831, 28.264583333332887 ], [ 95.560416666666043, 28.256249999999532 ] ] } },
{ "type": "Feature", "properties": { }, "geometry": { "type": "LineString", "coordinates": [ [ 95.552083333332831, 28.272916666666255 ], [ 95.547916666666111, 28.26874999999955 ], [ 95.552083333332831, 28.264583333332887 ] ] } },
{ "type": "Feature", "properties": { }, "geometry": { "type": "LineString", "coordinates": [ [ 95.539583333332786, 28.281249999999524 ], [ 95.552083333332831, 28.272916666666255 ] ] } },
{ "type": "Feature", "properties": { }, "geometry": { "type": "LineString", "coordinates": [ [ 95.539583333332786, 28.289583333332878 ], [ 95.539583333332786, 28.281249999999524 ] ] } },
{ "type": "Feature", "properties": { }, "geometry": { "type": "LineString", "coordinates": [ [ 95.535416666666123, 28.297916666666246 ], [ 95.539583333332786, 28.289583333332878 ] ] } },
{ "type": "Feature", "properties": { }, "geometry": { "type": "LineString", "coordinates": [ [ 94.552083333332718, 27.972916666666215 ], [ 94.547916666666055, 27.972916666666215 ] ] } },
{ "type": "Feature", "properties": { }, "geometry": { "type": "LineString", "coordinates": [ [ 94.510416666666202, 27.972916666666215 ], [ 94.50208333333282, 27.972916666666215 ] ] } },
{ "type": "Feature", "properties": { }, "geometry": { "type": "LineString", "coordinates": [ [ 94.514583333332695, 27.972916666666215 ], [ 94.510416666666202, 27.972916666666215 ] ] } },
{ "type": "Feature", "properties": { }, "geometry": { "type": "LineString", "coordinates": [ [ 94.50208333333282, 27.972916666666215 ], [ 94.497916666666043, 27.972916666666215 ] ] } },
{ "type": "Feature", "properties": { }, "geometry": { "type": "LineString", "coordinates": [ [ 94.531249999999403, 27.968749999999552 ], [ 94.522916666666077, 27.977083333332907 ] ] } },
{ "type": "Feature", "properties": { }, "geometry": { "type": "LineString", "coordinates": [ [ 94.522916666666077, 27.977083333332907 ], [ 94.514583333332695, 27.972916666666215 ] ] } },
{ "type": "Feature", "properties": { }, "geometry": { "type": "LineString", "coordinates": [ [ 94.522916666666077, 27.981249999999569 ], [ 94.522916666666077, 27.977083333332907 ] ] } },
{ "type": "Feature", "properties": { }, "geometry": { "type": "LineString", "coordinates": [ [ 94.52708333333274, 27.985416666666232 ], [ 94.522916666666077, 27.981249999999569 ] ] } },
{ "type": "Feature", "properties": { }, "geometry": { "type": "LineString", "coordinates": [ [ 94.52708333333274, 27.989583333332881 ], [ 94.52708333333274, 27.985416666666232 ] ] } },
{ "type": "Feature", "properties": { }, "geometry": { "type": "LineString", "coordinates": [ [ 94.52708333333274, 27.993749999999544 ], [ 94.52708333333274, 27.989583333332881 ] ] } },
{ "type": "Feature", "properties": { }, "geometry": { "type": "LineString", "coordinates": [ [ 94.260416666666089, 27.977083333332907 ], [ 94.264583333332752, 27.972916666666215 ] ] } },
{ "type": "Feature", "properties": { }, "geometry": { "type": "LineString", "coordinates": [ [ 94.256249999999369, 27.981249999999569 ], [ 94.260416666666089, 27.977083333332907 ] ] } },
{ "type": "Feature", "properties": { }, "geometry": { "type": "LineString", "coordinates": [ [ 94.302083333332774, 27.989583333332881 ], [ 94.302083333332774, 27.981249999999569 ], [ 94.297916666666111, 27.977083333332907 ], [ 94.302083333332774, 27.972916666666215 ] ] } },
{ "type": "Feature", "properties": { }, "geometry": { "type": "LineString", "coordinates": [ [ 94.302083333332774, 28.002083333332898 ], [ 94.302083333332774, 27.989583333332881 ] ] } },
{ "type": "Feature", "properties": { }, "geometry": { "type": "LineString", "coordinates": [ [ 94.306249999999437, 28.006249999999561 ], [ 94.302083333332774, 28.002083333332898 ] ] } },
{ "type": "Feature", "properties": { }, "geometry": { "type": "LineString", "coordinates": [ [ 94.3104166666661, 28.014583333332887 ], [ 94.306249999999437, 28.006249999999561 ] ] } },
{ "type": "Feature", "properties": { }, "geometry": { "type": "LineString", "coordinates": [ [ 94.314583333332763, 28.018749999999535 ], [ 94.3104166666661, 28.014583333332887 ] ] } },
{ "type": "Feature", "properties": { }, "geometry": { "type": "LineString", "coordinates": [ [ 94.314583333332763, 28.022916666666241 ], [ 94.314583333332763, 28.018749999999535 ] ] } },
{ "type": "Feature", "properties": { }, "geometry": { "type": "LineString", "coordinates": [ [ 94.318749999999426, 28.031249999999552 ], [ 94.314583333332763, 28.022916666666241 ] ] } },
{ "type": "Feature", "properties": { }, "geometry": { "type": "LineString", "coordinates": [ [ 94.322916666666089, 28.035416666666215 ], [ 94.318749999999426, 28.031249999999552 ] ] } },
{ "type": "Feature", "properties": { }, "geometry": { "type": "LineString", "coordinates": [ [ 94.52708333333274, 27.997916666666249 ], [ 94.52708333333274, 27.993749999999544 ] ] } },
{ "type": "Feature", "properties": { }, "geometry": { "type": "LineString", "coordinates": [ [ 94.539583333332729, 28.010416666666224 ], [ 94.535416666666066, 28.010416666666224 ], [ 94.52708333333274, 27.997916666666249 ] ] } },
{ "type": "Feature", "properties": { }, "geometry": { "type": "LineString", "coordinates": [ [ 94.539583333332729, 28.014583333332887 ], [ 94.539583333332729, 28.010416666666224 ] ] } },
{ "type": "Feature", "properties": { }, "geometry": { "type": "LineString", "coordinates": [ [ 94.543749999999392, 28.018749999999535 ], [ 94.539583333332729, 28.014583333332887 ] ] } },
{ "type": "Feature", "properties": { }, "geometry": { "type": "LineString", "coordinates": [ [ 94.547916666666055, 28.027083333332904 ], [ 94.543749999999392, 28.018749999999535 ] ] } },
{ "type": "Feature", "properties": { }, "geometry": { "type": "LineString", "coordinates": [ [ 94.543749999999392, 28.031249999999552 ], [ 94.547916666666055, 28.027083333332904 ] ] } },
{ "type": "Feature", "properties": { }, "geometry": { "type": "LineString", "coordinates": [ [ 94.531249999999403, 28.043749999999569 ], [ 94.543749999999392, 28.031249999999552 ] ] } },
{ "type": "Feature", "properties": { }, "geometry": { "type": "LineString", "coordinates": [ [ 94.552083333332718, 28.060416666666207 ], [ 94.547916666666055, 28.056249999999544 ], [ 94.547916666666055, 28.047916666666232 ], [ 94.552083333332718, 28.043749999999569 ], [ 94.547916666666055, 28.039583333332878 ], [ 94.547916666666055, 28.027083333332904 ] ] } },
{ "type": "Feature", "properties": { }, "geometry": { "type": "LineString", "coordinates": [ [ 94.52708333333274, 28.047916666666232 ], [ 94.531249999999403, 28.043749999999569 ] ] } },
{ "type": "Feature", "properties": { }, "geometry": { "type": "LineString", "coordinates": [ [ 94.522916666666077, 28.052083333332895 ], [ 94.52708333333274, 28.047916666666232 ] ] } },
{ "type": "Feature", "properties": { }, "geometry": { "type": "LineString", "coordinates": [ [ 94.631249999999369, 27.985416666666232 ], [ 94.62708333333282, 27.981249999999569 ] ] } },
{ "type": "Feature", "properties": { }, "geometry": { "type": "LineString", "coordinates": [ [ 94.664583333332729, 27.985416666666232 ], [ 94.660416666666066, 27.989583333332881 ] ] } },
{ "type": "Feature", "properties": { }, "geometry": { "type": "LineString", "coordinates": [ [ 94.635416666666146, 27.993749999999544 ], [ 94.631249999999369, 27.985416666666232 ] ] } },
{ "type": "Feature", "properties": { }, "geometry": { "type": "LineString", "coordinates": [ [ 94.660416666666066, 27.989583333332881 ], [ 94.656249999999403, 27.993749999999544 ] ] } },
{ "type": "Feature", "properties": { }, "geometry": { "type": "LineString", "coordinates": [ [ 94.656249999999403, 27.993749999999544 ], [ 94.65208333333274, 27.997916666666249 ] ] } },
{ "type": "Feature", "properties": { }, "geometry": { "type": "LineString", "coordinates": [ [ 94.643749999999415, 28.002083333332898 ], [ 94.635416666666146, 27.993749999999544 ] ] } },
{ "type": "Feature", "properties": { }, "geometry": { "type": "LineString", "coordinates": [ [ 94.65208333333274, 27.997916666666249 ], [ 94.643749999999415, 28.002083333332898 ] ] } },
{ "type": "Feature", "properties": { }, "geometry": { "type": "LineString", "coordinates": [ [ 94.5604166666661, 28.089583333332904 ], [ 94.5604166666661, 28.085416666666198 ] ] } },
{ "type": "Feature", "properties": { }, "geometry": { "type": "LineString", "coordinates": [ [ 94.5604166666661, 28.093749999999552 ], [ 94.5604166666661, 28.089583333332904 ] ] } },
{ "type": "Feature", "properties": { }, "geometry": { "type": "LineString", "coordinates": [ [ 94.568749999999426, 28.106249999999569 ], [ 94.5604166666661, 28.097916666666215 ], [ 94.5604166666661, 28.093749999999552 ] ] } },
{ "type": "Feature", "properties": { }, "geometry": { "type": "LineString", "coordinates": [ [ 94.322916666666089, 28.039583333332878 ], [ 94.322916666666089, 28.035416666666215 ] ] } },
{ "type": "Feature", "properties": { }, "geometry": { "type": "LineString", "coordinates": [ [ 94.327083333332808, 28.052083333332895 ], [ 94.322916666666089, 28.039583333332878 ] ] } },
{ "type": "Feature", "properties": { }, "geometry": { "type": "LineString", "coordinates": [ [ 94.331249999999471, 28.056249999999544 ], [ 94.327083333332808, 28.052083333332895 ] ] } },
{ "type": "Feature", "properties": { }, "geometry": { "type": "LineString", "coordinates": [ [ 94.335416666666134, 28.060416666666207 ], [ 94.331249999999471, 28.056249999999544 ] ] } },
{ "type": "Feature", "properties": { }, "geometry": { "type": "LineString", "coordinates": [ [ 94.339583333332797, 28.06458333333287 ], [ 94.335416666666134, 28.060416666666207 ] ] } },
{ "type": "Feature", "properties": { }, "geometry": { "type": "LineString", "coordinates": [ [ 94.347916666666123, 28.072916666666224 ], [ 94.339583333332797, 28.06458333333287 ] ] } },
{ "type": "Feature", "properties": { }, "geometry": { "type": "LineString", "coordinates": [ [ 94.347916666666123, 28.081249999999535 ], [ 94.347916666666123, 28.072916666666224 ] ] } },
{ "type": "Feature", "properties": { }, "geometry": { "type": "LineString", "coordinates": [ [ 94.352083333332843, 28.085416666666198 ], [ 94.347916666666123, 28.081249999999535 ] ] } },
{ "type": "Feature", "properties": { }, "geometry": { "type": "LineString", "coordinates": [ [ 94.356249999999505, 28.089583333332904 ], [ 94.352083333332843, 28.085416666666198 ] ] } },
{ "type": "Feature", "properties": { }, "geometry": { "type": "LineString", "coordinates": [ [ 94.356249999999505, 28.093749999999552 ], [ 94.356249999999505, 28.089583333332904 ] ] } },
{ "type": "Feature", "properties": { }, "geometry": { "type": "LineString", "coordinates": [ [ 94.568749999999426, 28.110416666666232 ], [ 94.568749999999426, 28.106249999999569 ] ] } },
{ "type": "Feature", "properties": { }, "geometry": { "type": "LineString", "coordinates": [ [ 94.55624999999938, 28.118749999999558 ], [ 94.564583333332763, 28.110416666666232 ], [ 94.568749999999426, 28.110416666666232 ] ] } },
{ "type": "Feature", "properties": { }, "geometry": { "type": "LineString", "coordinates": [ [ 94.668749999999392, 28.131249999999575 ], [ 94.668749999999392, 28.139583333332887 ] ] } },
{ "type": "Feature", "properties": { }, "geometry": { "type": "LineString", "coordinates": [ [ 94.622916666666043, 28.214583333332861 ], [ 94.631249999999369, 28.218749999999567 ] ] } },
{ "type": "Feature", "properties": { }, "geometry": { "type": "LineString", "coordinates": [ [ 94.610416666666111, 28.227083333332878 ], [ 94.622916666666043, 28.214583333332861 ] ] } },
{ "type": "Feature", "properties": { }, "geometry": { "type": "LineString", "coordinates": [ [ 94.631249999999369, 28.218749999999567 ], [ 94.643749999999415, 28.227083333332878 ] ] } },
{ "type": "Feature", "properties": { }, "geometry": { "type": "LineString", "coordinates": [ [ 94.643749999999415, 28.227083333332878 ], [ 94.647916666666077, 28.222916666666229 ] ] } },
{ "type": "Feature", "properties": { }, "geometry": { "type": "LineString", "coordinates": [ [ 94.647916666666077, 28.222916666666229 ], [ 94.65208333333274, 28.227083333332878 ] ] } },
{ "type": "Feature", "properties": { }, "geometry": { "type": "LineString", "coordinates": [ [ 94.65208333333274, 28.227083333332878 ], [ 94.660416666666066, 28.235416666666246 ] ] } },
{ "type": "Feature", "properties": { }, "geometry": { "type": "LineString", "coordinates": [ [ 94.602083333332786, 28.235416666666246 ], [ 94.610416666666111, 28.227083333332878 ] ] } },
{ "type": "Feature", "properties": { }, "geometry": { "type": "LineString", "coordinates": [ [ 94.347916666666123, 28.102083333332921 ], [ 94.356249999999505, 28.093749999999552 ] ] } },
{ "type": "Feature", "properties": { }, "geometry": { "type": "LineString", "coordinates": [ [ 94.34374999999946, 28.106249999999569 ], [ 94.347916666666123, 28.102083333332921 ] ] } },
{ "type": "Feature", "properties": { }, "geometry": { "type": "LineString", "coordinates": [ [ 94.322916666666089, 28.256249999999532 ], [ 94.3104166666661, 28.25208333333287 ] ] } },
{ "type": "Feature", "properties": { }, "geometry": { "type": "LineString", "coordinates": [ [ 94.327083333332808, 28.25208333333287 ], [ 94.322916666666089, 28.256249999999532 ] ] } },
{ "type": "Feature", "properties": { }, "geometry": { "type": "LineString", "coordinates": [ [ 94.306249999999437, 28.256249999999532 ], [ 94.293749999999392, 28.25208333333287 ] ] } },
{ "type": "Feature", "properties": { }, "geometry": { "type": "LineString", "coordinates": [ [ 94.3104166666661, 28.25208333333287 ], [ 94.306249999999437, 28.256249999999532 ] ] } },
{ "type": "Feature", "properties": { }, "geometry": { "type": "LineString", "coordinates": [ [ 94.264583333332752, 28.260416666666238 ], [ 94.260416666666089, 28.256249999999532 ] ] } },
{ "type": "Feature", "properties": { }, "geometry": { "type": "LineString", "coordinates": [ [ 94.293749999999392, 28.25208333333287 ], [ 94.281249999999403, 28.26874999999955 ], [ 94.268749999999415, 28.26874999999955 ] ] } },
{ "type": "Feature", "properties": { }, "geometry": { "type": "LineString", "coordinates": [ [ 94.264583333332752, 28.264583333332887 ], [ 94.264583333332752, 28.260416666666238 ] ] } },
{ "type": "Feature", "properties": { }, "geometry": { "type": "LineString", "coordinates": [ [ 94.268749999999415, 28.26874999999955 ], [ 94.264583333332752, 28.264583333332887 ] ] } },
{ "type": "Feature", "properties": { }, "geometry": { "type": "LineString", "coordinates": [ [ 94.514583333332695, 28.060416666666207 ], [ 94.522916666666077, 28.052083333332895 ] ] } },
{ "type": "Feature", "properties": { }, "geometry": { "type": "LineString", "coordinates": [ [ 94.510416666666202, 28.060416666666207 ], [ 94.514583333332695, 28.060416666666207 ] ] } },
{ "type": "Feature", "properties": { }, "geometry": { "type": "LineString", "coordinates": [ [ 94.55624999999938, 28.068749999999561 ], [ 94.552083333332718, 28.060416666666207 ] ] } },
{ "type": "Feature", "properties": { }, "geometry": { "type": "LineString", "coordinates": [ [ 94.497916666666043, 28.072916666666224 ], [ 94.506249999999369, 28.06458333333287 ], [ 94.506249999999369, 28.060416666666207 ], [ 94.510416666666202, 28.060416666666207 ] ] } },
{ "type": "Feature", "properties": { }, "geometry": { "type": "LineString", "coordinates": [ [ 94.552083333332718, 28.072916666666224 ], [ 94.55624999999938, 28.068749999999561 ] ] } },
{ "type": "Feature", "properties": { }, "geometry": { "type": "LineString", "coordinates": [ [ 94.5604166666661, 28.085416666666198 ], [ 94.552083333332718, 28.072916666666224 ] ] } },
{ "type": "Feature", "properties": { }, "geometry": { "type": "LineString", "coordinates": [ [ 94.552083333332718, 28.297916666666246 ], [ 94.55624999999938, 28.289583333332878 ] ] } },
{ "type": "Feature", "properties": { }, "geometry": { "type": "LineString", "coordinates": [ [ 94.535416666666066, 28.302083333332895 ], [ 94.543749999999392, 28.297916666666246 ], [ 94.552083333332718, 28.297916666666246 ] ] } },
{ "type": "Feature", "properties": { }, "geometry": { "type": "LineString", "coordinates": [ [ 94.531249999999403, 28.302083333332895 ], [ 94.535416666666066, 28.302083333332895 ] ] } },
{ "type": "Feature", "properties": { }, "geometry": { "type": "LineString", "coordinates": [ [ 94.535416666666066, 28.310416666666221 ], [ 94.531249999999403, 28.302083333332895 ] ] } },
{ "type": "Feature", "properties": { }, "geometry": { "type": "LineString", "coordinates": [ [ 94.597916666666123, 28.235416666666246 ], [ 94.602083333332786, 28.235416666666246 ] ] } },
{ "type": "Feature", "properties": { }, "geometry": { "type": "LineString", "coordinates": [ [ 94.589583333332797, 28.243749999999558 ], [ 94.597916666666123, 28.235416666666246 ] ] } },
{ "type": "Feature", "properties": { }, "geometry": { "type": "LineString", "coordinates": [ [ 94.660416666666066, 28.235416666666246 ], [ 94.672916666666055, 28.243749999999558 ], [ 94.668749999999392, 28.25208333333287 ] ] } },
{ "type": "Feature", "properties": { }, "geometry": { "type": "LineString", "coordinates": [ [ 94.585416666666134, 28.247916666666221 ], [ 94.589583333332797, 28.243749999999558 ] ] } },
{ "type": "Feature", "properties": { }, "geometry": { "type": "LineString", "coordinates": [ [ 94.585416666666134, 28.260416666666238 ], [ 94.589583333332797, 28.256249999999532 ], [ 94.585416666666134, 28.247916666666221 ] ] } },
{ "type": "Feature", "properties": { }, "geometry": { "type": "LineString", "coordinates": [ [ 94.585416666666134, 28.264583333332887 ], [ 94.585416666666134, 28.260416666666238 ] ] } },
{ "type": "Feature", "properties": { }, "geometry": { "type": "LineString", "coordinates": [ [ 94.581249999999415, 28.26874999999955 ], [ 94.585416666666134, 28.264583333332887 ] ] } },
{ "type": "Feature", "properties": { }, "geometry": { "type": "LineString", "coordinates": [ [ 94.581249999999415, 28.272916666666255 ], [ 94.581249999999415, 28.26874999999955 ] ] } },
{ "type": "Feature", "properties": { }, "geometry": { "type": "LineString", "coordinates": [ [ 94.577083333332752, 28.277083333332861 ], [ 94.581249999999415, 28.272916666666255 ] ] } },
{ "type": "Feature", "properties": { }, "geometry": { "type": "LineString", "coordinates": [ [ 94.664583333332729, 28.281249999999524 ], [ 94.668749999999392, 28.272916666666255 ] ] } },
{ "type": "Feature", "properties": { }, "geometry": { "type": "LineString", "coordinates": [ [ 94.572916666666089, 28.281249999999524 ], [ 94.577083333332752, 28.277083333332861 ] ] } },
{ "type": "Feature", "properties": { }, "geometry": { "type": "LineString", "coordinates": [ [ 94.568749999999426, 28.281249999999524 ], [ 94.572916666666089, 28.281249999999524 ] ] } },
{ "type": "Feature", "properties": { }, "geometry": { "type": "LineString", "coordinates": [ [ 94.55624999999938, 28.289583333332878 ], [ 94.5604166666661, 28.289583333332878 ], [ 94.568749999999426, 28.281249999999524 ] ] } },
{ "type": "Feature", "properties": { }, "geometry": { "type": "LineString", "coordinates": [ [ 94.660416666666066, 28.293749999999541 ], [ 94.664583333332729, 28.289583333332878 ], [ 94.664583333332729, 28.281249999999524 ] ] } },
{ "type": "Feature", "properties": { }, "geometry": { "type": "LineString", "coordinates": [ [ 94.647916666666077, 28.297916666666246 ], [ 94.660416666666066, 28.293749999999541 ] ] } },
{ "type": "Feature", "properties": { }, "geometry": { "type": "LineString", "coordinates": [ [ 94.643749999999415, 28.306249999999558 ], [ 94.647916666666077, 28.297916666666246 ] ] } },
{ "type": "Feature", "properties": { }, "geometry": { "type": "LineString", "coordinates": [ [ 94.660416666666066, 28.481249999999555 ], [ 94.664583333332729, 28.47708333333285 ], [ 94.668749999999392, 28.481249999999555 ] ] } },
{ "type": "Feature", "properties": { }, "geometry": { "type": "LineString", "coordinates": [ [ 94.660416666666066, 28.485416666666204 ], [ 94.660416666666066, 28.481249999999555 ] ] } },
{ "type": "Feature", "properties": { }, "geometry": { "type": "LineString", "coordinates": [ [ 94.660416666666066, 28.493749999999572 ], [ 94.660416666666066, 28.485416666666204 ] ] } },
{ "type": "Feature", "properties": { }, "geometry": { "type": "LineString", "coordinates": [ [ 94.660416666666066, 28.497916666666221 ], [ 94.660416666666066, 28.493749999999572 ] ] } },
{ "type": "Feature", "properties": { }, "geometry": { "type": "LineString", "coordinates": [ [ 94.75208333333282, 28.197916666666224 ], [ 94.756249999999369, 28.197916666666224 ] ] } },
{ "type": "Feature", "properties": { }, "geometry": { "type": "LineString", "coordinates": [ [ 94.706249999999415, 28.197916666666224 ], [ 94.710416666666077, 28.197916666666224 ] ] } },
{ "type": "Feature", "properties": { }, "geometry": { "type": "LineString", "coordinates": [ [ 94.710416666666077, 28.197916666666224 ], [ 94.71458333333274, 28.202083333332887 ], [ 94.722916666666123, 28.202083333332887 ], [ 94.739583333332774, 28.193749999999575 ] ] } },
{ "type": "Feature", "properties": { }, "geometry": { "type": "LineString", "coordinates": [ [ 94.697916666666089, 28.20624999999955 ], [ 94.706249999999415, 28.197916666666224 ] ] } },
{ "type": "Feature", "properties": { }, "geometry": { "type": "LineString", "coordinates": [ [ 94.697916666666089, 28.210416666666198 ], [ 94.697916666666089, 28.20624999999955 ] ] } },
{ "type": "Feature", "properties": { }, "geometry": { "type": "LineString", "coordinates": [ [ 94.702083333332752, 28.218749999999567 ], [ 94.697916666666089, 28.210416666666198 ] ] } },
{ "type": "Feature", "properties": { }, "geometry": { "type": "LineString", "coordinates": [ [ 94.697916666666089, 28.222916666666229 ], [ 94.702083333332752, 28.218749999999567 ] ] } },
{ "type": "Feature", "properties": { }, "geometry": { "type": "LineString", "coordinates": [ [ 94.689583333332763, 28.227083333332878 ], [ 94.697916666666089, 28.222916666666229 ] ] } },
{ "type": "Feature", "properties": { }, "geometry": { "type": "LineString", "coordinates": [ [ 94.689583333332763, 28.231249999999541 ], [ 94.689583333332763, 28.227083333332878 ] ] } },
{ "type": "Feature", "properties": { }, "geometry": { "type": "LineString", "coordinates": [ [ 94.689583333332763, 28.247916666666221 ], [ 94.689583333332763, 28.231249999999541 ] ] } },
{ "type": "Feature", "properties": { }, "geometry": { "type": "LineString", "coordinates": [ [ 94.860416666666111, 28.218749999999567 ], [ 94.864583333332774, 28.218749999999567 ] ] } },
{ "type": "Feature", "properties": { }, "geometry": { "type": "LineString", "coordinates": [ [ 94.831249999999415, 28.214583333332861 ], [ 94.843749999999403, 28.227083333332878 ] ] } },
{ "type": "Feature", "properties": { }, "geometry": { "type": "LineString", "coordinates": [ [ 94.864583333332774, 28.218749999999567 ], [ 94.872916666666157, 28.222916666666229 ] ] } },
{ "type": "Feature", "properties": { }, "geometry": { "type": "LineString", "coordinates": [ [ 94.852083333332786, 28.227083333332878 ], [ 94.860416666666111, 28.218749999999567 ] ] } },
{ "type": "Feature", "properties": { }, "geometry": { "type": "LineString", "coordinates": [ [ 94.872916666666157, 28.222916666666229 ], [ 94.87708333333282, 28.227083333332878 ] ] } },
{ "type": "Feature", "properties": { }, "geometry": { "type": "LineString", "coordinates": [ [ 94.843749999999403, 28.227083333332878 ], [ 94.852083333332786, 28.227083333332878 ] ] } },
{ "type": "Feature", "properties": { }, "geometry": { "type": "LineString", "coordinates": [ [ 94.87708333333282, 28.227083333332878 ], [ 94.881249999999369, 28.231249999999541 ] ] } },
{ "type": "Feature", "properties": { }, "geometry": { "type": "LineString", "coordinates": [ [ 94.83958333333274, 28.235416666666246 ], [ 94.843749999999403, 28.227083333332878 ] ] } },
{ "type": "Feature", "properties": { }, "geometry": { "type": "LineString", "coordinates": [ [ 94.893749999999471, 28.235416666666246 ], [ 94.902083333332854, 28.231249999999541 ] ] } },
{ "type": "Feature", "properties": { }, "geometry": { "type": "LineString", "coordinates": [ [ 94.881249999999369, 28.231249999999541 ], [ 94.885416666666146, 28.235416666666246 ] ] } },
{ "type": "Feature", "properties": { }, "geometry": { "type": "LineString", "coordinates": [ [ 94.902083333332854, 28.231249999999541 ], [ 94.910416666666066, 28.239583333332895 ] ] } },
{ "type": "Feature", "properties": { }, "geometry": { "type": "LineString", "coordinates": [ [ 94.885416666666146, 28.235416666666246 ], [ 94.893749999999471, 28.235416666666246 ] ] } },
{ "type": "Feature", "properties": { }, "geometry": { "type": "LineString", "coordinates": [ [ 94.910416666666066, 28.239583333332895 ], [ 94.914583333332729, 28.235416666666246 ] ] } },
{ "type": "Feature", "properties": { }, "geometry": { "type": "LineString", "coordinates": [ [ 94.914583333332729, 28.235416666666246 ], [ 94.918749999999392, 28.239583333332895 ], [ 94.927083333332718, 28.235416666666246 ], [ 94.935416666666043, 28.239583333332895 ] ] } },
{ "type": "Feature", "properties": { }, "geometry": { "type": "LineString", "coordinates": [ [ 94.835416666666077, 28.243749999999558 ], [ 94.83958333333274, 28.235416666666246 ] ] } },
{ "type": "Feature", "properties": { }, "geometry": { "type": "LineString", "coordinates": [ [ 94.847916666666123, 28.260416666666238 ], [ 94.835416666666077, 28.247916666666221 ], [ 94.835416666666077, 28.243749999999558 ] ] } },
{ "type": "Feature", "properties": { }, "geometry": { "type": "LineString", "coordinates": [ [ 94.847916666666123, 28.264583333332887 ], [ 94.847916666666123, 28.260416666666238 ] ] } },
{ "type": "Feature", "properties": { }, "geometry": { "type": "LineString", "coordinates": [ [ 94.852083333332786, 28.26874999999955 ], [ 94.847916666666123, 28.264583333332887 ] ] } },
{ "type": "Feature", "properties": { }, "geometry": { "type": "LineString", "coordinates": [ [ 94.856249999999449, 28.272916666666255 ], [ 94.852083333332786, 28.26874999999955 ] ] } },
{ "type": "Feature", "properties": { }, "geometry": { "type": "LineString", "coordinates": [ [ 94.860416666666111, 28.277083333332861 ], [ 94.856249999999449, 28.272916666666255 ] ] } },
{ "type": "Feature", "properties": { }, "geometry": { "type": "LineString", "coordinates": [ [ 94.956249999999415, 28.239583333332895 ], [ 94.960416666666077, 28.239583333332895 ] ] } },
{ "type": "Feature", "properties": { }, "geometry": { "type": "LineString", "coordinates": [ [ 94.943749999999369, 28.239583333332895 ], [ 94.952083333332752, 28.239583333332895 ] ] } },
{ "type": "Feature", "properties": { }, "geometry": { "type": "LineString", "coordinates": [ [ 94.952083333332752, 28.239583333332895 ], [ 94.956249999999415, 28.239583333332895 ] ] } },
{ "type": "Feature", "properties": { }, "geometry": { "type": "LineString", "coordinates": [ [ 94.989583333332774, 28.25208333333287 ], [ 94.989583333332774, 28.243749999999558 ], [ 94.993749999999437, 28.239583333332895 ] ] } },
{ "type": "Feature", "properties": { }, "geometry": { "type": "LineString", "coordinates": [ [ 94.985416666666111, 28.260416666666238 ], [ 94.989583333332774, 28.25208333333287 ] ] } },
{ "type": "Feature", "properties": { }, "geometry": { "type": "LineString", "coordinates": [ [ 94.985416666666111, 28.264583333332887 ], [ 94.985416666666111, 28.260416666666238 ] ] } },
{ "type": "Feature", "properties": { }, "geometry": { "type": "LineString", "coordinates": [ [ 94.985416666666111, 28.26874999999955 ], [ 94.985416666666111, 28.264583333332887 ] ] } },
{ "type": "Feature", "properties": { }, "geometry": { "type": "LineString", "coordinates": [ [ 94.985416666666111, 28.272916666666255 ], [ 94.985416666666111, 28.26874999999955 ] ] } },
{ "type": "Feature", "properties": { }, "geometry": { "type": "LineString", "coordinates": [ [ 94.985416666666111, 28.277083333332861 ], [ 94.985416666666111, 28.272916666666255 ] ] } },
{ "type": "Feature", "properties": { }, "geometry": { "type": "LineString", "coordinates": [ [ 94.956249999999415, 28.281249999999524 ], [ 94.96458333333274, 28.277083333332861 ] ] } },
{ "type": "Feature", "properties": { }, "geometry": { "type": "LineString", "coordinates": [ [ 94.677083333332718, 28.260416666666238 ], [ 94.68124999999938, 28.260416666666238 ], [ 94.689583333332763, 28.247916666666221 ] ] } },
{ "type": "Feature", "properties": { }, "geometry": { "type": "LineString", "coordinates": [ [ 94.668749999999392, 28.25208333333287 ], [ 94.677083333332718, 28.260416666666238 ] ] } },
{ "type": "Feature", "properties": { }, "geometry": { "type": "LineString", "coordinates": [ [ 94.693749999999426, 28.264583333332887 ], [ 94.693749999999426, 28.25208333333287 ], [ 94.689583333332763, 28.247916666666221 ] ] } },
{ "type": "Feature", "properties": { }, "geometry": { "type": "LineString", "coordinates": [ [ 94.693749999999426, 28.26874999999955 ], [ 94.693749999999426, 28.264583333332887 ] ] } },
{ "type": "Feature", "properties": { }, "geometry": { "type": "LineString", "coordinates": [ [ 94.668749999999392, 28.272916666666255 ], [ 94.677083333332718, 28.260416666666238 ] ] } },
{ "type": "Feature", "properties": { }, "geometry": { "type": "LineString", "coordinates": [ [ 94.689583333332763, 28.285416666666229 ], [ 94.689583333332763, 28.277083333332861 ], [ 94.693749999999426, 28.26874999999955 ] ] } },
{ "type": "Feature", "properties": { }, "geometry": { "type": "LineString", "coordinates": [ [ 94.685416666666043, 28.289583333332878 ], [ 94.689583333332763, 28.285416666666229 ] ] } },
{ "type": "Feature", "properties": { }, "geometry": { "type": "LineString", "coordinates": [ [ 94.68124999999938, 28.297916666666246 ], [ 94.685416666666043, 28.289583333332878 ] ] } },
{ "type": "Feature", "properties": { }, "geometry": { "type": "LineString", "coordinates": [ [ 94.685416666666043, 28.302083333332895 ], [ 94.68124999999938, 28.297916666666246 ] ] } },
{ "type": "Feature", "properties": { }, "geometry": { "type": "LineString", "coordinates": [ [ 94.685416666666043, 28.310416666666221 ], [ 94.685416666666043, 28.302083333332895 ] ] } },
{ "type": "Feature", "properties": { }, "geometry": { "type": "LineString", "coordinates": [ [ 94.864583333332774, 28.281249999999524 ], [ 94.860416666666111, 28.277083333332861 ] ] } },
{ "type": "Feature", "properties": { }, "geometry": { "type": "LineString", "coordinates": [ [ 94.864583333332774, 28.289583333332878 ], [ 94.864583333332774, 28.281249999999524 ] ] } },
{ "type": "Feature", "properties": { }, "geometry": { "type": "LineString", "coordinates": [ [ 94.864583333332774, 28.293749999999541 ], [ 94.864583333332774, 28.289583333332878 ] ] } },
{ "type": "Feature", "properties": { }, "geometry": { "type": "LineString", "coordinates": [ [ 94.860416666666111, 28.302083333332895 ], [ 94.864583333332774, 28.293749999999541 ] ] } },
{ "type": "Feature", "properties": { }, "geometry": { "type": "LineString", "coordinates": [ [ 94.860416666666111, 28.306249999999558 ], [ 94.860416666666111, 28.302083333332895 ] ] } },
{ "type": "Feature", "properties": { }, "geometry": { "type": "LineString", "coordinates": [ [ 94.856249999999449, 28.310416666666221 ], [ 94.860416666666111, 28.306249999999558 ] ] } },
{ "type": "Feature", "properties": { }, "geometry": { "type": "LineString", "coordinates": [ [ 94.814583333332763, 28.314583333332884 ], [ 94.818749999999369, 28.310416666666221 ], [ 94.827083333332752, 28.314583333332884 ] ] } },
{ "type": "Feature", "properties": { }, "geometry": { "type": "LineString", "coordinates": [ [ 94.847916666666123, 28.314583333332884 ], [ 94.856249999999449, 28.310416666666221 ] ] } },
{ "type": "Feature", "properties": { }, "geometry": { "type": "LineString", "coordinates": [ [ 94.802083333332718, 28.310416666666221 ], [ 94.810416666666043, 28.314583333332884 ] ] } },
{ "type": "Feature", "properties": { }, "geometry": { "type": "LineString", "coordinates": [ [ 94.810416666666043, 28.314583333332884 ], [ 94.814583333332763, 28.314583333332884 ] ] } },
{ "type": "Feature", "properties": { }, "geometry": { "type": "LineString", "coordinates": [ [ 94.981249999999449, 28.281249999999524 ], [ 94.985416666666111, 28.277083333332861 ] ] } },
{ "type": "Feature", "properties": { }, "geometry": { "type": "LineString", "coordinates": [ [ 94.96458333333274, 28.277083333332861 ], [ 94.972916666666066, 28.285416666666229 ], [ 94.977083333332786, 28.285416666666229 ] ] } },
{ "type": "Feature", "properties": { }, "geometry": { "type": "LineString", "coordinates": [ [ 94.977083333332786, 28.285416666666229 ], [ 94.981249999999449, 28.281249999999524 ] ] } },
{ "type": "Feature", "properties": { }, "geometry": { "type": "LineString", "coordinates": [ [ 94.952083333332752, 28.289583333332878 ], [ 94.956249999999415, 28.281249999999524 ] ] } },
{ "type": "Feature", "properties": { }, "geometry": { "type": "LineString", "coordinates": [ [ 94.952083333332752, 28.297916666666246 ], [ 94.952083333332752, 28.289583333332878 ] ] } },
{ "type": "Feature", "properties": { }, "geometry": { "type": "LineString", "coordinates": [ [ 94.956249999999415, 28.310416666666221 ], [ 94.952083333332752, 28.306249999999558 ], [ 94.952083333332752, 28.297916666666246 ] ] } },
{ "type": "Feature", "properties": { }, "geometry": { "type": "LineString", "coordinates": [ [ 94.989583333332774, 28.310416666666221 ], [ 94.977083333332786, 28.314583333332884 ] ] } },
{ "type": "Feature", "properties": { }, "geometry": { "type": "LineString", "coordinates": [ [ 94.96458333333274, 28.314583333332884 ], [ 94.956249999999415, 28.310416666666221 ] ] } },
{ "type": "Feature", "properties": { }, "geometry": { "type": "LineString", "coordinates": [ [ 94.9979166666661, 28.318749999999532 ], [ 94.989583333332774, 28.310416666666221 ] ] } },
{ "type": "Feature", "properties": { }, "geometry": { "type": "LineString", "coordinates": [ [ 94.977083333332786, 28.314583333332884 ], [ 94.96458333333274, 28.314583333332884 ] ] } },
{ "type": "Feature", "properties": { }, "geometry": { "type": "LineString", "coordinates": [ [ 94.96458333333274, 28.322916666666238 ], [ 94.96458333333274, 28.314583333332884 ] ] } },
{ "type": "Feature", "properties": { }, "geometry": { "type": "LineString", "coordinates": [ [ 94.960416666666077, 28.33124999999955 ], [ 94.96458333333274, 28.322916666666238 ] ] } },
{ "type": "Feature", "properties": { }, "geometry": { "type": "LineString", "coordinates": [ [ 94.993749999999437, 28.339583333332875 ], [ 94.9979166666661, 28.318749999999532 ] ] } },
{ "type": "Feature", "properties": { }, "geometry": { "type": "LineString", "coordinates": [ [ 95.027083333332797, 28.327083333332901 ], [ 95.022916666666021, 28.33124999999955 ] ] } },
{ "type": "Feature", "properties": { }, "geometry": { "type": "LineString", "coordinates": [ [ 95.031249999999517, 28.33124999999955 ], [ 95.027083333332797, 28.327083333332901 ] ] } },
{ "type": "Feature", "properties": { }, "geometry": { "type": "LineString", "coordinates": [ [ 94.960416666666077, 28.343749999999524 ], [ 94.960416666666077, 28.33124999999955 ] ] } },
{ "type": "Feature", "properties": { }, "geometry": { "type": "LineString", "coordinates": [ [ 95.022916666666021, 28.33124999999955 ], [ 95.010416666666146, 28.343749999999524 ] ] } },
{ "type": "Feature", "properties": { }, "geometry": { "type": "LineString", "coordinates": [ [ 94.9979166666661, 28.343749999999524 ], [ 94.993749999999437, 28.339583333332875 ] ] } },
{ "type": "Feature", "properties": { }, "geometry": { "type": "LineString", "coordinates": [ [ 95.039583333332729, 28.352083333332892 ], [ 95.031249999999517, 28.339583333332875 ], [ 95.031249999999517, 28.33124999999955 ] ] } },
{ "type": "Feature", "properties": { }, "geometry": { "type": "LineString", "coordinates": [ [ 95.010416666666146, 28.343749999999524 ], [ 94.9979166666661, 28.343749999999524 ] ] } },
{ "type": "Feature", "properties": { }, "geometry": { "type": "LineString", "coordinates": [ [ 94.797916666666055, 28.310416666666221 ], [ 94.802083333332718, 28.310416666666221 ] ] } },
{ "type": "Feature", "properties": { }, "geometry": { "type": "LineString", "coordinates": [ [ 94.68124999999938, 28.314583333332884 ], [ 94.685416666666043, 28.310416666666221 ] ] } },
{ "type": "Feature", "properties": { }, "geometry": { "type": "LineString", "coordinates": [ [ 94.677083333332718, 28.318749999999532 ], [ 94.68124999999938, 28.314583333332884 ] ] } },
{ "type": "Feature", "properties": { }, "geometry": { "type": "LineString", "coordinates": [ [ 94.677083333332718, 28.327083333332901 ], [ 94.677083333332718, 28.318749999999532 ] ] } },
{ "type": "Feature", "properties": { }, "geometry": { "type": "LineString", "coordinates": [ [ 94.68124999999938, 28.335416666666212 ], [ 94.677083333332718, 28.327083333332901 ] ] } },
{ "type": "Feature", "properties": { }, "geometry": { "type": "LineString", "coordinates": [ [ 94.68124999999938, 28.347916666666229 ], [ 94.68124999999938, 28.335416666666212 ] ] } },
{ "type": "Feature", "properties": { }, "geometry": { "type": "LineString", "coordinates": [ [ 94.685416666666043, 28.356249999999541 ], [ 94.68124999999938, 28.347916666666229 ] ] } },
{ "type": "Feature", "properties": { }, "geometry": { "type": "LineString", "coordinates": [ [ 94.689583333332763, 28.360416666666204 ], [ 94.685416666666043, 28.356249999999541 ] ] } },
{ "type": "Feature", "properties": { }, "geometry": { "type": "LineString", "coordinates": [ [ 94.693749999999426, 28.372916666666221 ], [ 94.689583333332763, 28.360416666666204 ] ] } },
{ "type": "Feature", "properties": { }, "geometry": { "type": "LineString", "coordinates": [ [ 94.693749999999426, 28.377083333332884 ], [ 94.693749999999426, 28.372916666666221 ] ] } },
{ "type": "Feature", "properties": { }, "geometry": { "type": "LineString", "coordinates": [ [ 94.827083333332752, 28.314583333332884 ], [ 94.831249999999415, 28.318749999999532 ] ] } },
{ "type": "Feature", "properties": { }, "geometry": { "type": "LineString", "coordinates": [ [ 94.835416666666077, 28.318749999999532 ], [ 94.847916666666123, 28.314583333332884 ] ] } },
{ "type": "Feature", "properties": { }, "geometry": { "type": "LineString", "coordinates": [ [ 94.831249999999415, 28.318749999999532 ], [ 94.835416666666077, 28.318749999999532 ] ] } },
{ "type": "Feature", "properties": { }, "geometry": { "type": "LineString", "coordinates": [ [ 94.922916666666055, 28.385416666666195 ], [ 94.927083333332718, 28.381249999999532 ] ] } },
{ "type": "Feature", "properties": { }, "geometry": { "type": "LineString", "coordinates": [ [ 94.918749999999392, 28.385416666666195 ], [ 94.922916666666055, 28.385416666666195 ] ] } },
{ "type": "Feature", "properties": { }, "geometry": { "type": "LineString", "coordinates": [ [ 94.910416666666066, 28.389583333332901 ], [ 94.918749999999392, 28.385416666666195 ] ] } },
{ "type": "Feature", "properties": { }, "geometry": { "type": "LineString", "coordinates": [ [ 94.897916666666021, 28.414583333332892 ], [ 94.906249999999403, 28.406249999999524 ], [ 94.910416666666066, 28.397916666666212 ], [ 94.910416666666066, 28.389583333332901 ] ] } },
{ "type": "Feature", "properties": { }, "geometry": { "type": "LineString", "coordinates": [ [ 94.897916666666021, 28.418749999999555 ], [ 94.897916666666021, 28.414583333332892 ] ] } },
{ "type": "Feature", "properties": { }, "geometry": { "type": "LineString", "coordinates": [ [ 94.893749999999471, 28.422916666666204 ], [ 94.897916666666021, 28.418749999999555 ] ] } },
{ "type": "Feature", "properties": { }, "geometry": { "type": "LineString", "coordinates": [ [ 94.893749999999471, 28.427083333332909 ], [ 94.893749999999471, 28.422916666666204 ] ] } },
{ "type": "Feature", "properties": { }, "geometry": { "type": "LineString", "coordinates": [ [ 95.243749999999437, 28.168749999999541 ], [ 95.252083333332763, 28.160416666666215 ] ] } },
{ "type": "Feature", "properties": { }, "geometry": { "type": "LineString", "coordinates": [ [ 95.227083333332729, 28.164583333332878 ], [ 95.231249999999392, 28.168749999999541 ], [ 95.243749999999437, 28.168749999999541 ] ] } },
{ "type": "Feature", "properties": { }, "geometry": { "type": "LineString", "coordinates": [ [ 95.21458333333274, 28.172916666666232 ], [ 95.222916666666066, 28.164583333332878 ], [ 95.227083333332729, 28.164583333332878 ] ] } },
{ "type": "Feature", "properties": { }, "geometry": { "type": "LineString", "coordinates": [ [ 95.227083333332729, 28.197916666666224 ], [ 95.222916666666066, 28.193749999999575 ], [ 95.222916666666066, 28.181249999999558 ], [ 95.218749999999403, 28.177083333332895 ] ] } },
{ "type": "Feature", "properties": { }, "geometry": { "type": "LineString", "coordinates": [ [ 95.222916666666066, 28.20624999999955 ], [ 95.227083333332729, 28.197916666666224 ] ] } },
{ "type": "Feature", "properties": { }, "geometry": { "type": "LineString", "coordinates": [ [ 95.227083333332729, 28.214583333332861 ], [ 95.222916666666066, 28.20624999999955 ] ] } },
{ "type": "Feature", "properties": { }, "geometry": { "type": "LineString", "coordinates": [ [ 95.222916666666066, 28.218749999999567 ], [ 95.227083333332729, 28.214583333332861 ] ] } },
{ "type": "Feature", "properties": { }, "geometry": { "type": "LineString", "coordinates": [ [ 95.218749999999403, 28.231249999999541 ], [ 95.222916666666066, 28.227083333332878 ], [ 95.222916666666066, 28.218749999999567 ] ] } },
{ "type": "Feature", "properties": { }, "geometry": { "type": "LineString", "coordinates": [ [ 95.289583333332843, 28.343749999999524 ], [ 95.285416666666123, 28.347916666666229 ] ] } },
{ "type": "Feature", "properties": { }, "geometry": { "type": "LineString", "coordinates": [ [ 95.285416666666123, 28.347916666666229 ], [ 95.285416666666123, 28.352083333332892 ] ] } },
{ "type": "Feature", "properties": { }, "geometry": { "type": "LineString", "coordinates": [ [ 95.193749999999369, 28.277083333332861 ], [ 95.197916666666089, 28.272916666666255 ] ] } },
{ "type": "Feature", "properties": { }, "geometry": { "type": "LineString", "coordinates": [ [ 95.189583333332877, 28.285416666666229 ], [ 95.193749999999369, 28.277083333332861 ] ] } },
{ "type": "Feature", "properties": { }, "geometry": { "type": "LineString", "coordinates": [ [ 95.189583333332877, 28.289583333332878 ], [ 95.189583333332877, 28.285416666666229 ] ] } },
{ "type": "Feature", "properties": { }, "geometry": { "type": "LineString", "coordinates": [ [ 95.185416666666043, 28.293749999999541 ], [ 95.189583333332877, 28.293749999999541 ], [ 95.189583333332877, 28.289583333332878 ] ] } },
{ "type": "Feature", "properties": { }, "geometry": { "type": "LineString", "coordinates": [ [ 95.177083333332718, 28.302083333332895 ], [ 95.185416666666043, 28.293749999999541 ] ] } },
{ "type": "Feature", "properties": { }, "geometry": { "type": "LineString", "coordinates": [ [ 95.177083333332718, 28.306249999999558 ], [ 95.177083333332718, 28.302083333332895 ] ] } },
{ "type": "Feature", "properties": { }, "geometry": { "type": "LineString", "coordinates": [ [ 95.185416666666043, 28.314583333332884 ], [ 95.177083333332718, 28.306249999999558 ] ] } },
{ "type": "Feature", "properties": { }, "geometry": { "type": "LineString", "coordinates": [ [ 95.189583333332877, 28.318749999999532 ], [ 95.185416666666043, 28.314583333332884 ] ] } },
{ "type": "Feature", "properties": { }, "geometry": { "type": "LineString", "coordinates": [ [ 95.197916666666089, 28.327083333332901 ], [ 95.189583333332877, 28.318749999999532 ] ] } },
{ "type": "Feature", "properties": { }, "geometry": { "type": "LineString", "coordinates": [ [ 95.202083333332695, 28.33124999999955 ], [ 95.197916666666089, 28.327083333332901 ] ] } },
{ "type": "Feature", "properties": { }, "geometry": { "type": "LineString", "coordinates": [ [ 95.531249999999346, 28.302083333332895 ], [ 95.535416666666123, 28.297916666666246 ] ] } },
{ "type": "Feature", "properties": { }, "geometry": { "type": "LineString", "coordinates": [ [ 95.522916666666077, 28.306249999999558 ], [ 95.531249999999346, 28.302083333332895 ] ] } },
{ "type": "Feature", "properties": { }, "geometry": { "type": "LineString", "coordinates": [ [ 95.518749999999415, 28.310416666666221 ], [ 95.522916666666077, 28.306249999999558 ] ] } },
{ "type": "Feature", "properties": { }, "geometry": { "type": "LineString", "coordinates": [ [ 95.514583333332752, 28.314583333332884 ], [ 95.518749999999415, 28.310416666666221 ] ] } },
{ "type": "Feature", "properties": { }, "geometry": { "type": "LineString", "coordinates": [ [ 95.506249999999426, 28.327083333332901 ], [ 95.514583333332752, 28.314583333332884 ] ] } },
{ "type": "Feature", "properties": { }, "geometry": { "type": "LineString", "coordinates": [ [ 95.502083333332763, 28.335416666666212 ], [ 95.506249999999426, 28.327083333332901 ] ] } },
{ "type": "Feature", "properties": { }, "geometry": { "type": "LineString", "coordinates": [ [ 95.481249999999392, 28.347916666666229 ], [ 95.502083333332763, 28.335416666666212 ] ] } },
{ "type": "Feature", "properties": { }, "geometry": { "type": "LineString", "coordinates": [ [ 95.477083333332729, 28.352083333332892 ], [ 95.481249999999392, 28.347916666666229 ] ] } },
{ "type": "Feature", "properties": { }, "geometry": { "type": "LineString", "coordinates": [ [ 95.477083333332729, 28.356249999999541 ], [ 95.477083333332729, 28.352083333332892 ] ] } },
{ "type": "Feature", "properties": { }, "geometry": { "type": "LineString", "coordinates": [ [ 95.49374999999938, 28.364583333332909 ], [ 95.489583333332718, 28.356249999999541 ], [ 95.477083333332729, 28.356249999999541 ] ] } },
{ "type": "Feature", "properties": { }, "geometry": { "type": "LineString", "coordinates": [ [ 95.210416666666021, 28.352083333332892 ], [ 95.210416666666021, 28.343749999999524 ], [ 95.202083333332695, 28.33124999999955 ] ] } },
{ "type": "Feature", "properties": { }, "geometry": { "type": "LineString", "coordinates": [ [ 95.05624999999938, 28.352083333332892 ], [ 95.052083333332718, 28.352083333332892 ] ] } },
{ "type": "Feature", "properties": { }, "geometry": { "type": "LineString", "coordinates": [ [ 95.210416666666021, 28.356249999999541 ], [ 95.210416666666021, 28.352083333332892 ] ] } },
{ "type": "Feature", "properties": { }, "geometry": { "type": "LineString", "coordinates": [ [ 95.068749999999369, 28.360416666666204 ], [ 95.064583333332763, 28.360416666666204 ], [ 95.05624999999938, 28.352083333332892 ] ] } },
{ "type": "Feature", "properties": { }, "geometry": { "type": "LineString", "coordinates": [ [ 95.21458333333274, 28.360416666666204 ], [ 95.210416666666021, 28.356249999999541 ] ] } },
{ "type": "Feature", "properties": { }, "geometry": { "type": "LineString", "coordinates": [ [ 95.072916666666089, 28.364583333332909 ], [ 95.068749999999369, 28.360416666666204 ] ] } },
{ "type": "Feature", "properties": { }, "geometry": { "type": "LineString", "coordinates": [ [ 95.218749999999403, 28.368749999999558 ], [ 95.21458333333274, 28.360416666666204 ] ] } },
{ "type": "Feature", "properties": { }, "geometry": { "type": "LineString", "coordinates": [ [ 95.072916666666089, 28.372916666666221 ], [ 95.072916666666089, 28.364583333332909 ] ] } },
{ "type": "Feature", "properties": { }, "geometry": { "type": "LineString", "coordinates": [ [ 95.072916666666089, 28.377083333332884 ], [ 95.072916666666089, 28.372916666666221 ] ] } },
{ "type": "Feature", "properties": { }, "geometry": { "type": "LineString", "coordinates": [ [ 95.072916666666089, 28.381249999999532 ], [ 95.072916666666089, 28.377083333332884 ] ] } },
{ "type": "Feature", "properties": { }, "geometry": { "type": "LineString", "coordinates": [ [ 95.46458333333274, 28.368749999999558 ], [ 95.472916666666066, 28.364583333332909 ], [ 95.477083333332729, 28.356249999999541 ] ] } },
{ "type": "Feature", "properties": { }, "geometry": { "type": "LineString", "coordinates": [ [ 95.460416666666021, 28.368749999999558 ], [ 95.46458333333274, 28.368749999999558 ] ] } },
{ "type": "Feature", "properties": { }, "geometry": { "type": "LineString", "coordinates": [ [ 95.439583333332706, 28.372916666666221 ], [ 95.456249999999415, 28.372916666666221 ], [ 95.460416666666021, 28.368749999999558 ] ] } },
{ "type": "Feature", "properties": { }, "geometry": { "type": "LineString", "coordinates": [ [ 95.497916666666043, 28.381249999999532 ], [ 95.49374999999938, 28.372916666666221 ], [ 95.49374999999938, 28.364583333332909 ] ] } },
{ "type": "Feature", "properties": { }, "geometry": { "type": "LineString", "coordinates": [ [ 95.435416666666043, 28.377083333332884 ], [ 95.439583333332706, 28.372916666666221 ] ] } },
{ "type": "Feature", "properties": { }, "geometry": { "type": "LineString", "coordinates": [ [ 95.427083333332718, 28.385416666666195 ], [ 95.435416666666043, 28.377083333332884 ] ] } },
{ "type": "Feature", "properties": { }, "geometry": { "type": "LineString", "coordinates": [ [ 95.497916666666043, 28.385416666666195 ], [ 95.497916666666043, 28.381249999999532 ] ] } },
{ "type": "Feature", "properties": { }, "geometry": { "type": "LineString", "coordinates": [ [ 95.418749999999449, 28.389583333332901 ], [ 95.427083333332718, 28.385416666666195 ] ] } },
{ "type": "Feature", "properties": { }, "geometry": { "type": "LineString", "coordinates": [ [ 95.502083333332763, 28.39374999999955 ], [ 95.497916666666043, 28.385416666666195 ] ] } },
{ "type": "Feature", "properties": { }, "geometry": { "type": "LineString", "coordinates": [ [ 95.410416666666123, 28.397916666666212 ], [ 95.418749999999449, 28.389583333332901 ] ] } },
{ "type": "Feature", "properties": { }, "geometry": { "type": "LineString", "coordinates": [ [ 95.285416666666123, 28.352083333332892 ], [ 95.28124999999946, 28.356249999999541 ] ] } },
{ "type": "Feature", "properties": { }, "geometry": { "type": "LineString", "coordinates": [ [ 95.28124999999946, 28.356249999999541 ], [ 95.277083333332797, 28.360416666666204 ] ] } },
{ "type": "Feature", "properties": { }, "geometry": { "type": "LineString", "coordinates": [ [ 95.277083333332797, 28.360416666666204 ], [ 95.272916666666021, 28.364583333332909 ] ] } },
{ "type": "Feature", "properties": { }, "geometry": { "type": "LineString", "coordinates": [ [ 95.272916666666021, 28.364583333332909 ], [ 95.268749999999471, 28.368749999999558 ] ] } },
{ "type": "Feature", "properties": { }, "geometry": { "type": "LineString", "coordinates": [ [ 95.268749999999471, 28.368749999999558 ], [ 95.268749999999471, 28.372916666666221 ] ] } },
{ "type": "Feature", "properties": { }, "geometry": { "type": "LineString", "coordinates": [ [ 95.268749999999471, 28.372916666666221 ], [ 95.268749999999471, 28.377083333332884 ] ] } },
{ "type": "Feature", "properties": { }, "geometry": { "type": "LineString", "coordinates": [ [ 95.231249999999392, 28.385416666666195 ], [ 95.218749999999403, 28.368749999999558 ] ] } },
{ "type": "Feature", "properties": { }, "geometry": { "type": "LineString", "coordinates": [ [ 95.268749999999471, 28.377083333332884 ], [ 95.252083333332763, 28.39374999999955 ], [ 95.252083333332763, 28.397916666666212 ] ] } },
{ "type": "Feature", "properties": { }, "geometry": { "type": "LineString", "coordinates": [ [ 95.235416666666055, 28.389583333332901 ], [ 95.231249999999392, 28.385416666666195 ] ] } },
{ "type": "Feature", "properties": { }, "geometry": { "type": "LineString", "coordinates": [ [ 95.239583333332774, 28.402083333332875 ], [ 95.239583333332774, 28.39374999999955 ], [ 95.235416666666055, 28.389583333332901 ] ] } },
{ "type": "Feature", "properties": { }, "geometry": { "type": "LineString", "coordinates": [ [ 95.077083333332695, 28.402083333332875 ], [ 95.077083333332695, 28.385416666666195 ], [ 95.072916666666089, 28.381249999999532 ] ] } },
{ "type": "Feature", "properties": { }, "geometry": { "type": "LineString", "coordinates": [ [ 95.072916666666089, 28.406249999999524 ], [ 95.077083333332695, 28.402083333332875 ] ] } },
{ "type": "Feature", "properties": { }, "geometry": { "type": "LineString", "coordinates": [ [ 95.068749999999369, 28.410416666666187 ], [ 95.072916666666089, 28.406249999999524 ] ] } },
{ "type": "Feature", "properties": { }, "geometry": { "type": "LineString", "coordinates": [ [ 95.068749999999369, 28.414583333332892 ], [ 95.068749999999369, 28.410416666666187 ] ] } },
{ "type": "Feature", "properties": { }, "geometry": { "type": "LineString", "coordinates": [ [ 95.077083333332695, 28.422916666666204 ], [ 95.068749999999369, 28.414583333332892 ] ] } },
{ "type": "Feature", "properties": { }, "geometry": { "type": "LineString", "coordinates": [ [ 95.085416666666077, 28.427083333332909 ], [ 95.077083333332695, 28.422916666666204 ] ] } },
{ "type": "Feature", "properties": { }, "geometry": { "type": "LineString", "coordinates": [ [ 95.08958333333274, 28.439583333332884 ], [ 95.08958333333274, 28.431249999999572 ], [ 95.085416666666077, 28.427083333332909 ] ] } },
{ "type": "Feature", "properties": { }, "geometry": { "type": "LineString", "coordinates": [ [ 95.08958333333274, 28.443749999999547 ], [ 95.08958333333274, 28.439583333332884 ] ] } },
{ "type": "Feature", "properties": { }, "geometry": { "type": "LineString", "coordinates": [ [ 95.097916666666066, 28.456249999999564 ], [ 95.08958333333274, 28.447916666666238 ], [ 95.08958333333274, 28.443749999999547 ] ] } },
{ "type": "Feature", "properties": { }, "geometry": { "type": "LineString", "coordinates": [ [ 95.218749999999403, 28.456249999999564 ], [ 95.222916666666066, 28.447916666666238 ] ] } },
{ "type": "Feature", "properties": { }, "geometry": { "type": "LineString", "coordinates": [ [ 95.252083333332763, 28.397916666666212 ], [ 95.243749999999437, 28.406249999999524 ], [ 95.239583333332774, 28.406249999999524 ] ] } },
{ "type": "Feature", "properties": { }, "geometry": { "type": "LineString", "coordinates": [ [ 95.239583333332774, 28.406249999999524 ], [ 95.239583333332774, 28.402083333332875 ] ] } },
{ "type": "Feature", "properties": { }, "geometry": { "type": "LineString", "coordinates": [ [ 95.235416666666055, 28.410416666666187 ], [ 95.239583333332774, 28.406249999999524 ] ] } },
{ "type": "Feature", "properties": { }, "geometry": { "type": "LineString", "coordinates": [ [ 95.235416666666055, 28.414583333332892 ], [ 95.235416666666055, 28.410416666666187 ] ] } },
{ "type": "Feature", "properties": { }, "geometry": { "type": "LineString", "coordinates": [ [ 95.235416666666055, 28.422916666666204 ], [ 95.235416666666055, 28.414583333332892 ] ] } },
{ "type": "Feature", "properties": { }, "geometry": { "type": "LineString", "coordinates": [ [ 95.235416666666055, 28.431249999999572 ], [ 95.239583333332774, 28.427083333332909 ], [ 95.235416666666055, 28.422916666666204 ] ] } },
{ "type": "Feature", "properties": { }, "geometry": { "type": "LineString", "coordinates": [ [ 95.227083333332729, 28.443749999999547 ], [ 95.227083333332729, 28.439583333332884 ], [ 95.235416666666055, 28.431249999999572 ] ] } },
{ "type": "Feature", "properties": { }, "geometry": { "type": "LineString", "coordinates": [ [ 95.222916666666066, 28.447916666666238 ], [ 95.227083333332729, 28.443749999999547 ] ] } },
{ "type": "Feature", "properties": { }, "geometry": { "type": "LineString", "coordinates": [ [ 95.231249999999392, 28.543749999999555 ], [ 95.222916666666066, 28.543749999999555 ] ] } },
{ "type": "Feature", "properties": { }, "geometry": { "type": "LineString", "coordinates": [ [ 95.235416666666055, 28.552083333332867 ], [ 95.231249999999392, 28.543749999999555 ] ] } },
{ "type": "Feature", "properties": { }, "geometry": { "type": "LineString", "coordinates": [ [ 95.21458333333274, 28.460416666666212 ], [ 95.218749999999403, 28.456249999999564 ] ] } },
{ "type": "Feature", "properties": { }, "geometry": { "type": "LineString", "coordinates": [ [ 95.102083333332729, 28.464583333332875 ], [ 95.097916666666066, 28.456249999999564 ] ] } },
{ "type": "Feature", "properties": { }, "geometry": { "type": "LineString", "coordinates": [ [ 95.21458333333274, 28.472916666666229 ], [ 95.21458333333274, 28.460416666666212 ] ] } },
{ "type": "Feature", "properties": { }, "geometry": { "type": "LineString", "coordinates": [ [ 95.093749999999403, 28.472916666666229 ], [ 95.102083333332729, 28.464583333332875 ] ] } },
{ "type": "Feature", "properties": { }, "geometry": { "type": "LineString", "coordinates": [ [ 95.206249999999415, 28.47708333333285 ], [ 95.21458333333274, 28.472916666666229 ] ] } },
{ "type": "Feature", "properties": { }, "geometry": { "type": "LineString", "coordinates": [ [ 95.097916666666066, 28.485416666666204 ], [ 95.093749999999403, 28.481249999999555 ], [ 95.093749999999403, 28.472916666666229 ] ] } },
{ "type": "Feature", "properties": { }, "geometry": { "type": "LineString", "coordinates": [ [ 95.193749999999369, 28.485416666666204 ], [ 95.206249999999415, 28.47708333333285 ] ] } },
{ "type": "Feature", "properties": { }, "geometry": { "type": "LineString", "coordinates": [ [ 95.189583333332877, 28.489583333332867 ], [ 95.193749999999369, 28.485416666666204 ] ] } },
{ "type": "Feature", "properties": { }, "geometry": { "type": "LineString", "coordinates": [ [ 95.102083333332729, 28.493749999999572 ], [ 95.097916666666066, 28.485416666666204 ] ] } },
{ "type": "Feature", "properties": { }, "geometry": { "type": "LineString", "coordinates": [ [ 95.185416666666043, 28.493749999999572 ], [ 95.189583333332877, 28.489583333332867 ] ] } },
{ "type": "Feature", "properties": { }, "geometry": { "type": "LineString", "coordinates": [ [ 95.506249999999426, 28.397916666666212 ], [ 95.502083333332763, 28.39374999999955 ] ] } },
{ "type": "Feature", "properties": { }, "geometry": { "type": "LineString", "coordinates": [ [ 95.397916666666134, 28.402083333332875 ], [ 95.410416666666123, 28.397916666666212 ] ] } },
{ "type": "Feature", "properties": { }, "geometry": { "type": "LineString", "coordinates": [ [ 95.510416666666089, 28.402083333332875 ], [ 95.506249999999426, 28.397916666666212 ] ] } },
{ "type": "Feature", "properties": { }, "geometry": { "type": "LineString", "coordinates": [ [ 95.393749999999471, 28.402083333332875 ], [ 95.397916666666134, 28.402083333332875 ] ] } },
{ "type": "Feature", "properties": { }, "geometry": { "type": "LineString", "coordinates": [ [ 95.510416666666089, 28.406249999999524 ], [ 95.510416666666089, 28.402083333332875 ] ] } },
{ "type": "Feature", "properties": { }, "geometry": { "type": "LineString", "coordinates": [ [ 95.389583333332752, 28.406249999999524 ], [ 95.393749999999471, 28.402083333332875 ] ] } },
{ "type": "Feature", "properties": { }, "geometry": { "type": "LineString", "coordinates": [ [ 95.514583333332752, 28.410416666666187 ], [ 95.510416666666089, 28.406249999999524 ] ] } },
{ "type": "Feature", "properties": { }, "geometry": { "type": "LineString", "coordinates": [ [ 95.518749999999415, 28.414583333332892 ], [ 95.514583333332752, 28.410416666666187 ] ] } },
{ "type": "Feature", "properties": { }, "geometry": { "type": "LineString", "coordinates": [ [ 95.518749999999415, 28.418749999999555 ], [ 95.518749999999415, 28.414583333332892 ] ] } },
{ "type": "Feature", "properties": { }, "geometry": { "type": "LineString", "coordinates": [ [ 95.543749999999449, 28.57291666666621 ], [ 95.552083333332831, 28.568749999999547 ] ] } },
{ "type": "Feature", "properties": { }, "geometry": { "type": "LineString", "coordinates": [ [ 94.522916666666077, 28.322916666666238 ], [ 94.522916666666077, 28.318749999999532 ], [ 94.535416666666066, 28.310416666666221 ] ] } },
{ "type": "Feature", "properties": { }, "geometry": { "type": "LineString", "coordinates": [ [ 94.518749999999415, 28.327083333332901 ], [ 94.522916666666077, 28.322916666666238 ] ] } },
{ "type": "Feature", "properties": { }, "geometry": { "type": "LineString", "coordinates": [ [ 94.514583333332695, 28.33124999999955 ], [ 94.518749999999415, 28.327083333332901 ] ] } },
{ "type": "Feature", "properties": { }, "geometry": { "type": "LineString", "coordinates": [ [ 94.514583333332695, 28.335416666666212 ], [ 94.514583333332695, 28.33124999999955 ] ] } },
{ "type": "Feature", "properties": { }, "geometry": { "type": "LineString", "coordinates": [ [ 94.506249999999369, 28.343749999999524 ], [ 94.514583333332695, 28.335416666666212 ] ] } },
{ "type": "Feature", "properties": { }, "geometry": { "type": "LineString", "coordinates": [ [ 94.50208333333282, 28.347916666666229 ], [ 94.506249999999369, 28.343749999999524 ] ] } },
{ "type": "Feature", "properties": { }, "geometry": { "type": "LineString", "coordinates": [ [ 94.40208333333274, 28.460416666666212 ], [ 94.406249999999403, 28.464583333332875 ] ] } },
{ "type": "Feature", "properties": { }, "geometry": { "type": "LineString", "coordinates": [ [ 94.406249999999403, 28.464583333332875 ], [ 94.406249999999403, 28.481249999999555 ] ] } },
{ "type": "Feature", "properties": { }, "geometry": { "type": "LineString", "coordinates": [ [ 94.406249999999403, 28.481249999999555 ], [ 94.410416666666066, 28.485416666666204 ] ] } },
{ "type": "Feature", "properties": { }, "geometry": { "type": "LineString", "coordinates": [ [ 94.410416666666066, 28.485416666666204 ], [ 94.410416666666066, 28.493749999999572 ] ] } },
{ "type": "Feature", "properties": { }, "geometry": { "type": "LineString", "coordinates": [ [ 94.272916666666077, 28.277083333332861 ], [ 94.268749999999415, 28.26874999999955 ] ] } },
{ "type": "Feature", "properties": { }, "geometry": { "type": "LineString", "coordinates": [ [ 94.281249999999403, 28.277083333332861 ], [ 94.27708333333274, 28.281249999999524 ], [ 94.272916666666077, 28.277083333332861 ] ] } },
{ "type": "Feature", "properties": { }, "geometry": { "type": "LineString", "coordinates": [ [ 94.293749999999392, 28.289583333332878 ], [ 94.281249999999403, 28.277083333332861 ] ] } },
{ "type": "Feature", "properties": { }, "geometry": { "type": "LineString", "coordinates": [ [ 94.381249999999369, 28.427083333332909 ], [ 94.393749999999415, 28.435416666666221 ] ] } },
{ "type": "Feature", "properties": { }, "geometry": { "type": "LineString", "coordinates": [ [ 94.393749999999415, 28.435416666666221 ], [ 94.397916666666077, 28.447916666666238 ] ] } },
{ "type": "Feature", "properties": { }, "geometry": { "type": "LineString", "coordinates": [ [ 94.397916666666077, 28.447916666666238 ], [ 94.397916666666077, 28.452083333332901 ] ] } },
{ "type": "Feature", "properties": { }, "geometry": { "type": "LineString", "coordinates": [ [ 94.397916666666077, 28.452083333332901 ], [ 94.40208333333274, 28.460416666666212 ] ] } },
{ "type": "Feature", "properties": { }, "geometry": { "type": "LineString", "coordinates": [ [ 94.356249999999505, 28.531249999999538 ], [ 94.364583333332718, 28.531249999999538 ] ] } },
{ "type": "Feature", "properties": { }, "geometry": { "type": "LineString", "coordinates": [ [ 94.289583333332729, 28.535416666666201 ], [ 94.293749999999392, 28.531249999999538 ], [ 94.306249999999437, 28.531249999999538 ] ] } },
{ "type": "Feature", "properties": { }, "geometry": { "type": "LineString", "coordinates": [ [ 94.339583333332797, 28.539583333332892 ], [ 94.356249999999505, 28.531249999999538 ] ] } },
{ "type": "Feature", "properties": { }, "geometry": { "type": "LineString", "coordinates": [ [ 94.410416666666066, 28.493749999999572 ], [ 94.410416666666066, 28.497916666666221 ] ] } },
{ "type": "Feature", "properties": { }, "geometry": { "type": "LineString", "coordinates": [ [ 94.410416666666066, 28.497916666666221 ], [ 94.414583333332729, 28.502083333332884 ] ] } },
{ "type": "Feature", "properties": { }, "geometry": { "type": "LineString", "coordinates": [ [ 94.414583333332729, 28.502083333332884 ], [ 94.414583333332729, 28.518749999999564 ], [ 94.418749999999392, 28.522916666666227 ] ] } },
{ "type": "Feature", "properties": { }, "geometry": { "type": "LineString", "coordinates": [ [ 94.456249999999471, 28.514583333332858 ], [ 94.464583333332797, 28.514583333332858 ] ] } },
{ "type": "Feature", "properties": { }, "geometry": { "type": "LineString", "coordinates": [ [ 94.472916666666123, 28.514583333332858 ], [ 94.481249999999505, 28.514583333332858 ] ] } },
{ "type": "Feature", "properties": { }, "geometry": { "type": "LineString", "coordinates": [ [ 94.464583333332797, 28.514583333332858 ], [ 94.472916666666123, 28.514583333332858 ] ] } },
{ "type": "Feature", "properties": { }, "geometry": { "type": "LineString", "coordinates": [ [ 94.452083333332752, 28.514583333332858 ], [ 94.456249999999471, 28.514583333332858 ] ] } },
{ "type": "Feature", "properties": { }, "geometry": { "type": "LineString", "coordinates": [ [ 94.439583333332763, 28.514583333332858 ], [ 94.452083333332752, 28.514583333332858 ] ] } },
{ "type": "Feature", "properties": { }, "geometry": { "type": "LineString", "coordinates": [ [ 94.481249999999505, 28.514583333332858 ], [ 94.489583333332718, 28.518749999999564 ] ] } },
{ "type": "Feature", "properties": { }, "geometry": { "type": "LineString", "coordinates": [ [ 94.431249999999437, 28.518749999999564 ], [ 94.439583333332763, 28.514583333332858 ] ] } },
{ "type": "Feature", "properties": { }, "geometry": { "type": "LineString", "coordinates": [ [ 94.656249999999403, 28.506249999999547 ], [ 94.660416666666066, 28.497916666666221 ] ] } },
{ "type": "Feature", "properties": { }, "geometry": { "type": "LineString", "coordinates": [ [ 94.643749999999415, 28.518749999999564 ], [ 94.656249999999403, 28.506249999999547 ] ] } },
{ "type": "Feature", "properties": { }, "geometry": { "type": "LineString", "coordinates": [ [ 94.639583333332695, 28.522916666666227 ], [ 94.643749999999415, 28.518749999999564 ] ] } },
{ "type": "Feature", "properties": { }, "geometry": { "type": "LineString", "coordinates": [ [ 94.639583333332695, 28.527083333332875 ], [ 94.639583333332695, 28.522916666666227 ] ] } },
{ "type": "Feature", "properties": { }, "geometry": { "type": "LineString", "coordinates": [ [ 94.643749999999415, 28.543749999999555 ], [ 94.647916666666077, 28.535416666666201 ], [ 94.639583333332695, 28.527083333332875 ] ] } },
{ "type": "Feature", "properties": { }, "geometry": { "type": "LineString", "coordinates": [ [ 94.568749999999426, 28.539583333332892 ], [ 94.577083333332752, 28.539583333332892 ] ] } },
{ "type": "Feature", "properties": { }, "geometry": { "type": "LineString", "coordinates": [ [ 94.564583333332763, 28.539583333332892 ], [ 94.568749999999426, 28.539583333332892 ] ] } },
{ "type": "Feature", "properties": { }, "geometry": { "type": "LineString", "coordinates": [ [ 94.577083333332752, 28.539583333332892 ], [ 94.585416666666134, 28.543749999999555 ] ] } },
{ "type": "Feature", "properties": { }, "geometry": { "type": "LineString", "coordinates": [ [ 94.589583333332797, 28.543749999999555 ], [ 94.59374999999946, 28.543749999999555 ] ] } },
{ "type": "Feature", "properties": { }, "geometry": { "type": "LineString", "coordinates": [ [ 94.585416666666134, 28.543749999999555 ], [ 94.589583333332797, 28.543749999999555 ] ] } },
{ "type": "Feature", "properties": { }, "geometry": { "type": "LineString", "coordinates": [ [ 94.364583333332718, 28.531249999999538 ], [ 94.372916666666043, 28.539583333332892 ] ] } },
{ "type": "Feature", "properties": { }, "geometry": { "type": "LineString", "coordinates": [ [ 94.264583333332752, 28.539583333332892 ], [ 94.281249999999403, 28.539583333332892 ], [ 94.289583333332729, 28.535416666666201 ] ] } },
{ "type": "Feature", "properties": { }, "geometry": { "type": "LineString", "coordinates": [ [ 94.389583333332695, 28.539583333332892 ], [ 94.397916666666077, 28.535416666666201 ] ] } },
{ "type": "Feature", "properties": { }, "geometry": { "type": "LineString", "coordinates": [ [ 94.306249999999437, 28.531249999999538 ], [ 94.306249999999437, 28.535416666666201 ], [ 94.314583333332763, 28.543749999999555 ] ] } },
{ "type": "Feature", "properties": { }, "geometry": { "type": "LineString", "coordinates": [ [ 94.331249999999471, 28.539583333332892 ], [ 94.339583333332797, 28.539583333332892 ] ] } },
{ "type": "Feature", "properties": { }, "geometry": { "type": "LineString", "coordinates": [ [ 94.327083333332808, 28.539583333332892 ], [ 94.331249999999471, 28.539583333332892 ] ] } },
{ "type": "Feature", "properties": { }, "geometry": { "type": "LineString", "coordinates": [ [ 94.322916666666089, 28.539583333332892 ], [ 94.327083333332808, 28.539583333332892 ] ] } },
{ "type": "Feature", "properties": { }, "geometry": { "type": "LineString", "coordinates": [ [ 94.372916666666043, 28.539583333332892 ], [ 94.377083333332877, 28.539583333332892 ] ] } },
{ "type": "Feature", "properties": { }, "geometry": { "type": "LineString", "coordinates": [ [ 94.377083333332877, 28.539583333332892 ], [ 94.385416666666089, 28.543749999999555 ], [ 94.389583333332695, 28.539583333332892 ] ] } },
{ "type": "Feature", "properties": { }, "geometry": { "type": "LineString", "coordinates": [ [ 94.260416666666089, 28.543749999999555 ], [ 94.264583333332752, 28.539583333332892 ] ] } },
{ "type": "Feature", "properties": { }, "geometry": { "type": "LineString", "coordinates": [ [ 94.314583333332763, 28.543749999999555 ], [ 94.322916666666089, 28.539583333332892 ] ] } },
{ "type": "Feature", "properties": { }, "geometry": { "type": "LineString", "coordinates": [ [ 94.389583333332695, 28.560416666666235 ], [ 94.389583333332695, 28.539583333332892 ] ] } },
{ "type": "Feature", "properties": { }, "geometry": { "type": "LineString", "coordinates": [ [ 94.260416666666089, 28.564583333332884 ], [ 94.260416666666089, 28.543749999999555 ] ] } },
{ "type": "Feature", "properties": { }, "geometry": { "type": "LineString", "coordinates": [ [ 94.389583333332695, 28.564583333332884 ], [ 94.389583333332695, 28.560416666666235 ] ] } },
{ "type": "Feature", "properties": { }, "geometry": { "type": "LineString", "coordinates": [ [ 94.260416666666089, 28.568749999999547 ], [ 94.260416666666089, 28.564583333332884 ] ] } },
{ "type": "Feature", "properties": { }, "geometry": { "type": "LineString", "coordinates": [ [ 94.389583333332695, 28.577083333332901 ], [ 94.389583333332695, 28.564583333332884 ] ] } },
{ "type": "Feature", "properties": { }, "geometry": { "type": "LineString", "coordinates": [ [ 94.393749999999415, 28.581249999999521 ], [ 94.389583333332695, 28.577083333332901 ] ] } },
{ "type": "Feature", "properties": { }, "geometry": { "type": "LineString", "coordinates": [ [ 94.397916666666077, 28.589583333332875 ], [ 94.393749999999415, 28.581249999999521 ] ] } },
{ "type": "Feature", "properties": { }, "geometry": { "type": "LineString", "coordinates": [ [ 94.393749999999415, 28.60208333333285 ], [ 94.397916666666077, 28.597916666666201 ], [ 94.397916666666077, 28.589583333332875 ] ] } },
{ "type": "Feature", "properties": { }, "geometry": { "type": "LineString", "coordinates": [ [ 94.389583333332695, 28.610416666666218 ], [ 94.393749999999415, 28.60208333333285 ] ] } },
{ "type": "Feature", "properties": { }, "geometry": { "type": "LineString", "coordinates": [ [ 94.59374999999946, 28.543749999999555 ], [ 94.597916666666123, 28.543749999999555 ] ] } },
{ "type": "Feature", "properties": { }, "geometry": { "type": "LineString", "coordinates": [ [ 94.631249999999369, 28.552083333332867 ], [ 94.643749999999415, 28.543749999999555 ] ] } },
{ "type": "Feature", "properties": { }, "geometry": { "type": "LineString", "coordinates": [ [ 94.597916666666123, 28.543749999999555 ], [ 94.622916666666043, 28.552083333332867 ] ] } },
{ "type": "Feature", "properties": { }, "geometry": { "type": "LineString", "coordinates": [ [ 94.622916666666043, 28.552083333332867 ], [ 94.631249999999369, 28.552083333332867 ] ] } },
{ "type": "Feature", "properties": { }, "geometry": { "type": "LineString", "coordinates": [ [ 94.647916666666077, 28.564583333332884 ], [ 94.643749999999415, 28.543749999999555 ] ] } },
{ "type": "Feature", "properties": { }, "geometry": { "type": "LineString", "coordinates": [ [ 94.65208333333274, 28.568749999999547 ], [ 94.647916666666077, 28.564583333332884 ] ] } },
{ "type": "Feature", "properties": { }, "geometry": { "type": "LineString", "coordinates": [ [ 94.664583333332729, 28.581249999999521 ], [ 94.660416666666066, 28.57291666666621 ], [ 94.65208333333274, 28.568749999999547 ] ] } },
{ "type": "Feature", "properties": { }, "geometry": { "type": "LineString", "coordinates": [ [ 94.660416666666066, 28.60208333333285 ], [ 94.664583333332729, 28.597916666666201 ], [ 94.664583333332729, 28.581249999999521 ] ] } },
{ "type": "Feature", "properties": { }, "geometry": { "type": "LineString", "coordinates": [ [ 94.656249999999403, 28.610416666666218 ], [ 94.660416666666066, 28.60208333333285 ] ] } },
{ "type": "Feature", "properties": { }, "geometry": { "type": "LineString", "coordinates": [ [ 94.660416666666066, 28.614583333332867 ], [ 94.656249999999403, 28.610416666666218 ] ] } },
{ "type": "Feature", "properties": { }, "geometry": { "type": "LineString", "coordinates": [ [ 94.65208333333274, 28.622916666666235 ], [ 94.660416666666066, 28.614583333332867 ] ] } },
{ "type": "Feature", "properties": { }, "geometry": { "type": "LineString", "coordinates": [ [ 94.65208333333274, 28.627083333332898 ], [ 94.65208333333274, 28.622916666666235 ] ] } },
{ "type": "Feature", "properties": { }, "geometry": { "type": "LineString", "coordinates": [ [ 94.65208333333274, 28.631249999999547 ], [ 94.65208333333274, 28.627083333332898 ] ] } },
{ "type": "Feature", "properties": { }, "geometry": { "type": "LineString", "coordinates": [ [ 94.656249999999403, 28.639583333332872 ], [ 94.65208333333274, 28.631249999999547 ] ] } },
{ "type": "Feature", "properties": { }, "geometry": { "type": "LineString", "coordinates": [ [ 94.639583333332695, 28.643749999999564 ], [ 94.643749999999415, 28.639583333332872 ], [ 94.656249999999403, 28.639583333332872 ] ] } },
{ "type": "Feature", "properties": { }, "geometry": { "type": "LineString", "coordinates": [ [ 94.664583333332729, 28.647916666666227 ], [ 94.656249999999403, 28.639583333332872 ] ] } },
{ "type": "Feature", "properties": { }, "geometry": { "type": "LineString", "coordinates": [ [ 94.618749999999494, 28.643749999999564 ], [ 94.639583333332695, 28.643749999999564 ] ] } },
{ "type": "Feature", "properties": { }, "geometry": { "type": "LineString", "coordinates": [ [ 94.577083333332752, 28.643749999999564 ], [ 94.585416666666134, 28.643749999999564 ] ] } },
{ "type": "Feature", "properties": { }, "geometry": { "type": "LineString", "coordinates": [ [ 94.585416666666134, 28.643749999999564 ], [ 94.589583333332797, 28.643749999999564 ] ] } },
{ "type": "Feature", "properties": { }, "geometry": { "type": "LineString", "coordinates": [ [ 94.589583333332797, 28.643749999999564 ], [ 94.597916666666123, 28.647916666666227 ] ] } },
{ "type": "Feature", "properties": { }, "geometry": { "type": "LineString", "coordinates": [ [ 94.381249999999369, 28.61874999999953 ], [ 94.389583333332695, 28.610416666666218 ] ] } },
{ "type": "Feature", "properties": { }, "geometry": { "type": "LineString", "coordinates": [ [ 94.364583333332718, 28.627083333332898 ], [ 94.372916666666043, 28.627083333332898 ], [ 94.381249999999369, 28.61874999999953 ] ] } },
{ "type": "Feature", "properties": { }, "geometry": { "type": "LineString", "coordinates": [ [ 94.352083333332843, 28.639583333332872 ], [ 94.364583333332718, 28.627083333332898 ] ] } },
{ "type": "Feature", "properties": { }, "geometry": { "type": "LineString", "coordinates": [ [ 94.352083333332843, 28.643749999999564 ], [ 94.352083333332843, 28.639583333332872 ] ] } },
{ "type": "Feature", "properties": { }, "geometry": { "type": "LineString", "coordinates": [ [ 94.34374999999946, 28.652083333332889 ], [ 94.352083333332843, 28.643749999999564 ] ] } },
{ "type": "Feature", "properties": { }, "geometry": { "type": "LineString", "coordinates": [ [ 94.339583333332797, 28.656249999999538 ], [ 94.34374999999946, 28.652083333332889 ] ] } },
{ "type": "Feature", "properties": { }, "geometry": { "type": "LineString", "coordinates": [ [ 94.322916666666089, 28.672916666666218 ], [ 94.339583333332797, 28.656249999999538 ] ] } },
{ "type": "Feature", "properties": { }, "geometry": { "type": "LineString", "coordinates": [ [ 94.318749999999426, 28.672916666666218 ], [ 94.322916666666089, 28.672916666666218 ] ] } },
{ "type": "Feature", "properties": { }, "geometry": { "type": "LineString", "coordinates": [ [ 94.302083333332774, 28.677083333332881 ], [ 94.3104166666661, 28.672916666666218 ], [ 94.318749999999426, 28.672916666666218 ] ] } },
{ "type": "Feature", "properties": { }, "geometry": { "type": "LineString", "coordinates": [ [ 94.327083333332808, 28.689583333332898 ], [ 94.322916666666089, 28.685416666666192 ], [ 94.322916666666089, 28.672916666666218 ] ] } },
{ "type": "Feature", "properties": { }, "geometry": { "type": "LineString", "coordinates": [ [ 94.568749999999426, 28.652083333332889 ], [ 94.577083333332752, 28.643749999999564 ] ] } },
{ "type": "Feature", "properties": { }, "geometry": { "type": "LineString", "coordinates": [ [ 94.606249999999449, 28.652083333332889 ], [ 94.618749999999494, 28.643749999999564 ] ] } },
{ "type": "Feature", "properties": { }, "geometry": { "type": "LineString", "coordinates": [ [ 94.597916666666123, 28.647916666666227 ], [ 94.602083333332786, 28.652083333332889 ] ] } },
{ "type": "Feature", "properties": { }, "geometry": { "type": "LineString", "coordinates": [ [ 94.664583333332729, 28.652083333332889 ], [ 94.664583333332729, 28.647916666666227 ] ] } },
{ "type": "Feature", "properties": { }, "geometry": { "type": "LineString", "coordinates": [ [ 94.602083333332786, 28.652083333332889 ], [ 94.606249999999449, 28.652083333332889 ] ] } },
{ "type": "Feature", "properties": { }, "geometry": { "type": "LineString", "coordinates": [ [ 94.5604166666661, 28.656249999999538 ], [ 94.568749999999426, 28.652083333332889 ] ] } },
{ "type": "Feature", "properties": { }, "geometry": { "type": "LineString", "coordinates": [ [ 94.664583333332729, 28.664583333332907 ], [ 94.664583333332729, 28.652083333332889 ] ] } },
{ "type": "Feature", "properties": { }, "geometry": { "type": "LineString", "coordinates": [ [ 94.664583333332729, 28.668749999999513 ], [ 94.664583333332729, 28.664583333332907 ] ] } },
{ "type": "Feature", "properties": { }, "geometry": { "type": "LineString", "coordinates": [ [ 94.664583333332729, 28.677083333332881 ], [ 94.664583333332729, 28.668749999999513 ] ] } },
{ "type": "Feature", "properties": { }, "geometry": { "type": "LineString", "coordinates": [ [ 94.664583333332729, 28.68124999999953 ], [ 94.664583333332729, 28.677083333332881 ] ] } },
{ "type": "Feature", "properties": { }, "geometry": { "type": "LineString", "coordinates": [ [ 94.693749999999426, 28.381249999999532 ], [ 94.693749999999426, 28.377083333332884 ] ] } },
{ "type": "Feature", "properties": { }, "geometry": { "type": "LineString", "coordinates": [ [ 94.697916666666089, 28.385416666666195 ], [ 94.693749999999426, 28.381249999999532 ] ] } },
{ "type": "Feature", "properties": { }, "geometry": { "type": "LineString", "coordinates": [ [ 94.697916666666089, 28.397916666666212 ], [ 94.697916666666089, 28.385416666666195 ] ] } },
{ "type": "Feature", "properties": { }, "geometry": { "type": "LineString", "coordinates": [ [ 94.693749999999426, 28.410416666666187 ], [ 94.697916666666089, 28.397916666666212 ] ] } },
{ "type": "Feature", "properties": { }, "geometry": { "type": "LineString", "coordinates": [ [ 94.693749999999426, 28.422916666666204 ], [ 94.693749999999426, 28.410416666666187 ] ] } },
{ "type": "Feature", "properties": { }, "geometry": { "type": "LineString", "coordinates": [ [ 94.672916666666055, 28.439583333332884 ], [ 94.693749999999426, 28.422916666666204 ] ] } },
{ "type": "Feature", "properties": { }, "geometry": { "type": "LineString", "coordinates": [ [ 94.68124999999938, 28.452083333332901 ], [ 94.672916666666055, 28.439583333332884 ] ] } },
{ "type": "Feature", "properties": { }, "geometry": { "type": "LineString", "coordinates": [ [ 94.685416666666043, 28.456249999999564 ], [ 94.68124999999938, 28.452083333332901 ] ] } },
{ "type": "Feature", "properties": { }, "geometry": { "type": "LineString", "coordinates": [ [ 94.677083333332718, 28.464583333332875 ], [ 94.685416666666043, 28.456249999999564 ] ] } },
{ "type": "Feature", "properties": { }, "geometry": { "type": "LineString", "coordinates": [ [ 94.668749999999392, 28.481249999999555 ], [ 94.677083333332718, 28.464583333332875 ] ] } },
{ "type": "Feature", "properties": { }, "geometry": { "type": "LineString", "coordinates": [ [ 94.893749999999471, 28.435416666666221 ], [ 94.893749999999471, 28.427083333332909 ] ] } },
{ "type": "Feature", "properties": { }, "geometry": { "type": "LineString", "coordinates": [ [ 94.860416666666111, 28.435416666666221 ], [ 94.864583333332774, 28.439583333332884 ] ] } },
{ "type": "Feature", "properties": { }, "geometry": { "type": "LineString", "coordinates": [ [ 94.881249999999369, 28.439583333332884 ], [ 94.889583333332695, 28.439583333332884 ], [ 94.893749999999471, 28.435416666666221 ] ] } },
{ "type": "Feature", "properties": { }, "geometry": { "type": "LineString", "coordinates": [ [ 94.864583333332774, 28.439583333332884 ], [ 94.868749999999437, 28.439583333332884 ] ] } },
{ "type": "Feature", "properties": { }, "geometry": { "type": "LineString", "coordinates": [ [ 94.868749999999437, 28.439583333332884 ], [ 94.872916666666157, 28.443749999999547 ], [ 94.881249999999369, 28.439583333332884 ] ] } },
{ "type": "Feature", "properties": { }, "geometry": { "type": "LineString", "coordinates": [ [ 94.835416666666077, 28.447916666666238 ], [ 94.847916666666123, 28.439583333332884 ], [ 94.860416666666111, 28.439583333332884 ], [ 94.860416666666111, 28.435416666666221 ] ] } },
{ "type": "Feature", "properties": { }, "geometry": { "type": "LineString", "coordinates": [ [ 94.835416666666077, 28.468749999999538 ], [ 94.831249999999415, 28.460416666666212 ], [ 94.835416666666077, 28.456249999999564 ], [ 94.835416666666077, 28.447916666666238 ] ] } },
{ "type": "Feature", "properties": { }, "geometry": { "type": "LineString", "coordinates": [ [ 94.831249999999415, 28.47708333333285 ], [ 94.835416666666077, 28.468749999999538 ] ] } },
{ "type": "Feature", "properties": { }, "geometry": { "type": "LineString", "coordinates": [ [ 94.831249999999415, 28.481249999999555 ], [ 94.831249999999415, 28.47708333333285 ] ] } },
{ "type": "Feature", "properties": { }, "geometry": { "type": "LineString", "coordinates": [ [ 94.827083333332752, 28.485416666666204 ], [ 94.831249999999415, 28.481249999999555 ] ] } },
{ "type": "Feature", "properties": { }, "geometry": { "type": "LineString", "coordinates": [ [ 94.956249999999415, 28.352083333332892 ], [ 94.960416666666077, 28.343749999999524 ] ] } },
{ "type": "Feature", "properties": { }, "geometry": { "type": "LineString", "coordinates": [ [ 95.052083333332718, 28.352083333332892 ], [ 95.039583333332729, 28.352083333332892 ] ] } },
{ "type": "Feature", "properties": { }, "geometry": { "type": "LineString", "coordinates": [ [ 94.956249999999415, 28.360416666666204 ], [ 94.956249999999415, 28.352083333332892 ] ] } },
{ "type": "Feature", "properties": { }, "geometry": { "type": "LineString", "coordinates": [ [ 94.952083333332752, 28.364583333332909 ], [ 94.956249999999415, 28.360416666666204 ] ] } },
{ "type": "Feature", "properties": { }, "geometry": { "type": "LineString", "coordinates": [ [ 94.939583333332763, 28.368749999999558 ], [ 94.943749999999369, 28.364583333332909 ], [ 94.952083333332752, 28.364583333332909 ] ] } },
{ "type": "Feature", "properties": { }, "geometry": { "type": "LineString", "coordinates": [ [ 94.939583333332763, 28.372916666666221 ], [ 94.939583333332763, 28.368749999999558 ] ] } },
{ "type": "Feature", "properties": { }, "geometry": { "type": "LineString", "coordinates": [ [ 94.935416666666043, 28.377083333332884 ], [ 94.939583333332763, 28.372916666666221 ] ] } },
{ "type": "Feature", "properties": { }, "geometry": { "type": "LineString", "coordinates": [ [ 94.927083333332718, 28.381249999999532 ], [ 94.935416666666043, 28.377083333332884 ] ] } },
{ "type": "Feature", "properties": { }, "geometry": { "type": "LineString", "coordinates": [ [ 95.039583333332729, 28.597916666666201 ], [ 95.047916666666055, 28.593749999999538 ] ] } },
{ "type": "Feature", "properties": { }, "geometry": { "type": "LineString", "coordinates": [ [ 95.027083333332797, 28.61874999999953 ], [ 95.039583333332729, 28.597916666666201 ] ] } },
{ "type": "Feature", "properties": { }, "geometry": { "type": "LineString", "coordinates": [ [ 94.814583333332763, 28.497916666666221 ], [ 94.827083333332752, 28.485416666666204 ] ] } },
{ "type": "Feature", "properties": { }, "geometry": { "type": "LineString", "coordinates": [ [ 94.922916666666055, 28.739583333332881 ], [ 94.927083333332718, 28.739583333332881 ] ] } },
{ "type": "Feature", "properties": { }, "geometry": { "type": "LineString", "coordinates": [ [ 94.918749999999392, 28.743749999999544 ], [ 94.922916666666055, 28.739583333332881 ] ] } },
{ "type": "Feature", "properties": { }, "geometry": { "type": "LineString", "coordinates": [ [ 94.868749999999437, 28.752083333332855 ], [ 94.87708333333282, 28.752083333332855 ] ] } },
{ "type": "Feature", "properties": { }, "geometry": { "type": "LineString", "coordinates": [ [ 94.864583333332774, 28.756249999999561 ], [ 94.868749999999437, 28.752083333332855 ] ] } },
{ "type": "Feature", "properties": { }, "geometry": { "type": "LineString", "coordinates": [ [ 94.87708333333282, 28.752083333332855 ], [ 94.897916666666021, 28.764583333332872 ], [ 94.918749999999392, 28.743749999999544 ] ] } },
{ "type": "Feature", "properties": { }, "geometry": { "type": "LineString", "coordinates": [ [ 94.864583333332774, 28.772916666666184 ], [ 94.864583333332774, 28.756249999999561 ] ] } },
{ "type": "Feature", "properties": { }, "geometry": { "type": "LineString", "coordinates": [ [ 94.872916666666157, 28.781249999999552 ], [ 94.864583333332774, 28.772916666666184 ] ] } },
{ "type": "Feature", "properties": { }, "geometry": { "type": "LineString", "coordinates": [ [ 94.918749999999392, 28.785416666666201 ], [ 94.914583333332729, 28.785416666666201 ], [ 94.906249999999403, 28.793749999999527 ], [ 94.893749999999471, 28.793749999999527 ], [ 94.881249999999369, 28.781249999999552 ], [ 94.872916666666157, 28.781249999999552 ] ] } },
{ "type": "Feature", "properties": { }, "geometry": { "type": "LineString", "coordinates": [ [ 94.927083333332718, 28.793749999999527 ], [ 94.918749999999392, 28.785416666666201 ] ] } },
{ "type": "Feature", "properties": { }, "geometry": { "type": "LineString", "coordinates": [ [ 95.027083333332797, 28.622916666666235 ], [ 95.027083333332797, 28.61874999999953 ] ] } },
{ "type": "Feature", "properties": { }, "geometry": { "type": "LineString", "coordinates": [ [ 95.022916666666021, 28.627083333332898 ], [ 95.027083333332797, 28.622916666666235 ] ] } },
{ "type": "Feature", "properties": { }, "geometry": { "type": "LineString", "coordinates": [ [ 95.018749999999471, 28.631249999999547 ], [ 95.022916666666021, 28.627083333332898 ] ] } },
{ "type": "Feature", "properties": { }, "geometry": { "type": "LineString", "coordinates": [ [ 95.014583333332695, 28.63541666666621 ], [ 95.018749999999471, 28.631249999999547 ] ] } },
{ "type": "Feature", "properties": { }, "geometry": { "type": "LineString", "coordinates": [ [ 95.006249999999483, 28.652083333332889 ], [ 95.014583333332695, 28.643749999999564 ], [ 95.014583333332695, 28.63541666666621 ] ] } },
{ "type": "Feature", "properties": { }, "geometry": { "type": "LineString", "coordinates": [ [ 95.010416666666146, 28.660416666666201 ], [ 95.006249999999483, 28.652083333332889 ] ] } },
{ "type": "Feature", "properties": { }, "geometry": { "type": "LineString", "coordinates": [ [ 95.010416666666146, 28.672916666666218 ], [ 95.014583333332695, 28.668749999999513 ], [ 95.010416666666146, 28.660416666666201 ] ] } },
{ "type": "Feature", "properties": { }, "geometry": { "type": "LineString", "coordinates": [ [ 94.981249999999449, 28.668749999999513 ], [ 94.985416666666111, 28.672916666666218 ] ] } },
{ "type": "Feature", "properties": { }, "geometry": { "type": "LineString", "coordinates": [ [ 94.977083333332786, 28.672916666666218 ], [ 94.981249999999449, 28.668749999999513 ] ] } },
{ "type": "Feature", "properties": { }, "geometry": { "type": "LineString", "coordinates": [ [ 94.985416666666111, 28.672916666666218 ], [ 94.989583333332774, 28.677083333332881 ], [ 94.9979166666661, 28.672916666666218 ], [ 95.010416666666146, 28.672916666666218 ] ] } },
{ "type": "Feature", "properties": { }, "geometry": { "type": "LineString", "coordinates": [ [ 94.972916666666066, 28.677083333332881 ], [ 94.977083333332786, 28.672916666666218 ] ] } },
{ "type": "Feature", "properties": { }, "geometry": { "type": "LineString", "coordinates": [ [ 94.972916666666066, 28.68124999999953 ], [ 94.972916666666066, 28.677083333332881 ] ] } },
{ "type": "Feature", "properties": { }, "geometry": { "type": "LineString", "coordinates": [ [ 94.977083333332786, 28.685416666666192 ], [ 94.972916666666066, 28.68124999999953 ] ] } },
{ "type": "Feature", "properties": { }, "geometry": { "type": "LineString", "coordinates": [ [ 94.981249999999449, 28.693749999999547 ], [ 94.977083333332786, 28.685416666666192 ] ] } },
{ "type": "Feature", "properties": { }, "geometry": { "type": "LineString", "coordinates": [ [ 94.981249999999449, 28.702083333332915 ], [ 94.981249999999449, 28.693749999999547 ] ] } },
{ "type": "Feature", "properties": { }, "geometry": { "type": "LineString", "coordinates": [ [ 94.968749999999403, 28.710416666666227 ], [ 94.981249999999449, 28.702083333332915 ] ] } },
{ "type": "Feature", "properties": { }, "geometry": { "type": "LineString", "coordinates": [ [ 94.956249999999415, 28.722916666666201 ], [ 94.968749999999403, 28.710416666666227 ] ] } },
{ "type": "Feature", "properties": { }, "geometry": { "type": "LineString", "coordinates": [ [ 94.952083333332752, 28.727083333332864 ], [ 94.956249999999415, 28.722916666666201 ] ] } },
{ "type": "Feature", "properties": { }, "geometry": { "type": "LineString", "coordinates": [ [ 94.947916666666089, 28.731249999999569 ], [ 94.952083333332752, 28.727083333332864 ] ] } },
{ "type": "Feature", "properties": { }, "geometry": { "type": "LineString", "coordinates": [ [ 94.943749999999369, 28.731249999999569 ], [ 94.947916666666089, 28.731249999999569 ] ] } },
{ "type": "Feature", "properties": { }, "geometry": { "type": "LineString", "coordinates": [ [ 94.914583333332729, 28.810416666666192 ], [ 94.927083333332718, 28.797916666666218 ], [ 94.927083333332718, 28.793749999999527 ] ] } },
{ "type": "Feature", "properties": { }, "geometry": { "type": "LineString", "coordinates": [ [ 94.814583333332763, 28.806249999999544 ], [ 94.818749999999369, 28.810416666666192 ] ] } },
{ "type": "Feature", "properties": { }, "geometry": { "type": "LineString", "coordinates": [ [ 94.906249999999403, 28.814583333332855 ], [ 94.914583333332729, 28.810416666666192 ] ] } },
{ "type": "Feature", "properties": { }, "geometry": { "type": "LineString", "coordinates": [ [ 94.818749999999369, 28.810416666666192 ], [ 94.822916666666089, 28.818749999999561 ] ] } },
{ "type": "Feature", "properties": { }, "geometry": { "type": "LineString", "coordinates": [ [ 94.847916666666123, 28.818749999999561 ], [ 94.852083333332786, 28.814583333332855 ] ] } },
{ "type": "Feature", "properties": { }, "geometry": { "type": "LineString", "coordinates": [ [ 94.852083333332786, 28.814583333332855 ], [ 94.868749999999437, 28.814583333332855 ], [ 94.872916666666157, 28.818749999999561 ] ] } },
{ "type": "Feature", "properties": { }, "geometry": { "type": "LineString", "coordinates": [ [ 94.885416666666146, 28.822916666666224 ], [ 94.897916666666021, 28.814583333332855 ], [ 94.906249999999403, 28.814583333332855 ] ] } },
{ "type": "Feature", "properties": { }, "geometry": { "type": "LineString", "coordinates": [ [ 94.872916666666157, 28.818749999999561 ], [ 94.87708333333282, 28.822916666666224 ] ] } },
{ "type": "Feature", "properties": { }, "geometry": { "type": "LineString", "coordinates": [ [ 94.83958333333274, 28.822916666666224 ], [ 94.847916666666123, 28.818749999999561 ] ] } },
{ "type": "Feature", "properties": { }, "geometry": { "type": "LineString", "coordinates": [ [ 94.822916666666089, 28.818749999999561 ], [ 94.831249999999415, 28.822916666666224 ] ] } },
{ "type": "Feature", "properties": { }, "geometry": { "type": "LineString", "coordinates": [ [ 94.781249999999403, 28.822916666666224 ], [ 94.793749999999392, 28.822916666666224 ], [ 94.810416666666043, 28.802083333332881 ], [ 94.814583333332763, 28.806249999999544 ] ] } },
{ "type": "Feature", "properties": { }, "geometry": { "type": "LineString", "coordinates": [ [ 94.772916666666191, 28.831249999999535 ], [ 94.781249999999403, 28.822916666666224 ] ] } },
{ "type": "Feature", "properties": { }, "geometry": { "type": "LineString", "coordinates": [ [ 94.689583333332763, 28.839583333332889 ], [ 94.697916666666089, 28.839583333332889 ] ] } },
{ "type": "Feature", "properties": { }, "geometry": { "type": "LineString", "coordinates": [ [ 94.697916666666089, 28.839583333332889 ], [ 94.706249999999415, 28.839583333332889 ] ] } },
{ "type": "Feature", "properties": { }, "geometry": { "type": "LineString", "coordinates": [ [ 94.68124999999938, 28.843749999999552 ], [ 94.689583333332763, 28.839583333332889 ] ] } },
{ "type": "Feature", "properties": { }, "geometry": { "type": "LineString", "coordinates": [ [ 94.802083333332718, 28.856249999999527 ], [ 94.802083333332718, 28.852083333332864 ], [ 94.793749999999392, 28.843749999999552 ], [ 94.785416666666066, 28.843749999999552 ], [ 94.772916666666191, 28.831249999999535 ] ] } },
{ "type": "Feature", "properties": { }, "geometry": { "type": "LineString", "coordinates": [ [ 94.677083333332718, 28.843749999999552 ], [ 94.68124999999938, 28.843749999999552 ] ] } },
{ "type": "Feature", "properties": { }, "geometry": { "type": "LineString", "coordinates": [ [ 94.706249999999415, 28.839583333332889 ], [ 94.710416666666077, 28.843749999999552 ], [ 94.722916666666123, 28.843749999999552 ], [ 94.727083333332786, 28.847916666666215 ] ] } },
{ "type": "Feature", "properties": { }, "geometry": { "type": "LineString", "coordinates": [ [ 94.668749999999392, 28.852083333332864 ], [ 94.677083333332718, 28.847916666666215 ], [ 94.677083333332718, 28.843749999999552 ] ] } },
{ "type": "Feature", "properties": { }, "geometry": { "type": "LineString", "coordinates": [ [ 94.727083333332786, 28.847916666666215 ], [ 94.735416666666111, 28.852083333332864 ] ] } },
{ "type": "Feature", "properties": { }, "geometry": { "type": "LineString", "coordinates": [ [ 94.939583333332763, 28.735416666666218 ], [ 94.943749999999369, 28.731249999999569 ] ] } },
{ "type": "Feature", "properties": { }, "geometry": { "type": "LineString", "coordinates": [ [ 94.935416666666043, 28.735416666666218 ], [ 94.939583333332763, 28.735416666666218 ] ] } },
{ "type": "Feature", "properties": { }, "geometry": { "type": "LineString", "coordinates": [ [ 94.927083333332718, 28.739583333332881 ], [ 94.935416666666043, 28.735416666666218 ] ] } },
{ "type": "Feature", "properties": { }, "geometry": { "type": "LineString", "coordinates": [ [ 95.052083333332718, 28.881249999999518 ], [ 95.043749999999392, 28.897916666666198 ] ] } },
{ "type": "Feature", "properties": { }, "geometry": { "type": "LineString", "coordinates": [ [ 95.043749999999392, 28.897916666666198 ], [ 95.039583333332729, 28.906249999999552 ] ] } },
{ "type": "Feature", "properties": { }, "geometry": { "type": "LineString", "coordinates": [ [ 95.039583333332729, 28.906249999999552 ], [ 95.031249999999517, 28.906249999999552 ] ] } },
{ "type": "Feature", "properties": { }, "geometry": { "type": "LineString", "coordinates": [ [ 95.031249999999517, 28.906249999999552 ], [ 95.027083333332797, 28.910416666666215 ], [ 95.018749999999471, 28.910416666666215 ], [ 95.010416666666146, 28.914583333332864 ] ] } },
{ "type": "Feature", "properties": { }, "geometry": { "type": "LineString", "coordinates": [ [ 95.010416666666146, 28.914583333332864 ], [ 95.00208333333282, 28.927083333332895 ] ] } },
{ "type": "Feature", "properties": { }, "geometry": { "type": "LineString", "coordinates": [ [ 95.00208333333282, 28.927083333332895 ], [ 94.9979166666661, 28.935416666666207 ], [ 94.9979166666661, 28.943749999999518 ] ] } },
{ "type": "Feature", "properties": { }, "geometry": { "type": "LineString", "coordinates": [ [ 94.9979166666661, 28.943749999999518 ], [ 94.985416666666111, 28.956249999999535 ], [ 94.981249999999449, 28.956249999999535 ] ] } },
{ "type": "Feature", "properties": { }, "geometry": { "type": "LineString", "coordinates": [ [ 94.735416666666111, 28.852083333332864 ], [ 94.739583333332774, 28.856249999999527 ] ] } },
{ "type": "Feature", "properties": { }, "geometry": { "type": "LineString", "coordinates": [ [ 94.739583333332774, 28.856249999999527 ], [ 94.75208333333282, 28.856249999999527 ], [ 94.756249999999369, 28.860416666666232 ] ] } },
{ "type": "Feature", "properties": { }, "geometry": { "type": "LineString", "coordinates": [ [ 94.789583333332729, 28.868749999999544 ], [ 94.802083333332718, 28.856249999999527 ] ] } },
{ "type": "Feature", "properties": { }, "geometry": { "type": "LineString", "coordinates": [ [ 94.756249999999369, 28.860416666666232 ], [ 94.760416666666146, 28.868749999999544 ] ] } },
{ "type": "Feature", "properties": { }, "geometry": { "type": "LineString", "coordinates": [ [ 94.760416666666146, 28.868749999999544 ], [ 94.789583333332729, 28.868749999999544 ] ] } },
{ "type": "Feature", "properties": { }, "geometry": { "type": "LineString", "coordinates": [ [ 94.756249999999369, 28.872916666666207 ], [ 94.760416666666146, 28.868749999999544 ] ] } },
{ "type": "Feature", "properties": { }, "geometry": { "type": "LineString", "coordinates": [ [ 94.772916666666191, 28.893749999999535 ], [ 94.772916666666191, 28.889583333332872 ], [ 94.756249999999369, 28.872916666666207 ] ] } },
{ "type": "Feature", "properties": { }, "geometry": { "type": "LineString", "coordinates": [ [ 94.77708333333274, 28.902083333332889 ], [ 94.772916666666191, 28.893749999999535 ] ] } },
{ "type": "Feature", "properties": { }, "geometry": { "type": "LineString", "coordinates": [ [ 94.781249999999403, 28.92291666666619 ], [ 94.781249999999403, 28.906249999999552 ], [ 94.77708333333274, 28.902083333332889 ] ] } },
{ "type": "Feature", "properties": { }, "geometry": { "type": "LineString", "coordinates": [ [ 94.785416666666066, 28.927083333332895 ], [ 94.781249999999403, 28.92291666666619 ] ] } },
{ "type": "Feature", "properties": { }, "geometry": { "type": "LineString", "coordinates": [ [ 96.031249999999403, 27.414583333332892 ], [ 96.02708333333274, 27.414583333332892 ] ] } },
{ "type": "Feature", "properties": { }, "geometry": { "type": "LineString", "coordinates": [ [ 96.064583333332763, 27.427083333332909 ], [ 96.052083333332774, 27.414583333332892 ] ] } },
{ "type": "Feature", "properties": { }, "geometry": { "type": "LineString", "coordinates": [ [ 96.072916666666146, 27.427083333332909 ], [ 96.068749999999426, 27.427083333332909 ] ] } },
{ "type": "Feature", "properties": { }, "geometry": { "type": "LineString", "coordinates": [ [ 96.068749999999426, 27.427083333332909 ], [ 96.064583333332763, 27.427083333332909 ] ] } },
{ "type": "Feature", "properties": { }, "geometry": { "type": "LineString", "coordinates": [ [ 96.093749999999346, 27.427083333332909 ], [ 96.085416666666021, 27.431249999999558 ], [ 96.072916666666146, 27.427083333332909 ] ] } },
{ "type": "Feature", "properties": { }, "geometry": { "type": "LineString", "coordinates": [ [ 96.122916666666043, 27.506249999999575 ], [ 96.093749999999346, 27.506249999999575 ], [ 96.089583333332797, 27.510416666666238 ], [ 96.064583333332763, 27.510416666666238 ], [ 96.0604166666661, 27.506249999999575 ], [ 96.056249999999437, 27.510416666666238 ], [ 96.010416666666032, 27.510416666666238 ] ] } },
{ "type": "Feature", "properties": { }, "geometry": { "type": "LineString", "coordinates": [ [ 96.010416666666032, 27.510416666666238 ], [ 96.002083333332706, 27.510416666666238 ], [ 95.977083333332672, 27.522916666666212 ] ] } },
{ "type": "Feature", "properties": { }, "geometry": { "type": "LineString", "coordinates": [ [ 95.977083333332672, 27.522916666666212 ], [ 95.97291666666618, 27.522916666666212 ], [ 95.964583333332797, 27.531249999999581 ] ] } },
{ "type": "Feature", "properties": { }, "geometry": { "type": "LineString", "coordinates": [ [ 95.964583333332797, 27.531249999999581 ], [ 95.960416666666021, 27.535416666666229 ] ] } },
{ "type": "Feature", "properties": { }, "geometry": { "type": "LineString", "coordinates": [ [ 95.960416666666021, 27.535416666666229 ], [ 95.952083333332695, 27.539583333332892 ] ] } },
{ "type": "Feature", "properties": { }, "geometry": { "type": "LineString", "coordinates": [ [ 95.952083333332695, 27.539583333332892 ], [ 95.947916666666032, 27.543749999999555 ] ] } },
{ "type": "Feature", "properties": { }, "geometry": { "type": "LineString", "coordinates": [ [ 95.947916666666032, 27.543749999999555 ], [ 95.939583333332763, 27.543749999999555 ], [ 95.918749999999449, 27.560416666666221 ], [ 95.914583333332729, 27.556249999999572 ] ] } },
{ "type": "Feature", "properties": { }, "geometry": { "type": "LineString", "coordinates": [ [ 96.018749999999415, 27.556249999999572 ], [ 96.010416666666032, 27.556249999999572 ] ] } },
{ "type": "Feature", "properties": { }, "geometry": { "type": "LineString", "coordinates": [ [ 96.010416666666032, 27.556249999999572 ], [ 96.006249999999369, 27.556249999999572 ] ] } },
{ "type": "Feature", "properties": { }, "geometry": { "type": "MultiLineString", "coordinates": [ [ [ 95.906249999999403, 27.427083333332909 ], [ 95.90208333333274, 27.422916666666204 ], [ 95.90208333333274, 27.415258155899242 ] ], [ [ 95.901395227513859, 27.413895227514015 ], [ 95.89499492426576, 27.407494924265947 ] ] ] } },
{ "type": "Feature", "properties": { }, "geometry": { "type": "LineString", "coordinates": [ [ 95.867288115520424, 27.417288115520595 ], [ 95.867200270403544, 27.417200270403708 ] ] } },
{ "type": "Feature", "properties": { }, "geometry": { "type": "LineString", "coordinates": [ [ 95.907029190919005, 27.427862524252504 ], [ 95.906249999999403, 27.427083333332909 ] ] } },
{ "type": "Feature", "properties": { }, "geometry": { "type": "LineString", "coordinates": [ [ 95.914583333332729, 27.556249999999572 ], [ 95.906249999999403, 27.564583333332884 ], [ 95.906249999999403, 27.577083333332901 ], [ 95.910416666666066, 27.581249999999564 ] ] } },
{ "type": "Feature", "properties": { }, "geometry": { "type": "LineString", "coordinates": [ [ 95.910416666666066, 27.581249999999564 ], [ 95.906249999999403, 27.585416666666212 ] ] } },
{ "type": "Feature", "properties": { }, "geometry": { "type": "LineString", "coordinates": [ [ 95.906249999999403, 27.585416666666212 ], [ 95.90208333333274, 27.589583333332918 ], [ 95.889583333332695, 27.589583333332918 ] ] } },
{ "type": "Feature", "properties": { }, "geometry": { "type": "LineString", "coordinates": [ [ 95.768749999999415, 27.72061815117387 ], [ 95.768749999999415, 27.727083333332907 ] ] } },
{ "type": "Feature", "properties": { }, "geometry": { "type": "LineString", "coordinates": [ [ 96.006249999999369, 27.556249999999572 ], [ 96.002083333332706, 27.560416666666221 ] ] } },
{ "type": "Feature", "properties": { }, "geometry": { "type": "LineString", "coordinates": [ [ 96.002083333332706, 27.560416666666221 ], [ 95.997916666666043, 27.564583333332884 ] ] } },
{ "type": "Feature", "properties": { }, "geometry": { "type": "LineString", "coordinates": [ [ 95.997916666666043, 27.564583333332884 ], [ 95.989583333332718, 27.572916666666238 ] ] } },
{ "type": "Feature", "properties": { }, "geometry": { "type": "LineString", "coordinates": [ [ 95.989583333332718, 27.572916666666238 ], [ 95.99374999999938, 27.581249999999564 ], [ 95.989583333332718, 27.585416666666212 ] ] } },
{ "type": "Feature", "properties": { }, "geometry": { "type": "LineString", "coordinates": [ [ 95.989583333332718, 27.585416666666212 ], [ 95.985416666666055, 27.597916666666229 ] ] } },
{ "type": "Feature", "properties": { }, "geometry": { "type": "LineString", "coordinates": [ [ 95.985416666666055, 27.597916666666229 ], [ 95.981249999999392, 27.602083333332892 ] ] } },
{ "type": "Feature", "properties": { }, "geometry": { "type": "LineString", "coordinates": [ [ 95.981249999999392, 27.602083333332892 ], [ 95.977083333332672, 27.606249999999555 ] ] } },
{ "type": "Feature", "properties": { }, "geometry": { "type": "LineString", "coordinates": [ [ 95.977083333332672, 27.606249999999555 ], [ 95.97291666666618, 27.610416666666218 ] ] } },
{ "type": "Feature", "properties": { }, "geometry": { "type": "LineString", "coordinates": [ [ 95.97291666666618, 27.610416666666218 ], [ 95.960416666666021, 27.610416666666218 ], [ 95.956249999999358, 27.614583333332867 ] ] } },
{ "type": "Feature", "properties": { }, "geometry": { "type": "LineString", "coordinates": [ [ 95.956249999999358, 27.614583333332867 ], [ 95.947916666666032, 27.622916666666235 ] ] } },
{ "type": "Feature", "properties": { }, "geometry": { "type": "LineString", "coordinates": [ [ 95.889583333332695, 27.589583333332918 ], [ 95.885416666666032, 27.597916666666229 ] ] } },
{ "type": "Feature", "properties": { }, "geometry": { "type": "LineString", "coordinates": [ [ 95.885416666666032, 27.597916666666229 ], [ 95.885416666666032, 27.610416666666218 ], [ 95.889583333332695, 27.614583333332867 ] ] } },
{ "type": "Feature", "properties": { }, "geometry": { "type": "LineString", "coordinates": [ [ 95.889583333332695, 27.614583333332867 ], [ 95.889583333332695, 27.618749999999572 ] ] } },
{ "type": "Feature", "properties": { }, "geometry": { "type": "LineString", "coordinates": [ [ 95.889583333332695, 27.618749999999572 ], [ 95.885416666666032, 27.622916666666235 ] ] } },
{ "type": "Feature", "properties": { }, "geometry": { "type": "LineString", "coordinates": [ [ 95.881249999999369, 27.622916666666235 ], [ 95.877083333332706, 27.622916666666235 ] ] } },
{ "type": "Feature", "properties": { }, "geometry": { "type": "LineString", "coordinates": [ [ 95.877083333332706, 27.622916666666235 ], [ 95.860416666666055, 27.622916666666235 ] ] } },
{ "type": "Feature", "properties": { }, "geometry": { "type": "LineString", "coordinates": [ [ 95.885416666666032, 27.622916666666235 ], [ 95.881249999999369, 27.622916666666235 ] ] } },
{ "type": "Feature", "properties": { }, "geometry": { "type": "LineString", "coordinates": [ [ 95.860416666666055, 27.622916666666235 ], [ 95.852083333332672, 27.631249999999547 ] ] } },
{ "type": "Feature", "properties": { }, "geometry": { "type": "LineString", "coordinates": [ [ 95.852083333332672, 27.631249999999547 ], [ 95.847916666666066, 27.639583333332901 ] ] } },
{ "type": "Feature", "properties": { }, "geometry": { "type": "LineString", "coordinates": [ [ 95.847916666666066, 27.639583333332901 ], [ 95.843749999999346, 27.643749999999564 ] ] } },
{ "type": "Feature", "properties": { }, "geometry": { "type": "LineString", "coordinates": [ [ 95.843749999999346, 27.643749999999564 ], [ 95.843749999999346, 27.647916666666227 ] ] } },
{ "type": "Feature", "properties": { }, "geometry": { "type": "LineString", "coordinates": [ [ 95.843749999999346, 27.647916666666227 ], [ 95.843749999999346, 27.656249999999538 ] ] } },
{ "type": "Feature", "properties": { }, "geometry": { "type": "LineString", "coordinates": [ [ 95.843749999999346, 27.656249999999538 ], [ 95.831249999999471, 27.664583333332892 ], [ 95.806249999999437, 27.664583333332892 ] ] } },
{ "type": "Feature", "properties": { }, "geometry": { "type": "LineString", "coordinates": [ [ 95.847916666666066, 27.664583333332892 ], [ 95.843749999999346, 27.656249999999538 ] ] } },
{ "type": "Feature", "properties": { }, "geometry": { "type": "LineString", "coordinates": [ [ 95.931249999999437, 27.656249999999538 ], [ 95.914583333332729, 27.664583333332892 ] ] } },
{ "type": "Feature", "properties": { }, "geometry": { "type": "LineString", "coordinates": [ [ 95.914583333332729, 27.664583333332892 ], [ 95.914583333332729, 27.672916666666218 ] ] } },
{ "type": "Feature", "properties": { }, "geometry": { "type": "LineString", "coordinates": [ [ 95.806249999999437, 27.664583333332892 ], [ 95.797916666666111, 27.664583333332892 ], [ 95.789583333332786, 27.672916666666218 ] ] } },
{ "type": "Feature", "properties": { }, "geometry": { "type": "LineString", "coordinates": [ [ 95.914583333332729, 27.672916666666218 ], [ 95.910416666666066, 27.677083333332909 ] ] } },
{ "type": "Feature", "properties": { }, "geometry": { "type": "LineString", "coordinates": [ [ 95.877083333332706, 27.689583333332884 ], [ 95.86874999999938, 27.685416666666235 ], [ 95.852083333332672, 27.685416666666235 ], [ 95.843749999999346, 27.677083333332909 ], [ 95.847916666666066, 27.672916666666218 ], [ 95.847916666666066, 27.664583333332892 ] ] } },
{ "type": "Feature", "properties": { }, "geometry": { "type": "LineString", "coordinates": [ [ 95.910416666666066, 27.677083333332909 ], [ 95.90208333333274, 27.672916666666218 ], [ 95.893749999999415, 27.681249999999572 ] ] } },
{ "type": "Feature", "properties": { }, "geometry": { "type": "LineString", "coordinates": [ [ 95.947916666666032, 27.622916666666235 ], [ 95.943749999999483, 27.627083333332884 ] ] } },
{ "type": "Feature", "properties": { }, "geometry": { "type": "LineString", "coordinates": [ [ 95.943749999999483, 27.627083333332884 ], [ 95.939583333332763, 27.635416666666252 ] ] } },
{ "type": "Feature", "properties": { }, "geometry": { "type": "LineString", "coordinates": [ [ 95.939583333332763, 27.635416666666252 ], [ 95.9354166666661, 27.639583333332901 ] ] } },
{ "type": "Feature", "properties": { }, "geometry": { "type": "LineString", "coordinates": [ [ 95.9354166666661, 27.639583333332901 ], [ 95.9354166666661, 27.647916666666227 ], [ 95.931249999999437, 27.652083333332875 ] ] } },
{ "type": "Feature", "properties": { }, "geometry": { "type": "LineString", "coordinates": [ [ 95.931249999999437, 27.652083333332875 ], [ 95.931249999999437, 27.656249999999538 ] ] } },
{ "type": "Feature", "properties": { }, "geometry": { "type": "LineString", "coordinates": [ [ 95.947916666666032, 27.768749999999564 ], [ 95.9354166666661, 27.768749999999564 ], [ 95.927083333332774, 27.76041666666621 ] ] } },
{ "type": "Feature", "properties": { }, "geometry": { "type": "LineString", "coordinates": [ [ 96.018749999999415, 27.764583333332915 ], [ 96.010416666666032, 27.764583333332915 ] ] } },
{ "type": "Feature", "properties": { }, "geometry": { "type": "LineString", "coordinates": [ [ 96.010416666666032, 27.764583333332915 ], [ 96.002083333332706, 27.768749999999564 ] ] } },
{ "type": "Feature", "properties": { }, "geometry": { "type": "LineString", "coordinates": [ [ 96.002083333332706, 27.768749999999564 ], [ 95.989583333332718, 27.772916666666227 ] ] } },
{ "type": "Feature", "properties": { }, "geometry": { "type": "LineString", "coordinates": [ [ 95.989583333332718, 27.772916666666227 ], [ 95.977083333332672, 27.772916666666227 ], [ 95.97291666666618, 27.777083333332889 ] ] } },
{ "type": "Feature", "properties": { }, "geometry": { "type": "LineString", "coordinates": [ [ 95.789583333332786, 27.672916666666218 ], [ 95.787379080694976, 27.683454252637379 ] ] } },
{ "type": "Feature", "properties": { }, "geometry": { "type": "LineString", "coordinates": [ [ 95.893749999999415, 27.681249999999572 ], [ 95.885416666666032, 27.685416666666235 ] ] } },
{ "type": "Feature", "properties": { }, "geometry": { "type": "LineString", "coordinates": [ [ 95.885416666666032, 27.685416666666235 ], [ 95.877083333332706, 27.689583333332884 ] ] } },
{ "type": "Feature", "properties": { }, "geometry": { "type": "LineString", "coordinates": [ [ 95.768749999999415, 27.727083333332907 ], [ 95.779137878017011, 27.737471211350488 ] ] } },
{ "type": "Feature", "properties": { }, "geometry": { "type": "LineString", "coordinates": [ [ 95.918749999999449, 27.756249999999547 ], [ 95.914583333332729, 27.756249999999547 ] ] } },
{ "type": "Feature", "properties": { }, "geometry": { "type": "LineString", "coordinates": [ [ 95.927083333332774, 27.76041666666621 ], [ 95.918749999999449, 27.756249999999547 ] ] } },
{ "type": "Feature", "properties": { }, "geometry": { "type": "LineString", "coordinates": [ [ 95.914583333332729, 27.756249999999547 ], [ 95.910416666666066, 27.76041666666621 ], [ 95.897916666666077, 27.76041666666621 ], [ 95.893749999999415, 27.764583333332915 ], [ 95.881249999999369, 27.764583333332915 ] ] } },
{ "type": "Feature", "properties": { }, "geometry": { "type": "LineString", "coordinates": [ [ 95.881249999999369, 27.764583333332915 ], [ 95.872916666666043, 27.772916666666227 ] ] } },
{ "type": "Feature", "properties": { }, "geometry": { "type": "LineString", "coordinates": [ [ 95.960416666666021, 27.785416666666244 ], [ 95.947916666666032, 27.768749999999564 ] ] } },
{ "type": "Feature", "properties": { }, "geometry": { "type": "LineString", "coordinates": [ [ 95.97291666666618, 27.777083333332889 ], [ 95.964583333332797, 27.785416666666244 ], [ 95.960416666666021, 27.785416666666244 ] ] } },
{ "type": "Feature", "properties": { }, "geometry": { "type": "LineString", "coordinates": [ [ 96.127083333332706, 27.781249999999581 ], [ 96.114583333332718, 27.789583333332907 ], [ 96.106249999999392, 27.785416666666244 ] ] } },
{ "type": "Feature", "properties": { }, "geometry": { "type": "LineString", "coordinates": [ [ 96.106249999999392, 27.785416666666244 ], [ 96.089583333332797, 27.793749999999555 ] ] } },
{ "type": "Feature", "properties": { }, "geometry": { "type": "LineString", "coordinates": [ [ 95.99374999999938, 27.797916666666218 ], [ 95.985416666666055, 27.793749999999555 ], [ 95.968749999999346, 27.793749999999555 ], [ 95.960416666666021, 27.785416666666244 ] ] } },
{ "type": "Feature", "properties": { }, "geometry": { "type": "LineString", "coordinates": [ [ 96.089583333332797, 27.793749999999555 ], [ 96.085416666666021, 27.797916666666218 ] ] } },
{ "type": "Feature", "properties": { }, "geometry": { "type": "LineString", "coordinates": [ [ 96.085416666666021, 27.797916666666218 ], [ 96.068749999999426, 27.806249999999572 ] ] } },
{ "type": "Feature", "properties": { }, "geometry": { "type": "LineString", "coordinates": [ [ 96.010416666666032, 27.806249999999572 ], [ 96.002083333332706, 27.806249999999572 ], [ 95.99374999999938, 27.797916666666218 ] ] } },
{ "type": "Feature", "properties": { }, "geometry": { "type": "LineString", "coordinates": [ [ 95.931249999999437, 27.806249999999572 ], [ 95.927083333332774, 27.802083333332881 ] ] } },
{ "type": "Feature", "properties": { }, "geometry": { "type": "LineString", "coordinates": [ [ 96.068749999999426, 27.806249999999572 ], [ 96.064583333332763, 27.806249999999572 ] ] } },
{ "type": "Feature", "properties": { }, "geometry": { "type": "LineString", "coordinates": [ [ 96.797916666665998, 27.681249999999572 ], [ 96.793749999999392, 27.681249999999572 ] ] } },
{ "type": "Feature", "properties": { }, "geometry": { "type": "LineString", "coordinates": [ [ 96.793749999999392, 27.681249999999572 ], [ 96.785416666666066, 27.689583333332884 ] ] } },
{ "type": "Feature", "properties": { }, "geometry": { "type": "LineString", "coordinates": [ [ 96.785416666666066, 27.689583333332884 ], [ 96.781249999999346, 27.693749999999547 ] ] } },
{ "type": "Feature", "properties": { }, "geometry": { "type": "LineString", "coordinates": [ [ 96.781249999999346, 27.693749999999547 ], [ 96.777083333332683, 27.697916666666252 ] ] } },
{ "type": "Feature", "properties": { }, "geometry": { "type": "LineString", "coordinates": [ [ 96.777083333332683, 27.697916666666252 ], [ 96.772916666666021, 27.702083333332901 ] ] } },
{ "type": "Feature", "properties": { }, "geometry": { "type": "LineString", "coordinates": [ [ 96.772916666666021, 27.702083333332901 ], [ 96.768749999999358, 27.702083333332901 ], [ 96.760416666666032, 27.710416666666227 ] ] } },
{ "type": "Feature", "properties": { }, "geometry": { "type": "LineString", "coordinates": [ [ 96.760416666666032, 27.710416666666227 ], [ 96.760416666666032, 27.718749999999538 ] ] } },
{ "type": "Feature", "properties": { }, "geometry": { "type": "LineString", "coordinates": [ [ 96.760416666666032, 27.718749999999538 ], [ 96.756249999999369, 27.731249999999555 ] ] } },
{ "type": "Feature", "properties": { }, "geometry": { "type": "LineString", "coordinates": [ [ 96.756249999999369, 27.731249999999555 ], [ 96.75208333333282, 27.735416666666218 ] ] } },
{ "type": "Feature", "properties": { }, "geometry": { "type": "LineString", "coordinates": [ [ 96.75208333333282, 27.735416666666218 ], [ 96.75208333333282, 27.739583333332881 ] ] } },
{ "type": "Feature", "properties": { }, "geometry": { "type": "LineString", "coordinates": [ [ 97.014583333332808, 27.810416666666192 ], [ 97.010416666666146, 27.810416666666192 ] ] } },
{ "type": "Feature", "properties": { }, "geometry": { "type": "LineString", "coordinates": [ [ 97.027083333332683, 27.814583333332898 ], [ 97.014583333332808, 27.810416666666192 ] ] } },
{ "type": "Feature", "properties": { }, "geometry": { "type": "LineString", "coordinates": [ [ 97.031249999999346, 27.814583333332898 ], [ 97.027083333332683, 27.814583333332898 ] ] } },
{ "type": "Feature", "properties": { }, "geometry": { "type": "LineString", "coordinates": [ [ 97.060416666666043, 27.827083333332872 ], [ 97.047916666665998, 27.814583333332898 ], [ 97.031249999999346, 27.814583333332898 ] ] } },
{ "type": "Feature", "properties": { }, "geometry": { "type": "LineString", "coordinates": [ [ 97.064583333332706, 27.827083333332872 ], [ 97.060416666666043, 27.827083333332872 ] ] } },
{ "type": "Feature", "properties": { }, "geometry": { "type": "LineString", "coordinates": [ [ 97.077083333332695, 27.831249999999578 ], [ 97.072916666666032, 27.827083333332872 ], [ 97.064583333332706, 27.827083333332872 ] ] } },
{ "type": "Feature", "properties": { }, "geometry": { "type": "LineString", "coordinates": [ [ 96.75208333333282, 27.739583333332881 ], [ 96.75208333333282, 27.74374999999953 ] ] } },
{ "type": "Feature", "properties": { }, "geometry": { "type": "LineString", "coordinates": [ [ 96.75208333333282, 27.74374999999953 ], [ 96.7479166666661, 27.747916666666235 ] ] } },
{ "type": "Feature", "properties": { }, "geometry": { "type": "LineString", "coordinates": [ [ 96.7479166666661, 27.747916666666235 ], [ 96.7479166666661, 27.752083333332898 ] ] } },
{ "type": "Feature", "properties": { }, "geometry": { "type": "LineString", "coordinates": [ [ 96.7479166666661, 27.752083333332898 ], [ 96.760416666666032, 27.764583333332915 ] ] } },
{ "type": "Feature", "properties": { }, "geometry": { "type": "LineString", "coordinates": [ [ 96.760416666666032, 27.764583333332915 ], [ 96.764583333332695, 27.768749999999564 ] ] } },
{ "type": "Feature", "properties": { }, "geometry": { "type": "LineString", "coordinates": [ [ 96.764583333332695, 27.768749999999564 ], [ 96.772916666666021, 27.777083333332889 ] ] } },
{ "type": "Feature", "properties": { }, "geometry": { "type": "LineString", "coordinates": [ [ 96.772916666666021, 27.777083333332889 ], [ 96.781249999999346, 27.785416666666244 ] ] } },
{ "type": "Feature", "properties": { }, "geometry": { "type": "LineString", "coordinates": [ [ 96.781249999999346, 27.785416666666244 ], [ 96.785416666666066, 27.797916666666218 ] ] } },
{ "type": "Feature", "properties": { }, "geometry": { "type": "LineString", "coordinates": [ [ 96.785416666666066, 27.797916666666218 ], [ 96.789583333332672, 27.802083333332881 ] ] } },
{ "type": "Feature", "properties": { }, "geometry": { "type": "LineString", "coordinates": [ [ 96.789583333332672, 27.802083333332881 ], [ 96.797916666665998, 27.810416666666192 ] ] } },
{ "type": "Feature", "properties": { }, "geometry": { "type": "LineString", "coordinates": [ [ 97.081249999999358, 27.831249999999578 ], [ 97.077083333332695, 27.831249999999578 ] ] } },
{ "type": "Feature", "properties": { }, "geometry": { "type": "LineString", "coordinates": [ [ 97.106249999999392, 27.831249999999578 ], [ 97.102083333332729, 27.831249999999578 ] ] } },
{ "type": "Feature", "properties": { }, "geometry": { "type": "LineString", "coordinates": [ [ 97.114583333332718, 27.831249999999578 ], [ 97.106249999999392, 27.831249999999578 ] ] } },
{ "type": "Feature", "properties": { }, "geometry": { "type": "LineString", "coordinates": [ [ 97.118749999999437, 27.835416666666227 ], [ 97.114583333332718, 27.831249999999578 ] ] } },
{ "type": "Feature", "properties": { }, "geometry": { "type": "LineString", "coordinates": [ [ 97.102083333332729, 27.831249999999578 ], [ 97.093749999999403, 27.831249999999578 ], [ 97.085416666666021, 27.835416666666227 ] ] } },
{ "type": "Feature", "properties": { }, "geometry": { "type": "LineString", "coordinates": [ [ 97.085416666666021, 27.835416666666227 ], [ 97.081249999999358, 27.831249999999578 ] ] } },
{ "type": "Feature", "properties": { }, "geometry": { "type": "LineString", "coordinates": [ [ 97.127083333332763, 27.835416666666227 ], [ 97.1229166666661, 27.835416666666227 ] ] } },
{ "type": "Feature", "properties": { }, "geometry": { "type": "LineString", "coordinates": [ [ 97.131249999999426, 27.835416666666227 ], [ 97.127083333332763, 27.835416666666227 ] ] } },
{ "type": "Feature", "properties": { }, "geometry": { "type": "LineString", "coordinates": [ [ 97.1229166666661, 27.835416666666227 ], [ 97.118749999999437, 27.835416666666227 ] ] } },
{ "type": "Feature", "properties": { }, "geometry": { "type": "LineString", "coordinates": [ [ 97.139583333332752, 27.839583333332889 ], [ 97.131249999999426, 27.835416666666227 ] ] } },
{ "type": "Feature", "properties": { }, "geometry": { "type": "LineString", "coordinates": [ [ 96.618749999999494, 27.564583333332884 ], [ 96.606249999999449, 27.564583333332884 ], [ 96.597916666666123, 27.560416666666221 ] ] } },
{ "type": "Feature", "properties": { }, "geometry": { "type": "LineString", "coordinates": [ [ 96.597916666666123, 27.560416666666221 ], [ 96.585416666666077, 27.572916666666238 ] ] } },
{ "type": "Feature", "properties": { }, "geometry": { "type": "LineString", "coordinates": [ [ 96.664583333332672, 27.564583333332884 ], [ 96.660416666666066, 27.568749999999589 ] ] } },
{ "type": "Feature", "properties": { }, "geometry": { "type": "LineString", "coordinates": [ [ 96.647916666666021, 27.572916666666238 ], [ 96.639583333332695, 27.568749999999589 ], [ 96.622916666666157, 27.568749999999589 ], [ 96.618749999999494, 27.564583333332884 ] ] } },
{ "type": "Feature", "properties": { }, "geometry": { "type": "LineString", "coordinates": [ [ 96.552083333332718, 27.572916666666238 ], [ 96.552083333332718, 27.564583333332884 ] ] } },
{ "type": "Feature", "properties": { }, "geometry": { "type": "LineString", "coordinates": [ [ 96.660416666666066, 27.568749999999589 ], [ 96.652083333332683, 27.568749999999589 ], [ 96.647916666666021, 27.572916666666238 ] ] } },
{ "type": "Feature", "properties": { }, "geometry": { "type": "LineString", "coordinates": [ [ 96.568749999999426, 27.577083333332901 ], [ 96.55624999999938, 27.577083333332901 ], [ 96.552083333332718, 27.572916666666238 ] ] } },
{ "type": "Feature", "properties": { }, "geometry": { "type": "LineString", "coordinates": [ [ 96.577083333332752, 27.577083333332901 ], [ 96.572916666666089, 27.572916666666238 ], [ 96.568749999999426, 27.577083333332901 ] ] } },
{ "type": "Feature", "properties": { }, "geometry": { "type": "LineString", "coordinates": [ [ 96.585416666666077, 27.572916666666238 ], [ 96.577083333332752, 27.577083333332901 ] ] } },
{ "type": "Feature", "properties": { }, "geometry": { "type": "LineString", "coordinates": [ [ 96.527083333332683, 27.718749999999538 ], [ 96.522916666666021, 27.714583333332889 ] ] } },
{ "type": "Feature", "properties": { }, "geometry": { "type": "LineString", "coordinates": [ [ 96.27708333333274, 27.618749999999572 ], [ 96.27708333333274, 27.622916666666235 ] ] } },
{ "type": "Feature", "properties": { }, "geometry": { "type": "LineString", "coordinates": [ [ 96.27708333333274, 27.622916666666235 ], [ 96.268749999999415, 27.639583333332901 ] ] } },
{ "type": "Feature", "properties": { }, "geometry": { "type": "LineString", "coordinates": [ [ 96.268749999999415, 27.639583333332901 ], [ 96.264583333332695, 27.643749999999564 ] ] } },
{ "type": "Feature", "properties": { }, "geometry": { "type": "LineString", "coordinates": [ [ 96.264583333332695, 27.643749999999564 ], [ 96.256249999999369, 27.652083333332875 ] ] } },
{ "type": "Feature", "properties": { }, "geometry": { "type": "LineString", "coordinates": [ [ 96.256249999999369, 27.652083333332875 ], [ 96.247916666666043, 27.660416666666244 ], [ 96.247916666666043, 27.664583333332892 ] ] } },
{ "type": "Feature", "properties": { }, "geometry": { "type": "LineString", "coordinates": [ [ 96.247916666666043, 27.664583333332892 ], [ 96.24374999999938, 27.668749999999555 ] ] } },
{ "type": "Feature", "properties": { }, "geometry": { "type": "LineString", "coordinates": [ [ 96.24374999999938, 27.668749999999555 ], [ 96.24374999999938, 27.677083333332909 ], [ 96.235416666666055, 27.685416666666235 ], [ 96.235416666666055, 27.689583333332884 ] ] } },
{ "type": "Feature", "properties": { }, "geometry": { "type": "LineString", "coordinates": [ [ 96.235416666666055, 27.689583333332884 ], [ 96.218749999999346, 27.702083333332901 ] ] } },
{ "type": "Feature", "properties": { }, "geometry": { "type": "LineString", "coordinates": [ [ 96.218749999999346, 27.702083333332901 ], [ 96.210416666666021, 27.706249999999564 ], [ 96.210416666666021, 27.710416666666227 ] ] } },
{ "type": "Feature", "properties": { }, "geometry": { "type": "LineString", "coordinates": [ [ 96.210416666666021, 27.710416666666227 ], [ 96.202083333332808, 27.710416666666227 ], [ 96.197916666666089, 27.714583333332889 ] ] } },
{ "type": "Feature", "properties": { }, "geometry": { "type": "LineString", "coordinates": [ [ 96.481249999999449, 27.702083333332901 ], [ 96.481249999999449, 27.718749999999538 ] ] } },
{ "type": "Feature", "properties": { }, "geometry": { "type": "LineString", "coordinates": [ [ 96.522916666666021, 27.714583333332889 ], [ 96.514583333332695, 27.710416666666227 ] ] } },
{ "type": "Feature", "properties": { }, "geometry": { "type": "LineString", "coordinates": [ [ 96.481249999999449, 27.718749999999538 ], [ 96.472916666666123, 27.718749999999538 ], [ 96.46874999999946, 27.722916666666244 ] ] } },
{ "type": "Feature", "properties": { }, "geometry": { "type": "LineString", "coordinates": [ [ 96.46874999999946, 27.722916666666244 ], [ 96.456249999999415, 27.735416666666218 ] ] } },
{ "type": "Feature", "properties": { }, "geometry": { "type": "LineString", "coordinates": [ [ 96.43124999999938, 27.731249999999555 ], [ 96.410416666666066, 27.727083333332907 ] ] } },
{ "type": "Feature", "properties": { }, "geometry": { "type": "LineString", "coordinates": [ [ 96.410416666666066, 27.727083333332907 ], [ 96.40208333333274, 27.735416666666218 ] ] } },
{ "type": "Feature", "properties": { }, "geometry": { "type": "LineString", "coordinates": [ [ 96.447916666666089, 27.739583333332881 ], [ 96.43124999999938, 27.731249999999555 ] ] } },
{ "type": "Feature", "properties": { }, "geometry": { "type": "LineString", "coordinates": [ [ 96.40208333333274, 27.735416666666218 ], [ 96.393749999999358, 27.735416666666218 ], [ 96.389583333332695, 27.739583333332881 ] ] } },
{ "type": "Feature", "properties": { }, "geometry": { "type": "LineString", "coordinates": [ [ 96.456249999999415, 27.735416666666218 ], [ 96.456249999999415, 27.739583333332881 ] ] } },
{ "type": "Feature", "properties": { }, "geometry": { "type": "LineString", "coordinates": [ [ 96.456249999999415, 27.739583333332881 ], [ 96.447916666666089, 27.739583333332881 ] ] } },
{ "type": "Feature", "properties": { }, "geometry": { "type": "LineString", "coordinates": [ [ 96.197916666666089, 27.714583333332889 ], [ 96.193749999999426, 27.714583333332889 ] ] } },
{ "type": "Feature", "properties": { }, "geometry": { "type": "LineString", "coordinates": [ [ 96.193749999999426, 27.714583333332889 ], [ 96.1854166666661, 27.722916666666244 ] ] } },
{ "type": "Feature", "properties": { }, "geometry": { "type": "LineString", "coordinates": [ [ 96.1854166666661, 27.722916666666244 ], [ 96.177083333332774, 27.727083333332907 ] ] } },
{ "type": "Feature", "properties": { }, "geometry": { "type": "LineString", "coordinates": [ [ 96.177083333332774, 27.727083333332907 ], [ 96.168749999999392, 27.731249999999555 ], [ 96.168749999999392, 27.74374999999953 ], [ 96.164583333332729, 27.747916666666235 ], [ 96.156249999999403, 27.752083333332898 ], [ 96.147916666666021, 27.752083333332898 ], [ 96.143749999999415, 27.756249999999547 ] ] } },
{ "type": "Feature", "properties": { }, "geometry": { "type": "LineString", "coordinates": [ [ 96.143749999999415, 27.756249999999547 ], [ 96.143749999999415, 27.764583333332915 ] ] } },
{ "type": "Feature", "properties": { }, "geometry": { "type": "LineString", "coordinates": [ [ 96.143749999999415, 27.764583333332915 ], [ 96.139583333332695, 27.768749999999564 ] ] } },
{ "type": "Feature", "properties": { }, "geometry": { "type": "LineString", "coordinates": [ [ 96.139583333332695, 27.768749999999564 ], [ 96.135416666666032, 27.768749999999564 ], [ 96.127083333332706, 27.777083333332889 ], [ 96.127083333332706, 27.781249999999581 ] ] } },
{ "type": "Feature", "properties": { }, "geometry": { "type": "LineString", "coordinates": [ [ 96.3104166666661, 27.806249999999572 ], [ 96.30624999999938, 27.810416666666192 ] ] } },
{ "type": "Feature", "properties": { }, "geometry": { "type": "LineString", "coordinates": [ [ 96.30624999999938, 27.810416666666192 ], [ 96.297916666666055, 27.810416666666192 ], [ 96.289583333332729, 27.818749999999561 ], [ 96.272916666666021, 27.818749999999561 ], [ 96.268749999999415, 27.82291666666621 ], [ 96.252083333332706, 27.82291666666621 ], [ 96.247916666666043, 27.827083333332872 ], [ 96.239583333332718, 27.827083333332872 ] ] } },
{ "type": "Feature", "properties": { }, "geometry": { "type": "LineString", "coordinates": [ [ 96.239583333332718, 27.827083333332872 ], [ 96.227083333332672, 27.82291666666621 ] ] } },
{ "type": "Feature", "properties": { }, "geometry": { "type": "LineString", "coordinates": [ [ 96.389583333332695, 27.739583333332881 ], [ 96.389583333332695, 27.74374999999953 ] ] } },
{ "type": "Feature", "properties": { }, "geometry": { "type": "LineString", "coordinates": [ [ 96.389583333332695, 27.74374999999953 ], [ 96.381249999999369, 27.74374999999953 ] ] } },
{ "type": "Feature", "properties": { }, "geometry": { "type": "LineString", "coordinates": [ [ 96.381249999999369, 27.74374999999953 ], [ 96.372916666666043, 27.747916666666235 ] ] } },
{ "type": "Feature", "properties": { }, "geometry": { "type": "LineString", "coordinates": [ [ 96.372916666666043, 27.747916666666235 ], [ 96.36874999999938, 27.747916666666235 ], [ 96.347916666666123, 27.768749999999564 ] ] } },
{ "type": "Feature", "properties": { }, "geometry": { "type": "LineString", "coordinates": [ [ 96.347916666666123, 27.768749999999564 ], [ 96.339583333332797, 27.777083333332889 ], [ 96.339583333332797, 27.781249999999581 ] ] } },
{ "type": "Feature", "properties": { }, "geometry": { "type": "LineString", "coordinates": [ [ 96.339583333332797, 27.781249999999581 ], [ 96.335416666666134, 27.785416666666244 ] ] } },
{ "type": "Feature", "properties": { }, "geometry": { "type": "LineString", "coordinates": [ [ 96.335416666666134, 27.785416666666244 ], [ 96.331249999999415, 27.785416666666244 ], [ 96.3104166666661, 27.806249999999572 ] ] } },
{ "type": "Feature", "properties": { }, "geometry": { "type": "LineString", "coordinates": [ [ 96.36874999999938, 27.877083333332898 ], [ 96.364583333332831, 27.877083333332898 ], [ 96.347916666666123, 27.889583333332872 ] ] } },
{ "type": "Feature", "properties": { }, "geometry": { "type": "LineString", "coordinates": [ [ 96.385416666666032, 27.893749999999578 ], [ 96.36874999999938, 27.877083333332898 ] ] } },
{ "type": "Feature", "properties": { }, "geometry": { "type": "LineString", "coordinates": [ [ 96.335416666666134, 27.889583333332872 ], [ 96.331249999999415, 27.889583333332872 ] ] } },
{ "type": "Feature", "properties": { }, "geometry": { "type": "LineString", "coordinates": [ [ 96.543749999999392, 27.722916666666244 ], [ 96.535416666666066, 27.722916666666244 ], [ 96.527083333332683, 27.718749999999538 ] ] } },
{ "type": "Feature", "properties": { }, "geometry": { "type": "LineString", "coordinates": [ [ 96.547916666666055, 27.718749999999538 ], [ 96.543749999999392, 27.722916666666244 ] ] } },
{ "type": "Feature", "properties": { }, "geometry": { "type": "LineString", "coordinates": [ [ 96.568749999999426, 27.722916666666244 ], [ 96.547916666666055, 27.718749999999538 ] ] } },
{ "type": "Feature", "properties": { }, "geometry": { "type": "LineString", "coordinates": [ [ 96.743749999999324, 27.947916666666224 ], [ 96.722916666666066, 27.952083333332872 ] ] } },
{ "type": "Feature", "properties": { }, "geometry": { "type": "LineString", "coordinates": [ [ 96.693749999999369, 27.956249999999535 ], [ 96.689583333332706, 27.956249999999535 ] ] } },
{ "type": "Feature", "properties": { }, "geometry": { "type": "LineString", "coordinates": [ [ 96.702083333332752, 27.956249999999535 ], [ 96.693749999999369, 27.956249999999535 ] ] } },
{ "type": "Feature", "properties": { }, "geometry": { "type": "LineString", "coordinates": [ [ 96.689583333332706, 27.956249999999535 ], [ 96.685416666666043, 27.956249999999535 ] ] } },
{ "type": "Feature", "properties": { }, "geometry": { "type": "LineString", "coordinates": [ [ 96.685416666666043, 27.956249999999535 ], [ 96.672916666666055, 27.956249999999535 ] ] } },
{ "type": "Feature", "properties": { }, "geometry": { "type": "LineString", "coordinates": [ [ 96.722916666666066, 27.952083333332872 ], [ 96.718749999999403, 27.952083333332872 ], [ 96.710416666666077, 27.960416666666241 ] ] } },
{ "type": "Feature", "properties": { }, "geometry": { "type": "LineString", "coordinates": [ [ 96.710416666666077, 27.960416666666241 ], [ 96.702083333332752, 27.956249999999535 ] ] } },
{ "type": "Feature", "properties": { }, "geometry": { "type": "LineString", "coordinates": [ [ 96.227083333332672, 27.82291666666621 ], [ 96.193749999999426, 27.82291666666621 ], [ 96.189583333332763, 27.818749999999561 ], [ 96.177083333332774, 27.831249999999578 ] ] } },
{ "type": "Feature", "properties": { }, "geometry": { "type": "LineString", "coordinates": [ [ 96.177083333332774, 27.831249999999578 ], [ 96.168749999999392, 27.835416666666227 ] ] } },
{ "type": "Feature", "properties": { }, "geometry": { "type": "LineString", "coordinates": [ [ 96.168749999999392, 27.835416666666227 ], [ 96.164583333332729, 27.839583333332889 ] ] } },
{ "type": "Feature", "properties": { }, "geometry": { "type": "LineString", "coordinates": [ [ 96.27708333333274, 27.839583333332889 ], [ 96.256249999999369, 27.839583333332889 ], [ 96.252083333332706, 27.843749999999552 ], [ 96.231249999999505, 27.843749999999552 ], [ 96.227083333332672, 27.839583333332889 ], [ 96.214583333332797, 27.839583333332889 ], [ 96.210416666666021, 27.843749999999552 ], [ 96.193749999999426, 27.835416666666227 ], [ 96.189583333332763, 27.839583333332889 ], [ 96.181249999999437, 27.831249999999578 ], [ 96.177083333332774, 27.831249999999578 ] ] } },
{ "type": "Feature", "properties": { }, "geometry": { "type": "LineString", "coordinates": [ [ 96.164583333332729, 27.839583333332889 ], [ 96.160416666666066, 27.839583333332889 ] ] } },
{ "type": "Feature", "properties": { }, "geometry": { "type": "LineString", "coordinates": [ [ 96.293749999999392, 27.847916666666201 ], [ 96.281249999999403, 27.847916666666201 ], [ 96.27708333333274, 27.839583333332889 ] ] } },
{ "type": "Feature", "properties": { }, "geometry": { "type": "LineString", "coordinates": [ [ 96.160416666666066, 27.839583333332889 ], [ 96.15208333333274, 27.843749999999552 ], [ 96.143749999999415, 27.839583333332889 ], [ 96.135416666666032, 27.843749999999552 ], [ 96.131249999999369, 27.839583333332889 ], [ 96.114583333332718, 27.852083333332907 ] ] } },
{ "type": "Feature", "properties": { }, "geometry": { "type": "LineString", "coordinates": [ [ 96.147916666666021, 27.864583333332881 ], [ 96.139583333332695, 27.860416666666218 ], [ 96.139583333332695, 27.856249999999569 ], [ 96.122916666666043, 27.856249999999569 ], [ 96.114583333332718, 27.852083333332907 ] ] } },
{ "type": "Feature", "properties": { }, "geometry": { "type": "LineString", "coordinates": [ [ 96.256249999999369, 27.88541666666621 ], [ 96.252083333332706, 27.881249999999561 ], [ 96.24374999999938, 27.881249999999561 ], [ 96.235416666666055, 27.889583333332872 ], [ 96.231249999999505, 27.889583333332872 ], [ 96.227083333332672, 27.88541666666621 ], [ 96.218749999999346, 27.88541666666621 ], [ 96.210416666666021, 27.877083333332898 ], [ 96.189583333332763, 27.877083333332898 ], [ 96.172916666666055, 27.868749999999544 ], [ 96.15208333333274, 27.868749999999544 ], [ 96.147916666666021, 27.864583333332881 ] ] } },
{ "type": "Feature", "properties": { }, "geometry": { "type": "LineString", "coordinates": [ [ 96.272916666666021, 27.881249999999561 ], [ 96.264583333332695, 27.881249999999561 ] ] } },
{ "type": "Feature", "properties": { }, "geometry": { "type": "LineString", "coordinates": [ [ 96.27708333333274, 27.88541666666621 ], [ 96.272916666666021, 27.881249999999561 ] ] } },
{ "type": "Feature", "properties": { }, "geometry": { "type": "LineString", "coordinates": [ [ 96.264583333332695, 27.881249999999561 ], [ 96.256249999999369, 27.88541666666621 ] ] } },
{ "type": "Feature", "properties": { }, "geometry": { "type": "LineString", "coordinates": [ [ 96.285416666666066, 27.88541666666621 ], [ 96.27708333333274, 27.88541666666621 ] ] } },
{ "type": "Feature", "properties": { }, "geometry": { "type": "LineString", "coordinates": [ [ 96.293749999999392, 27.889583333332872 ], [ 96.285416666666066, 27.88541666666621 ] ] } },
{ "type": "Feature", "properties": { }, "geometry": { "type": "LineString", "coordinates": [ [ 96.331249999999415, 27.889583333332872 ], [ 96.318749999999426, 27.889583333332872 ], [ 96.3104166666661, 27.897916666666227 ], [ 96.293749999999392, 27.889583333332872 ] ] } },
{ "type": "Feature", "properties": { }, "geometry": { "type": "LineString", "coordinates": [ [ 96.143749999999415, 27.902083333332889 ], [ 96.139583333332695, 27.897916666666227 ], [ 96.127083333332706, 27.897916666666227 ], [ 96.122916666666043, 27.893749999999578 ] ] } },
{ "type": "Feature", "properties": { }, "geometry": { "type": "LineString", "coordinates": [ [ 96.15208333333274, 27.906249999999552 ], [ 96.143749999999415, 27.902083333332889 ] ] } },
{ "type": "Feature", "properties": { }, "geometry": { "type": "LineString", "coordinates": [ [ 96.156249999999403, 27.910416666666244 ], [ 96.15208333333274, 27.906249999999552 ] ] } },
{ "type": "Feature", "properties": { }, "geometry": { "type": "LineString", "coordinates": [ [ 96.172916666666055, 27.910416666666244 ], [ 96.164583333332729, 27.910416666666244 ] ] } },
{ "type": "Feature", "properties": { }, "geometry": { "type": "LineString", "coordinates": [ [ 96.164583333332729, 27.910416666666244 ], [ 96.156249999999403, 27.910416666666244 ] ] } },
{ "type": "Feature", "properties": { }, "geometry": { "type": "LineString", "coordinates": [ [ 96.347916666666123, 27.889583333332872 ], [ 96.335416666666134, 27.889583333332872 ] ] } },
{ "type": "Feature", "properties": { }, "geometry": { "type": "LineString", "coordinates": [ [ 96.397916666666021, 27.897916666666227 ], [ 96.389583333332695, 27.897916666666227 ], [ 96.385416666666032, 27.893749999999578 ] ] } },
{ "type": "Feature", "properties": { }, "geometry": { "type": "LineString", "coordinates": [ [ 96.40208333333274, 27.906249999999552 ], [ 96.397916666666021, 27.897916666666227 ] ] } },
{ "type": "Feature", "properties": { }, "geometry": { "type": "LineString", "coordinates": [ [ 96.510416666666032, 27.902083333332889 ], [ 96.502083333332706, 27.906249999999552 ], [ 96.493749999999494, 27.906249999999552 ] ] } },
{ "type": "Feature", "properties": { }, "geometry": { "type": "LineString", "coordinates": [ [ 96.46874999999946, 27.906249999999552 ], [ 96.464583333332797, 27.902083333332889 ], [ 96.460416666666077, 27.906249999999552 ] ] } },
{ "type": "Feature", "properties": { }, "geometry": { "type": "LineString", "coordinates": [ [ 96.493749999999494, 27.906249999999552 ], [ 96.485416666665998, 27.902083333332889 ] ] } },
{ "type": "Feature", "properties": { }, "geometry": { "type": "LineString", "coordinates": [ [ 96.485416666665998, 27.902083333332889 ], [ 96.477083333332672, 27.906249999999552 ] ] } },
{ "type": "Feature", "properties": { }, "geometry": { "type": "LineString", "coordinates": [ [ 96.477083333332672, 27.906249999999552 ], [ 96.46874999999946, 27.906249999999552 ] ] } },
{ "type": "Feature", "properties": { }, "geometry": { "type": "LineString", "coordinates": [ [ 96.460416666666077, 27.906249999999552 ], [ 96.456249999999415, 27.910416666666244 ], [ 96.447916666666089, 27.910416666666244 ] ] } },
{ "type": "Feature", "properties": { }, "geometry": { "type": "LineString", "coordinates": [ [ 96.406249999999346, 27.910416666666244 ], [ 96.40208333333274, 27.906249999999552 ] ] } },
{ "type": "Feature", "properties": { }, "geometry": { "type": "LineString", "coordinates": [ [ 96.447916666666089, 27.910416666666244 ], [ 96.443749999999426, 27.914583333332864 ] ] } },
{ "type": "Feature", "properties": { }, "geometry": { "type": "LineString", "coordinates": [ [ 96.443749999999426, 27.914583333332864 ], [ 96.439583333332763, 27.918749999999569 ] ] } },
{ "type": "Feature", "properties": { }, "geometry": { "type": "LineString", "coordinates": [ [ 96.418749999999392, 27.927083333332881 ], [ 96.406249999999346, 27.910416666666244 ] ] } },
{ "type": "Feature", "properties": { }, "geometry": { "type": "LineString", "coordinates": [ [ 96.439583333332763, 27.918749999999569 ], [ 96.427083333332718, 27.918749999999569 ], [ 96.418749999999392, 27.927083333332881 ] ] } },
{ "type": "Feature", "properties": { }, "geometry": { "type": "LineString", "coordinates": [ [ 96.414583333332729, 27.935416666666207 ], [ 96.418749999999392, 27.927083333332881 ] ] } },
{ "type": "Feature", "properties": { }, "geometry": { "type": "LineString", "coordinates": [ [ 96.414583333332729, 27.939583333332898 ], [ 96.414583333332729, 27.935416666666207 ] ] } },
{ "type": "Feature", "properties": { }, "geometry": { "type": "LineString", "coordinates": [ [ 96.414583333332729, 27.947916666666224 ], [ 96.414583333332729, 27.939583333332898 ] ] } },
{ "type": "Feature", "properties": { }, "geometry": { "type": "LineString", "coordinates": [ [ 96.410416666666066, 27.956249999999535 ], [ 96.414583333332729, 27.947916666666224 ] ] } },
{ "type": "Feature", "properties": { }, "geometry": { "type": "LineString", "coordinates": [ [ 96.410416666666066, 27.968749999999552 ], [ 96.410416666666066, 27.956249999999535 ] ] } },
{ "type": "Feature", "properties": { }, "geometry": { "type": "LineString", "coordinates": [ [ 96.40208333333274, 27.968749999999552 ], [ 96.410416666666066, 27.968749999999552 ] ] } },
{ "type": "Feature", "properties": { }, "geometry": { "type": "LineString", "coordinates": [ [ 95.872916666666043, 27.772916666666227 ], [ 95.877083333332706, 27.781249999999581 ], [ 95.86874999999938, 27.789583333332907 ], [ 95.864583333332718, 27.785416666666244 ], [ 95.852083333332672, 27.785416666666244 ], [ 95.835416666666021, 27.777083333332889 ], [ 95.822916666666146, 27.781249999999581 ] ] } },
{ "type": "Feature", "properties": { }, "geometry": { "type": "LineString", "coordinates": [ [ 95.822916666666146, 27.781249999999581 ], [ 95.806715660068704, 27.785416666666244 ] ] } },
{ "type": "Feature", "properties": { }, "geometry": { "type": "LineString", "coordinates": [ [ 95.893749999999415, 27.806249999999572 ], [ 95.881249999999369, 27.806249999999572 ], [ 95.877083333332706, 27.802083333332881 ], [ 95.86874999999938, 27.802083333332881 ], [ 95.864583333332718, 27.806249999999572 ], [ 95.852083333332672, 27.797916666666218 ], [ 95.839583333332854, 27.797916666666218 ], [ 95.822916666666146, 27.781249999999581 ] ] } },
{ "type": "Feature", "properties": { }, "geometry": { "type": "LineString", "coordinates": [ [ 95.918749999999449, 27.802083333332881 ], [ 95.897916666666077, 27.802083333332881 ] ] } },
{ "type": "Feature", "properties": { }, "geometry": { "type": "LineString", "coordinates": [ [ 95.927083333332774, 27.802083333332881 ], [ 95.918749999999449, 27.802083333332881 ] ] } },
{ "type": "Feature", "properties": { }, "geometry": { "type": "LineString", "coordinates": [ [ 95.897916666666077, 27.802083333332881 ], [ 95.893749999999415, 27.806249999999572 ] ] } },
{ "type": "Feature", "properties": { }, "geometry": { "type": "LineString", "coordinates": [ [ 96.056249999999437, 27.806249999999572 ], [ 96.043749999999392, 27.806249999999572 ] ] } },
{ "type": "Feature", "properties": { }, "geometry": { "type": "LineString", "coordinates": [ [ 96.064583333332763, 27.806249999999572 ], [ 96.056249999999437, 27.806249999999572 ] ] } },
{ "type": "Feature", "properties": { }, "geometry": { "type": "LineString", "coordinates": [ [ 96.043749999999392, 27.806249999999572 ], [ 96.031249999999403, 27.806249999999572 ] ] } },
{ "type": "Feature", "properties": { }, "geometry": { "type": "LineString", "coordinates": [ [ 96.031249999999403, 27.806249999999572 ], [ 96.02708333333274, 27.810416666666192 ] ] } },
{ "type": "Feature", "properties": { }, "geometry": { "type": "LineString", "coordinates": [ [ 95.939583333332763, 27.814583333332898 ], [ 95.931249999999437, 27.806249999999572 ] ] } },
{ "type": "Feature", "properties": { }, "geometry": { "type": "LineString", "coordinates": [ [ 96.022916666666077, 27.814583333332898 ], [ 96.014583333332695, 27.806249999999572 ], [ 96.010416666666032, 27.806249999999572 ] ] } },
{ "type": "Feature", "properties": { }, "geometry": { "type": "LineString", "coordinates": [ [ 96.02708333333274, 27.810416666666192 ], [ 96.022916666666077, 27.814583333332898 ] ] } },
{ "type": "Feature", "properties": { }, "geometry": { "type": "LineString", "coordinates": [ [ 95.952083333332695, 27.82291666666621 ], [ 95.947916666666032, 27.82291666666621 ], [ 95.939583333332763, 27.814583333332898 ] ] } },
{ "type": "Feature", "properties": { }, "geometry": { "type": "LineString", "coordinates": [ [ 95.968749999999346, 27.82291666666621 ], [ 95.952083333332695, 27.82291666666621 ] ] } },
{ "type": "Feature", "properties": { }, "geometry": { "type": "LineString", "coordinates": [ [ 95.989583333332718, 27.839583333332889 ], [ 95.968749999999346, 27.82291666666621 ] ] } },
{ "type": "Feature", "properties": { }, "geometry": { "type": "LineString", "coordinates": [ [ 95.989583333332718, 27.843749999999552 ], [ 95.989583333332718, 27.839583333332889 ] ] } },
{ "type": "Feature", "properties": { }, "geometry": { "type": "LineString", "coordinates": [ [ 96.077083333332808, 27.847916666666201 ], [ 96.064583333332763, 27.847916666666201 ], [ 96.0604166666661, 27.843749999999552 ] ] } },
{ "type": "Feature", "properties": { }, "geometry": { "type": "LineString", "coordinates": [ [ 96.0604166666661, 27.843749999999552 ], [ 96.035416666666066, 27.843749999999552 ], [ 96.02708333333274, 27.852083333332907 ] ] } },
{ "type": "Feature", "properties": { }, "geometry": { "type": "LineString", "coordinates": [ [ 96.002083333332706, 27.856249999999569 ], [ 95.997916666666043, 27.856249999999569 ], [ 95.989583333332718, 27.847916666666201 ], [ 95.989583333332718, 27.843749999999552 ] ] } },
{ "type": "Feature", "properties": { }, "geometry": { "type": "LineString", "coordinates": [ [ 96.089583333332797, 27.856249999999569 ], [ 96.081249999999358, 27.847916666666201 ], [ 96.077083333332808, 27.847916666666201 ] ] } },
{ "type": "Feature", "properties": { }, "geometry": { "type": "LineString", "coordinates": [ [ 96.02708333333274, 27.852083333332907 ], [ 96.010416666666032, 27.852083333332907 ] ] } },
{ "type": "Feature", "properties": { }, "geometry": { "type": "LineString", "coordinates": [ [ 96.114583333332718, 27.852083333332907 ], [ 96.093749999999346, 27.852083333332907 ], [ 96.089583333332797, 27.856249999999569 ] ] } },
{ "type": "Feature", "properties": { }, "geometry": { "type": "LineString", "coordinates": [ [ 96.010416666666032, 27.852083333332907 ], [ 96.002083333332706, 27.856249999999569 ] ] } },
{ "type": "Feature", "properties": { }, "geometry": { "type": "LineString", "coordinates": [ [ 96.02708333333274, 27.856249999999569 ], [ 96.02708333333274, 27.852083333332907 ] ] } },
{ "type": "Feature", "properties": { }, "geometry": { "type": "LineString", "coordinates": [ [ 96.039583333332729, 27.872916666666235 ], [ 96.031249999999403, 27.864583333332881 ], [ 96.02708333333274, 27.864583333332881 ], [ 96.02708333333274, 27.856249999999569 ] ] } },
{ "type": "Feature", "properties": { }, "geometry": { "type": "LineString", "coordinates": [ [ 96.056249999999437, 27.872916666666235 ], [ 96.043749999999392, 27.872916666666235 ] ] } },
{ "type": "Feature", "properties": { }, "geometry": { "type": "LineString", "coordinates": [ [ 96.043749999999392, 27.872916666666235 ], [ 96.039583333332729, 27.872916666666235 ] ] } },
{ "type": "Feature", "properties": { }, "geometry": { "type": "LineString", "coordinates": [ [ 96.064583333332763, 27.881249999999561 ], [ 96.056249999999437, 27.872916666666235 ] ] } },
{ "type": "Feature", "properties": { }, "geometry": { "type": "LineString", "coordinates": [ [ 96.081249999999358, 27.88541666666621 ], [ 96.068749999999426, 27.88541666666621 ], [ 96.064583333332763, 27.881249999999561 ] ] } },
{ "type": "Feature", "properties": { }, "geometry": { "type": "LineString", "coordinates": [ [ 96.047916666666111, 27.897916666666227 ], [ 96.043749999999392, 27.889583333332872 ], [ 96.043749999999392, 27.872916666666235 ] ] } },
{ "type": "Feature", "properties": { }, "geometry": { "type": "LineString", "coordinates": [ [ 96.089583333332797, 27.889583333332872 ], [ 96.081249999999358, 27.88541666666621 ] ] } },
{ "type": "Feature", "properties": { }, "geometry": { "type": "LineString", "coordinates": [ [ 96.114583333332718, 27.88541666666621 ], [ 96.110416666666055, 27.889583333332872 ], [ 96.102083333332672, 27.889583333332872 ] ] } },
{ "type": "Feature", "properties": { }, "geometry": { "type": "LineString", "coordinates": [ [ 96.102083333332672, 27.889583333332872 ], [ 96.089583333332797, 27.889583333332872 ] ] } },
{ "type": "Feature", "properties": { }, "geometry": { "type": "LineString", "coordinates": [ [ 96.122916666666043, 27.893749999999578 ], [ 96.114583333332718, 27.88541666666621 ] ] } },
{ "type": "Feature", "properties": { }, "geometry": { "type": "LineString", "coordinates": [ [ 96.056249999999437, 27.910416666666244 ], [ 96.056249999999437, 27.906249999999552 ], [ 96.047916666666111, 27.897916666666227 ] ] } },
{ "type": "Feature", "properties": { }, "geometry": { "type": "LineString", "coordinates": [ [ 95.56582446721643, 27.928324467216601 ], [ 95.564583333332706, 27.927083333332881 ] ] } },
{ "type": "Feature", "properties": { }, "geometry": { "type": "LineString", "coordinates": [ [ 95.58958333333274, 27.943749999999561 ], [ 95.584326773672245, 27.942660107005736 ] ] } },
{ "type": "Feature", "properties": { }, "geometry": { "type": "LineString", "coordinates": [ [ 95.593749999999346, 27.947916666666224 ], [ 95.58958333333274, 27.943749999999561 ] ] } },
{ "type": "Feature", "properties": { }, "geometry": { "type": "MultiLineString", "coordinates": [ [ [ 95.597916666666066, 27.960416666666241 ], [ 95.59699801596399, 27.951164682630818 ] ], [ [ 95.59683398893705, 27.951000655603867 ], [ 95.593749999999346, 27.947916666666224 ] ] ] } },
{ "type": "Feature", "properties": { }, "geometry": { "type": "LineString", "coordinates": [ [ 95.643749999999415, 27.977083333332907 ], [ 95.639583333332752, 27.972916666666215 ], [ 95.639583333332752, 27.960706949055201 ] ] } },
{ "type": "Feature", "properties": { }, "geometry": { "type": "LineString", "coordinates": [ [ 95.593749999999346, 27.977083333332907 ], [ 95.58958333333274, 27.968749999999552 ], [ 95.597916666666066, 27.960416666666241 ] ] } },
{ "type": "Feature", "properties": { }, "geometry": { "type": "LineString", "coordinates": [ [ 95.602083333332729, 27.981249999999569 ], [ 95.593749999999346, 27.977083333332907 ] ] } },
{ "type": "Feature", "properties": { }, "geometry": { "type": "LineString", "coordinates": [ [ 95.664583333332786, 28.002083333332898 ], [ 95.65624999999946, 27.989583333332881 ], [ 95.65624999999946, 27.981249999999569 ], [ 95.65208333333274, 27.977083333332907 ], [ 95.643749999999415, 27.977083333332907 ] ] } },
{ "type": "Feature", "properties": { }, "geometry": { "type": "LineString", "coordinates": [ [ 95.664583333332786, 28.014583333332887 ], [ 95.660416666666123, 28.006249999999561 ], [ 95.664583333332786, 28.002083333332898 ] ] } },
{ "type": "Feature", "properties": { }, "geometry": { "type": "LineString", "coordinates": [ [ 95.689583333332706, 28.035416666666215 ], [ 95.681249999999494, 28.018749999999535 ], [ 95.681249999999494, 28.010416666666224 ], [ 95.664583333332786, 28.002083333332898 ] ] } },
{ "type": "Feature", "properties": { }, "geometry": { "type": "LineString", "coordinates": [ [ 95.672916666666111, 28.056249999999544 ], [ 95.672916666666111, 28.039583333332878 ], [ 95.677083333332774, 28.035416666666215 ], [ 95.672916666666111, 28.031249999999552 ], [ 95.672916666666111, 28.022916666666241 ], [ 95.664583333332786, 28.014583333332887 ] ] } },
{ "type": "Feature", "properties": { }, "geometry": { "type": "LineString", "coordinates": [ [ 95.702083333332695, 28.052083333332895 ], [ 95.689583333332706, 28.035416666666215 ] ] } },
{ "type": "Feature", "properties": { }, "geometry": { "type": "LineString", "coordinates": [ [ 95.564583333332706, 28.052083333332895 ], [ 95.564583333332706, 28.039583333332878 ] ] } },
{ "type": "Feature", "properties": { }, "geometry": { "type": "LineString", "coordinates": [ [ 95.564583333332706, 28.056249999999544 ], [ 95.564583333332706, 28.052083333332895 ] ] } },
{ "type": "Feature", "properties": { }, "geometry": { "type": "LineString", "coordinates": [ [ 95.706249999999528, 28.06458333333287 ], [ 95.706249999999528, 28.056249999999544 ], [ 95.702083333332695, 28.052083333332895 ] ] } },
{ "type": "Feature", "properties": { }, "geometry": { "type": "LineString", "coordinates": [ [ 95.672916666666111, 28.072916666666224 ], [ 95.677083333332774, 28.068749999999561 ], [ 95.672916666666111, 28.06458333333287 ], [ 95.672916666666111, 28.056249999999544 ] ] } },
{ "type": "Feature", "properties": { }, "geometry": { "type": "LineString", "coordinates": [ [ 95.702083333332695, 28.081249999999535 ], [ 95.702083333332695, 28.068749999999561 ], [ 95.706249999999528, 28.06458333333287 ] ] } },
{ "type": "Feature", "properties": { }, "geometry": { "type": "LineString", "coordinates": [ [ 95.568749999999369, 28.106249999999569 ], [ 95.568749999999369, 28.093749999999552 ], [ 95.572916666666146, 28.089583333332904 ], [ 95.572916666666146, 28.06458333333287 ], [ 95.564583333332706, 28.056249999999544 ] ] } },
{ "type": "Feature", "properties": { }, "geometry": { "type": "LineString", "coordinates": [ [ 95.664583333332786, 28.089583333332904 ], [ 95.672916666666111, 28.072916666666224 ] ] } },
{ "type": "Feature", "properties": { }, "geometry": { "type": "LineString", "coordinates": [ [ 95.702083333332695, 28.085416666666198 ], [ 95.702083333332695, 28.081249999999535 ] ] } },
{ "type": "Feature", "properties": { }, "geometry": { "type": "LineString", "coordinates": [ [ 95.668749999999449, 28.106249999999569 ], [ 95.664583333332786, 28.102083333332921 ], [ 95.664583333332786, 28.089583333332904 ] ] } },
{ "type": "Feature", "properties": { }, "geometry": { "type": "LineString", "coordinates": [ [ 96.797916666665998, 27.810416666666192 ], [ 96.797916666665998, 27.818749999999561 ], [ 96.802083333332718, 27.827083333332872 ] ] } },
{ "type": "Feature", "properties": { }, "geometry": { "type": "LineString", "coordinates": [ [ 97.010416666666146, 27.810416666666192 ], [ 97.006249999999426, 27.814583333332898 ], [ 97.006249999999426, 27.82291666666621 ], [ 96.993749999999324, 27.835416666666227 ] ] } },
{ "type": "Feature", "properties": { }, "geometry": { "type": "LineString", "coordinates": [ [ 96.802083333332718, 27.827083333332872 ], [ 96.810416666666043, 27.839583333332889 ] ] } },
{ "type": "Feature", "properties": { }, "geometry": { "type": "LineString", "coordinates": [ [ 96.993749999999324, 27.835416666666227 ], [ 96.989583333332774, 27.843749999999552 ] ] } },
{ "type": "Feature", "properties": { }, "geometry": { "type": "LineString", "coordinates": [ [ 96.810416666666043, 27.839583333332889 ], [ 96.818749999999369, 27.856249999999569 ] ] } },
{ "type": "Feature", "properties": { }, "geometry": { "type": "LineString", "coordinates": [ [ 96.989583333332774, 27.843749999999552 ], [ 96.989583333332774, 27.847916666666201 ], [ 96.977083333332729, 27.860416666666218 ] ] } },
{ "type": "Feature", "properties": { }, "geometry": { "type": "LineString", "coordinates": [ [ 96.818749999999369, 27.856249999999569 ], [ 96.822916666666032, 27.860416666666218 ] ] } },
{ "type": "Feature", "properties": { }, "geometry": { "type": "LineString", "coordinates": [ [ 96.977083333332729, 27.860416666666218 ], [ 96.972916666666066, 27.864583333332881 ] ] } },
{ "type": "Feature", "properties": { }, "geometry": { "type": "LineString", "coordinates": [ [ 96.972916666666066, 27.864583333332881 ], [ 96.968749999999403, 27.864583333332881 ] ] } },
{ "type": "Feature", "properties": { }, "geometry": { "type": "LineString", "coordinates": [ [ 96.968749999999403, 27.864583333332881 ], [ 96.956249999999358, 27.868749999999544 ] ] } },
{ "type": "Feature", "properties": { }, "geometry": { "type": "LineString", "coordinates": [ [ 96.956249999999358, 27.868749999999544 ], [ 96.952083333332695, 27.868749999999544 ] ] } },
{ "type": "Feature", "properties": { }, "geometry": { "type": "LineString", "coordinates": [ [ 96.822916666666032, 27.860416666666218 ], [ 96.822916666666032, 27.868749999999544 ], [ 96.83958333333274, 27.88541666666621 ] ] } },
{ "type": "Feature", "properties": { }, "geometry": { "type": "LineString", "coordinates": [ [ 96.952083333332695, 27.868749999999544 ], [ 96.939583333332706, 27.877083333332898 ] ] } },
{ "type": "Feature", "properties": { }, "geometry": { "type": "LineString", "coordinates": [ [ 96.877083333332763, 27.877083333332898 ], [ 96.8729166666661, 27.877083333332898 ] ] } },
{ "type": "Feature", "properties": { }, "geometry": { "type": "LineString", "coordinates": [ [ 96.939583333332706, 27.877083333332898 ], [ 96.931249999999324, 27.881249999999561 ] ] } },
{ "type": "Feature", "properties": { }, "geometry": { "type": "LineString", "coordinates": [ [ 96.8729166666661, 27.877083333332898 ], [ 96.852083333332729, 27.877083333332898 ], [ 96.843749999999403, 27.881249999999561 ] ] } },
{ "type": "Feature", "properties": { }, "geometry": { "type": "LineString", "coordinates": [ [ 96.897916666666021, 27.88541666666621 ], [ 96.893749999999358, 27.88541666666621 ], [ 96.885416666666146, 27.877083333332898 ], [ 96.877083333332763, 27.877083333332898 ] ] } },
{ "type": "Feature", "properties": { }, "geometry": { "type": "LineString", "coordinates": [ [ 96.931249999999324, 27.881249999999561 ], [ 96.927083333332718, 27.88541666666621 ] ] } },
{ "type": "Feature", "properties": { }, "geometry": { "type": "LineString", "coordinates": [ [ 96.843749999999403, 27.881249999999561 ], [ 96.83958333333274, 27.88541666666621 ] ] } },
{ "type": "Feature", "properties": { }, "geometry": { "type": "LineString", "coordinates": [ [ 96.927083333332718, 27.88541666666621 ], [ 96.922916666665998, 27.88541666666621 ] ] } },
{ "type": "Feature", "properties": { }, "geometry": { "type": "LineString", "coordinates": [ [ 96.922916666665998, 27.88541666666621 ], [ 96.914583333332672, 27.88541666666621 ], [ 96.910416666666009, 27.889583333332872 ] ] } },
{ "type": "Feature", "properties": { }, "geometry": { "type": "LineString", "coordinates": [ [ 96.83958333333274, 27.88541666666621 ], [ 96.835416666666077, 27.889583333332872 ] ] } },
{ "type": "Feature", "properties": { }, "geometry": { "type": "LineString", "coordinates": [ [ 96.910416666666009, 27.889583333332872 ], [ 96.906249999999346, 27.88541666666621 ], [ 96.897916666666021, 27.88541666666621 ] ] } },
{ "type": "Feature", "properties": { }, "geometry": { "type": "LineString", "coordinates": [ [ 96.927083333332718, 27.893749999999578 ], [ 96.922916666665998, 27.88541666666621 ] ] } },
{ "type": "Feature", "properties": { }, "geometry": { "type": "LineString", "coordinates": [ [ 96.835416666666077, 27.889583333332872 ], [ 96.827083333332695, 27.893749999999578 ] ] } },
{ "type": "Feature", "properties": { }, "geometry": { "type": "LineString", "coordinates": [ [ 96.827083333332695, 27.893749999999578 ], [ 96.810416666666043, 27.893749999999578 ] ] } },
{ "type": "Feature", "properties": { }, "geometry": { "type": "LineString", "coordinates": [ [ 96.939583333332706, 27.902083333332889 ], [ 96.927083333332718, 27.893749999999578 ] ] } },
{ "type": "Feature", "properties": { }, "geometry": { "type": "LineString", "coordinates": [ [ 96.810416666666043, 27.893749999999578 ], [ 96.802083333332718, 27.902083333332889 ], [ 96.802083333332718, 27.906249999999552 ] ] } },
{ "type": "Feature", "properties": { }, "geometry": { "type": "LineString", "coordinates": [ [ 96.939583333332706, 27.906249999999552 ], [ 96.939583333332706, 27.902083333332889 ] ] } },
{ "type": "Feature", "properties": { }, "geometry": { "type": "LineString", "coordinates": [ [ 96.802083333332718, 27.906249999999552 ], [ 96.793749999999392, 27.914583333332864 ] ] } },
{ "type": "Feature", "properties": { }, "geometry": { "type": "LineString", "coordinates": [ [ 96.956249999999358, 27.922916666666232 ], [ 96.939583333332706, 27.906249999999552 ] ] } },
{ "type": "Feature", "properties": { }, "geometry": { "type": "LineString", "coordinates": [ [ 96.793749999999392, 27.914583333332864 ], [ 96.789583333332672, 27.922916666666232 ] ] } },
{ "type": "Feature", "properties": { }, "geometry": { "type": "LineString", "coordinates": [ [ 96.960416666666077, 27.927083333332881 ], [ 96.956249999999358, 27.922916666666232 ] ] } },
{ "type": "Feature", "properties": { }, "geometry": { "type": "LineString", "coordinates": [ [ 96.789583333332672, 27.922916666666232 ], [ 96.789583333332672, 27.927083333332881 ] ] } },
{ "type": "Feature", "properties": { }, "geometry": { "type": "LineString", "coordinates": [ [ 96.789583333332672, 27.927083333332881 ], [ 96.785416666666066, 27.935416666666207 ] ] } },
{ "type": "Feature", "properties": { }, "geometry": { "type": "LineString", "coordinates": [ [ 96.785416666666066, 27.935416666666207 ], [ 96.777083333332683, 27.935416666666207 ] ] } },
{ "type": "Feature", "properties": { }, "geometry": { "type": "LineString", "coordinates": [ [ 96.968749999999403, 27.943749999999561 ], [ 96.960416666666077, 27.927083333332881 ] ] } },
{ "type": "Feature", "properties": { }, "geometry": { "type": "LineString", "coordinates": [ [ 96.777083333332683, 27.935416666666207 ], [ 96.768749999999358, 27.935416666666207 ], [ 96.764583333332695, 27.939583333332898 ] ] } },
{ "type": "Feature", "properties": { }, "geometry": { "type": "LineString", "coordinates": [ [ 96.764583333332695, 27.939583333332898 ], [ 96.760416666666032, 27.939583333332898 ] ] } },
{ "type": "Feature", "properties": { }, "geometry": { "type": "LineString", "coordinates": [ [ 96.760416666666032, 27.939583333332898 ], [ 96.756249999999369, 27.939583333332898 ] ] } },
{ "type": "Feature", "properties": { }, "geometry": { "type": "LineString", "coordinates": [ [ 96.756249999999369, 27.939583333332898 ], [ 96.75208333333282, 27.943749999999561 ] ] } },
{ "type": "Feature", "properties": { }, "geometry": { "type": "LineString", "coordinates": [ [ 96.75208333333282, 27.943749999999561 ], [ 96.7479166666661, 27.947916666666224 ] ] } },
{ "type": "Feature", "properties": { }, "geometry": { "type": "LineString", "coordinates": [ [ 96.7479166666661, 27.947916666666224 ], [ 96.743749999999324, 27.947916666666224 ] ] } },
{ "type": "Feature", "properties": { }, "geometry": { "type": "LineString", "coordinates": [ [ 96.96458333333274, 27.956249999999535 ], [ 96.968749999999403, 27.943749999999561 ] ] } },
{ "type": "Feature", "properties": { }, "geometry": { "type": "LineString", "coordinates": [ [ 96.968749999999403, 27.968749999999552 ], [ 96.968749999999403, 27.960416666666241 ], [ 96.96458333333274, 27.956249999999535 ] ] } },
{ "type": "Feature", "properties": { }, "geometry": { "type": "LineString", "coordinates": [ [ 96.968749999999403, 27.985416666666232 ], [ 96.968749999999403, 27.968749999999552 ] ] } },
{ "type": "Feature", "properties": { }, "geometry": { "type": "LineString", "coordinates": [ [ 96.7479166666661, 27.993749999999544 ], [ 96.743749999999324, 27.993749999999544 ] ] } },
{ "type": "Feature", "properties": { }, "geometry": { "type": "LineString", "coordinates": [ [ 96.96458333333274, 28.002083333332898 ], [ 96.972916666666066, 27.993749999999544 ], [ 96.968749999999403, 27.985416666666232 ] ] } },
{ "type": "Feature", "properties": { }, "geometry": { "type": "LineString", "coordinates": [ [ 96.756249999999369, 28.002083333332898 ], [ 96.7479166666661, 27.993749999999544 ] ] } },
{ "type": "Feature", "properties": { }, "geometry": { "type": "LineString", "coordinates": [ [ 96.760416666666032, 28.010416666666224 ], [ 96.756249999999369, 28.002083333332898 ] ] } },
{ "type": "Feature", "properties": { }, "geometry": { "type": "LineString", "coordinates": [ [ 97.147916666666021, 27.843749999999552 ], [ 97.139583333332752, 27.839583333332889 ] ] } },
{ "type": "Feature", "properties": { }, "geometry": { "type": "LineString", "coordinates": [ [ 97.156249999999346, 27.843749999999552 ], [ 97.147916666666021, 27.843749999999552 ] ] } },
{ "type": "Feature", "properties": { }, "geometry": { "type": "LineString", "coordinates": [ [ 97.181249999999324, 27.856249999999569 ], [ 97.172916666665998, 27.847916666666201 ], [ 97.160416666666009, 27.847916666666201 ], [ 97.156249999999346, 27.843749999999552 ] ] } },
{ "type": "Feature", "properties": { }, "geometry": { "type": "LineString", "coordinates": [ [ 97.185416666666043, 27.860416666666218 ], [ 97.181249999999324, 27.856249999999569 ] ] } },
{ "type": "Feature", "properties": { }, "geometry": { "type": "LineString", "coordinates": [ [ 97.206249999999358, 27.881249999999561 ], [ 97.206249999999358, 27.877083333332898 ], [ 97.189583333332706, 27.860416666666218 ], [ 97.185416666666043, 27.860416666666218 ] ] } },
{ "type": "Feature", "properties": { }, "geometry": { "type": "LineString", "coordinates": [ [ 97.010416666666146, 28.110416666666232 ], [ 97.006249999999426, 28.106249999999569 ] ] } },
{ "type": "Feature", "properties": { }, "geometry": { "type": "LineString", "coordinates": [ [ 97.022916666666021, 28.127083333332912 ], [ 97.010416666666146, 28.114583333332895 ], [ 97.010416666666146, 28.110416666666232 ] ] } },
{ "type": "Feature", "properties": { }, "geometry": { "type": "LineString", "coordinates": [ [ 97.027083333332683, 28.14374999999955 ], [ 97.027083333332683, 28.131249999999575 ], [ 97.022916666666021, 28.127083333332912 ] ] } },
{ "type": "Feature", "properties": { }, "geometry": { "type": "LineString", "coordinates": [ [ 97.027083333332683, 28.152083333332861 ], [ 97.027083333332683, 28.14374999999955 ] ] } },
{ "type": "Feature", "properties": { }, "geometry": { "type": "LineString", "coordinates": [ [ 97.193749999999369, 28.147916666666198 ], [ 97.177083333332718, 28.160416666666215 ] ] } },
{ "type": "Feature", "properties": { }, "geometry": { "type": "LineString", "coordinates": [ [ 96.96458333333274, 28.010416666666224 ], [ 96.96458333333274, 28.002083333332898 ] ] } },
{ "type": "Feature", "properties": { }, "geometry": { "type": "LineString", "coordinates": [ [ 96.96458333333274, 28.014583333332887 ], [ 96.96458333333274, 28.010416666666224 ] ] } },
{ "type": "Feature", "properties": { }, "geometry": { "type": "LineString", "coordinates": [ [ 96.760416666666032, 28.027083333332904 ], [ 96.764583333332695, 28.018749999999535 ], [ 96.760416666666032, 28.010416666666224 ] ] } },
{ "type": "Feature", "properties": { }, "geometry": { "type": "LineString", "coordinates": [ [ 96.972916666666066, 28.035416666666215 ], [ 96.968749999999403, 28.027083333332904 ], [ 96.968749999999403, 28.018749999999535 ], [ 96.96458333333274, 28.014583333332887 ] ] } },
{ "type": "Feature", "properties": { }, "geometry": { "type": "LineString", "coordinates": [ [ 96.760416666666032, 28.035416666666215 ], [ 96.760416666666032, 28.027083333332904 ] ] } },
{ "type": "Feature", "properties": { }, "geometry": { "type": "LineString", "coordinates": [ [ 96.764583333332695, 28.043749999999569 ], [ 96.760416666666032, 28.035416666666215 ] ] } },
{ "type": "Feature", "properties": { }, "geometry": { "type": "LineString", "coordinates": [ [ 96.972916666666066, 28.043749999999569 ], [ 96.972916666666066, 28.035416666666215 ] ] } },
{ "type": "Feature", "properties": { }, "geometry": { "type": "LineString", "coordinates": [ [ 96.977083333332729, 28.047916666666232 ], [ 96.972916666666066, 28.043749999999569 ] ] } },
{ "type": "Feature", "properties": { }, "geometry": { "type": "LineString", "coordinates": [ [ 96.772916666666021, 28.056249999999544 ], [ 96.764583333332695, 28.043749999999569 ] ] } },
{ "type": "Feature", "properties": { }, "geometry": { "type": "LineString", "coordinates": [ [ 96.981249999999392, 28.056249999999544 ], [ 96.977083333332729, 28.047916666666232 ] ] } },
{ "type": "Feature", "properties": { }, "geometry": { "type": "LineString", "coordinates": [ [ 97.035416666666009, 28.160416666666215 ], [ 97.027083333332683, 28.152083333332861 ] ] } },
{ "type": "Feature", "properties": { }, "geometry": { "type": "LineString", "coordinates": [ [ 97.177083333332718, 28.160416666666215 ], [ 97.164583333332672, 28.160416666666215 ], [ 97.160416666666009, 28.164583333332878 ] ] } },
{ "type": "Feature", "properties": { }, "geometry": { "type": "LineString", "coordinates": [ [ 97.156249999999346, 28.164583333332878 ], [ 97.147916666666021, 28.164583333332878 ] ] } },
{ "type": "Feature", "properties": { }, "geometry": { "type": "LineString", "coordinates": [ [ 97.147916666666021, 28.164583333332878 ], [ 97.143749999999471, 28.164583333332878 ] ] } },
{ "type": "Feature", "properties": { }, "geometry": { "type": "LineString", "coordinates": [ [ 97.143749999999471, 28.164583333332878 ], [ 97.139583333332752, 28.164583333332878 ] ] } },
{ "type": "Feature", "properties": { }, "geometry": { "type": "LineString", "coordinates": [ [ 97.160416666666009, 28.164583333332878 ], [ 97.156249999999346, 28.164583333332878 ] ] } },
{ "type": "Feature", "properties": { }, "geometry": { "type": "LineString", "coordinates": [ [ 97.106249999999392, 28.164583333332878 ], [ 97.097916666666066, 28.164583333332878 ] ] } },
{ "type": "Feature", "properties": { }, "geometry": { "type": "LineString", "coordinates": [ [ 97.097916666666066, 28.164583333332878 ], [ 97.077083333332695, 28.164583333332878 ], [ 97.068749999999369, 28.168749999999541 ] ] } },
{ "type": "Feature", "properties": { }, "geometry": { "type": "LineString", "coordinates": [ [ 97.139583333332752, 28.164583333332878 ], [ 97.127083333332763, 28.164583333332878 ], [ 97.118749999999437, 28.168749999999541 ] ] } },
{ "type": "Feature", "properties": { }, "geometry": { "type": "LineString", "coordinates": [ [ 97.118749999999437, 28.168749999999541 ], [ 97.106249999999392, 28.164583333332878 ] ] } },
{ "type": "Feature", "properties": { }, "geometry": { "type": "LineString", "coordinates": [ [ 97.035416666666009, 28.177083333332895 ], [ 97.031249999999346, 28.172916666666232 ], [ 97.031249999999346, 28.164583333332878 ], [ 97.035416666666009, 28.160416666666215 ] ] } },
{ "type": "Feature", "properties": { }, "geometry": { "type": "LineString", "coordinates": [ [ 97.068749999999369, 28.168749999999541 ], [ 97.060416666666043, 28.168749999999541 ], [ 97.052083333332718, 28.177083333332895 ], [ 97.043749999999392, 28.172916666666232 ], [ 97.035416666666009, 28.177083333332895 ] ] } },
{ "type": "Feature", "properties": { }, "geometry": { "type": "LineString", "coordinates": [ [ 97.035416666666009, 28.185416666666207 ], [ 97.035416666666009, 28.177083333332895 ] ] } },
{ "type": "Feature", "properties": { }, "geometry": { "type": "LineString", "coordinates": [ [ 97.027083333332683, 28.20624999999955 ], [ 97.031249999999346, 28.202083333332887 ], [ 97.031249999999346, 28.193749999999575 ], [ 97.035416666666009, 28.185416666666207 ] ] } },
{ "type": "Feature", "properties": { }, "geometry": { "type": "LineString", "coordinates": [ [ 97.027083333332683, 28.218749999999567 ], [ 97.027083333332683, 28.20624999999955 ] ] } },
{ "type": "Feature", "properties": { }, "geometry": { "type": "LineString", "coordinates": [ [ 97.031249999999346, 28.222916666666229 ], [ 97.027083333332683, 28.218749999999567 ] ] } },
{ "type": "Feature", "properties": { }, "geometry": { "type": "LineString", "coordinates": [ [ 97.031249999999346, 28.235416666666246 ], [ 97.035416666666009, 28.231249999999541 ], [ 97.031249999999346, 28.222916666666229 ] ] } },
{ "type": "Feature", "properties": { }, "geometry": { "type": "LineString", "coordinates": [ [ 97.027083333332683, 28.243749999999558 ], [ 97.031249999999346, 28.235416666666246 ] ] } },
{ "type": "Feature", "properties": { }, "geometry": { "type": "LineString", "coordinates": [ [ 97.031249999999346, 28.25208333333287 ], [ 97.027083333332683, 28.243749999999558 ] ] } },
{ "type": "Feature", "properties": { }, "geometry": { "type": "LineString", "coordinates": [ [ 97.022916666666021, 28.260416666666238 ], [ 97.031249999999346, 28.25208333333287 ] ] } },
{ "type": "Feature", "properties": { }, "geometry": { "type": "LineString", "coordinates": [ [ 96.11874999999938, 27.972916666666215 ], [ 96.102083333332672, 27.964583333332889 ], [ 96.081249999999358, 27.943749999999561 ], [ 96.081249999999358, 27.939583333332898 ], [ 96.068749999999426, 27.927083333332881 ], [ 96.068749999999426, 27.922916666666232 ], [ 96.056249999999437, 27.910416666666244 ] ] } },
{ "type": "Feature", "properties": { }, "geometry": { "type": "LineString", "coordinates": [ [ 96.031249999999403, 28.235416666666246 ], [ 96.039583333332729, 28.243749999999558 ] ] } },
{ "type": "Feature", "properties": { }, "geometry": { "type": "LineString", "coordinates": [ [ 96.039583333332729, 28.243749999999558 ], [ 96.039583333332729, 28.25208333333287 ] ] } },
{ "type": "Feature", "properties": { }, "geometry": { "type": "LineString", "coordinates": [ [ 96.039583333332729, 28.25208333333287 ], [ 96.039583333332729, 28.260416666666238 ], [ 96.035416666666066, 28.264583333332887 ] ] } },
{ "type": "Feature", "properties": { }, "geometry": { "type": "LineString", "coordinates": [ [ 96.035416666666066, 28.264583333332887 ], [ 96.031249999999403, 28.26874999999955 ] ] } },
{ "type": "Feature", "properties": { }, "geometry": { "type": "LineString", "coordinates": [ [ 96.031249999999403, 28.26874999999955 ], [ 96.02708333333274, 28.277083333332861 ] ] } },
{ "type": "Feature", "properties": { }, "geometry": { "type": "LineString", "coordinates": [ [ 96.02708333333274, 28.277083333332861 ], [ 96.018749999999415, 28.293749999999541 ] ] } },
{ "type": "Feature", "properties": { }, "geometry": { "type": "LineString", "coordinates": [ [ 96.018749999999415, 28.293749999999541 ], [ 96.014583333332695, 28.302083333332895 ] ] } },
{ "type": "Feature", "properties": { }, "geometry": { "type": "LineString", "coordinates": [ [ 96.039583333332729, 28.302083333332895 ], [ 96.02708333333274, 28.302083333332895 ] ] } },
{ "type": "Feature", "properties": { }, "geometry": { "type": "LineString", "coordinates": [ [ 96.02708333333274, 28.302083333332895 ], [ 96.014583333332695, 28.302083333332895 ] ] } },
{ "type": "Feature", "properties": { }, "geometry": { "type": "LineString", "coordinates": [ [ 95.710416666666021, 28.118749999999558 ], [ 95.71458333333274, 28.114583333332895 ], [ 95.71458333333274, 28.106249999999569 ], [ 95.706249999999528, 28.097916666666215 ], [ 95.706249999999528, 28.089583333332904 ], [ 95.702083333332695, 28.085416666666198 ] ] } },
{ "type": "Feature", "properties": { }, "geometry": { "type": "LineString", "coordinates": [ [ 95.568749999999369, 28.110416666666232 ], [ 95.568749999999369, 28.106249999999569 ] ] } },
{ "type": "Feature", "properties": { }, "geometry": { "type": "LineString", "coordinates": [ [ 95.664583333332786, 28.114583333332895 ], [ 95.668749999999449, 28.106249999999569 ] ] } },
{ "type": "Feature", "properties": { }, "geometry": { "type": "LineString", "coordinates": [ [ 95.568749999999369, 28.118749999999558 ], [ 95.568749999999369, 28.110416666666232 ] ] } },
{ "type": "Feature", "properties": { }, "geometry": { "type": "LineString", "coordinates": [ [ 95.664583333332786, 28.122916666666207 ], [ 95.664583333332786, 28.114583333332895 ] ] } },
{ "type": "Feature", "properties": { }, "geometry": { "type": "LineString", "coordinates": [ [ 95.568749999999369, 28.122916666666207 ], [ 95.568749999999369, 28.118749999999558 ] ] } },
{ "type": "Feature", "properties": { }, "geometry": { "type": "LineString", "coordinates": [ [ 95.664583333332786, 28.127083333332912 ], [ 95.664583333332786, 28.122916666666207 ] ] } },
{ "type": "Feature", "properties": { }, "geometry": { "type": "LineString", "coordinates": [ [ 95.718749999999346, 28.131249999999575 ], [ 95.718749999999346, 28.127083333332912 ], [ 95.710416666666021, 28.118749999999558 ] ] } },
{ "type": "Feature", "properties": { }, "geometry": { "type": "LineString", "coordinates": [ [ 95.664583333332786, 28.14374999999955 ], [ 95.664583333332786, 28.127083333332912 ] ] } },
{ "type": "Feature", "properties": { }, "geometry": { "type": "LineString", "coordinates": [ [ 95.564583333332706, 28.152083333332861 ], [ 95.568749999999369, 28.14374999999955 ], [ 95.568749999999369, 28.122916666666207 ] ] } },
{ "type": "Feature", "properties": { }, "geometry": { "type": "LineString", "coordinates": [ [ 95.810416666666157, 27.989583333332881 ], [ 95.818749999999369, 27.981249999999569 ], [ 95.818749999999369, 27.976733268956778 ] ] } },
{ "type": "Feature", "properties": { }, "geometry": { "type": "LineString", "coordinates": [ [ 95.81458333333282, 27.993749999999544 ], [ 95.810416666666157, 27.989583333332881 ] ] } },
{ "type": "Feature", "properties": { }, "geometry": { "type": "LineString", "coordinates": [ [ 95.772916666666077, 28.343749999999524 ], [ 95.772916666666077, 28.335416666666212 ], [ 95.77708333333274, 28.33124999999955 ], [ 95.772916666666077, 28.322916666666238 ] ] } },
{ "type": "Feature", "properties": { }, "geometry": { "type": "LineString", "coordinates": [ [ 95.672916666666111, 28.156249999999567 ], [ 95.664583333332786, 28.147916666666198 ], [ 95.664583333332786, 28.14374999999955 ] ] } },
{ "type": "Feature", "properties": { }, "geometry": { "type": "LineString", "coordinates": [ [ 95.560416666666043, 28.164583333332878 ], [ 95.560416666666043, 28.156249999999567 ], [ 95.564583333332706, 28.152083333332861 ] ] } },
{ "type": "Feature", "properties": { }, "geometry": { "type": "LineString", "coordinates": [ [ 95.681249999999494, 28.164583333332878 ], [ 95.672916666666111, 28.156249999999567 ] ] } },
{ "type": "Feature", "properties": { }, "geometry": { "type": "LineString", "coordinates": [ [ 95.685416666666157, 28.168749999999541 ], [ 95.681249999999494, 28.164583333332878 ] ] } },
{ "type": "Feature", "properties": { }, "geometry": { "type": "LineString", "coordinates": [ [ 95.681249999999494, 28.185416666666207 ], [ 95.681249999999494, 28.177083333332895 ], [ 95.685416666666157, 28.168749999999541 ] ] } },
{ "type": "Feature", "properties": { }, "geometry": { "type": "LineString", "coordinates": [ [ 95.681249999999494, 28.202083333332887 ], [ 95.677083333332774, 28.193749999999575 ], [ 95.681249999999494, 28.185416666666207 ] ] } },
{ "type": "Feature", "properties": { }, "geometry": { "type": "LineString", "coordinates": [ [ 95.681249999999494, 28.214583333332861 ], [ 95.681249999999494, 28.202083333332887 ] ] } },
{ "type": "Feature", "properties": { }, "geometry": { "type": "LineString", "coordinates": [ [ 95.685416666666157, 28.222916666666229 ], [ 95.681249999999494, 28.214583333332861 ] ] } },
{ "type": "Feature", "properties": { }, "geometry": { "type": "LineString", "coordinates": [ [ 95.556249999999494, 28.231249999999541 ], [ 95.560416666666043, 28.222916666666229 ], [ 95.556249999999494, 28.214583333332861 ] ] } },
{ "type": "Feature", "properties": { }, "geometry": { "type": "LineString", "coordinates": [ [ 95.685416666666157, 28.235416666666246 ], [ 95.685416666666157, 28.222916666666229 ] ] } },
{ "type": "Feature", "properties": { }, "geometry": { "type": "LineString", "coordinates": [ [ 95.693749999999369, 28.264583333332887 ], [ 95.693749999999369, 28.247916666666221 ], [ 95.685416666666157, 28.235416666666246 ] ] } },
{ "type": "Feature", "properties": { }, "geometry": { "type": "LineString", "coordinates": [ [ 95.560416666666043, 28.256249999999532 ], [ 95.556249999999494, 28.247916666666221 ] ] } },
{ "type": "Feature", "properties": { }, "geometry": { "type": "LineString", "coordinates": [ [ 95.697916666666146, 28.272916666666255 ], [ 95.693749999999369, 28.264583333332887 ] ] } },
{ "type": "Feature", "properties": { }, "geometry": { "type": "LineString", "coordinates": [ [ 95.702083333332695, 28.277083333332861 ], [ 95.697916666666146, 28.272916666666255 ] ] } },
{ "type": "Feature", "properties": { }, "geometry": { "type": "LineString", "coordinates": [ [ 95.710416666666021, 28.289583333332878 ], [ 95.710416666666021, 28.285416666666229 ], [ 95.702083333332695, 28.277083333332861 ] ] } },
{ "type": "Feature", "properties": { }, "geometry": { "type": "LineString", "coordinates": [ [ 95.71458333333274, 28.293749999999541 ], [ 95.710416666666021, 28.289583333332878 ] ] } },
{ "type": "Feature", "properties": { }, "geometry": { "type": "LineString", "coordinates": [ [ 95.722916666666066, 28.297916666666246 ], [ 95.71458333333274, 28.293749999999541 ] ] } },
{ "type": "Feature", "properties": { }, "geometry": { "type": "LineString", "coordinates": [ [ 95.727083333332729, 28.302083333332895 ], [ 95.722916666666066, 28.297916666666246 ] ] } },
{ "type": "Feature", "properties": { }, "geometry": { "type": "LineString", "coordinates": [ [ 95.731249999999392, 28.306249999999558 ], [ 95.727083333332729, 28.302083333332895 ] ] } },
{ "type": "Feature", "properties": { }, "geometry": { "type": "LineString", "coordinates": [ [ 95.735416666666055, 28.306249999999558 ], [ 95.731249999999392, 28.306249999999558 ] ] } },
{ "type": "Feature", "properties": { }, "geometry": { "type": "LineString", "coordinates": [ [ 96.056249999999437, 28.302083333332895 ], [ 96.043749999999392, 28.302083333332895 ] ] } },
{ "type": "Feature", "properties": { }, "geometry": { "type": "LineString", "coordinates": [ [ 96.043749999999392, 28.302083333332895 ], [ 96.039583333332729, 28.302083333332895 ] ] } },
{ "type": "Feature", "properties": { }, "geometry": { "type": "LineString", "coordinates": [ [ 96.014583333332695, 28.302083333332895 ], [ 96.010416666666032, 28.306249999999558 ] ] } },
{ "type": "Feature", "properties": { }, "geometry": { "type": "LineString", "coordinates": [ [ 96.0604166666661, 28.306249999999558 ], [ 96.056249999999437, 28.302083333332895 ] ] } },
{ "type": "Feature", "properties": { }, "geometry": { "type": "LineString", "coordinates": [ [ 96.072916666666146, 28.314583333332884 ], [ 96.0604166666661, 28.306249999999558 ] ] } },
{ "type": "Feature", "properties": { }, "geometry": { "type": "LineString", "coordinates": [ [ 96.010416666666032, 28.306249999999558 ], [ 96.002083333332706, 28.314583333332884 ] ] } },
{ "type": "Feature", "properties": { }, "geometry": { "type": "LineString", "coordinates": [ [ 96.085416666666021, 28.322916666666238 ], [ 96.072916666666146, 28.314583333332884 ] ] } },
{ "type": "Feature", "properties": { }, "geometry": { "type": "LineString", "coordinates": [ [ 96.002083333332706, 28.314583333332884 ], [ 95.99374999999938, 28.33124999999955 ] ] } },
{ "type": "Feature", "properties": { }, "geometry": { "type": "LineString", "coordinates": [ [ 96.093749999999346, 28.327083333332901 ], [ 96.085416666666021, 28.322916666666238 ] ] } },
{ "type": "Feature", "properties": { }, "geometry": { "type": "LineString", "coordinates": [ [ 95.99374999999938, 28.33124999999955 ], [ 95.985416666666055, 28.33124999999955 ] ] } },
{ "type": "Feature", "properties": { }, "geometry": { "type": "LineString", "coordinates": [ [ 95.74374999999938, 28.314583333332884 ], [ 95.735416666666055, 28.306249999999558 ] ] } },
{ "type": "Feature", "properties": { }, "geometry": { "type": "LineString", "coordinates": [ [ 95.752083333332706, 28.322916666666238 ], [ 95.74374999999938, 28.314583333332884 ] ] } },
{ "type": "Feature", "properties": { }, "geometry": { "type": "LineString", "coordinates": [ [ 95.772916666666077, 28.322916666666238 ], [ 95.768749999999415, 28.327083333332901 ], [ 95.756249999999369, 28.327083333332901 ], [ 95.752083333332706, 28.322916666666238 ] ] } },
{ "type": "Feature", "properties": { }, "geometry": { "type": "LineString", "coordinates": [ [ 95.764583333332752, 28.364583333332909 ], [ 95.768749999999415, 28.364583333332909 ] ] } },
{ "type": "Feature", "properties": { }, "geometry": { "type": "LineString", "coordinates": [ [ 95.747916666666043, 28.372916666666221 ], [ 95.764583333332752, 28.364583333332909 ] ] } },
{ "type": "Feature", "properties": { }, "geometry": { "type": "LineString", "coordinates": [ [ 95.772916666666077, 28.377083333332884 ], [ 95.772916666666077, 28.368749999999558 ], [ 95.768749999999415, 28.364583333332909 ] ] } },
{ "type": "Feature", "properties": { }, "geometry": { "type": "LineString", "coordinates": [ [ 95.731249999999392, 28.372916666666221 ], [ 95.739583333332718, 28.372916666666221 ] ] } },
{ "type": "Feature", "properties": { }, "geometry": { "type": "LineString", "coordinates": [ [ 95.739583333332718, 28.372916666666221 ], [ 95.74374999999938, 28.372916666666221 ] ] } },
{ "type": "Feature", "properties": { }, "geometry": { "type": "LineString", "coordinates": [ [ 95.727083333332729, 28.372916666666221 ], [ 95.731249999999392, 28.372916666666221 ] ] } },
{ "type": "Feature", "properties": { }, "geometry": { "type": "LineString", "coordinates": [ [ 95.74374999999938, 28.372916666666221 ], [ 95.747916666666043, 28.372916666666221 ] ] } },
{ "type": "Feature", "properties": { }, "geometry": { "type": "LineString", "coordinates": [ [ 95.985416666666055, 28.33124999999955 ], [ 95.977083333332672, 28.335416666666212 ] ] } },
{ "type": "Feature", "properties": { }, "geometry": { "type": "LineString", "coordinates": [ [ 96.106249999999392, 28.343749999999524 ], [ 96.093749999999346, 28.327083333332901 ] ] } },
{ "type": "Feature", "properties": { }, "geometry": { "type": "LineString", "coordinates": [ [ 95.977083333332672, 28.335416666666212 ], [ 95.97291666666618, 28.335416666666212 ], [ 95.964583333332797, 28.343749999999524 ] ] } },
{ "type": "Feature", "properties": { }, "geometry": { "type": "LineString", "coordinates": [ [ 96.122916666666043, 28.343749999999524 ], [ 96.106249999999392, 28.343749999999524 ] ] } },
{ "type": "Feature", "properties": { }, "geometry": { "type": "LineString", "coordinates": [ [ 95.964583333332797, 28.343749999999524 ], [ 95.956249999999358, 28.347916666666229 ] ] } },
{ "type": "Feature", "properties": { }, "geometry": { "type": "LineString", "coordinates": [ [ 95.956249999999358, 28.347916666666229 ], [ 95.943749999999483, 28.364583333332909 ] ] } },
{ "type": "Feature", "properties": { }, "geometry": { "type": "LineString", "coordinates": [ [ 95.943749999999483, 28.364583333332909 ], [ 95.9354166666661, 28.368749999999558 ], [ 95.918749999999449, 28.385416666666195 ] ] } },
{ "type": "Feature", "properties": { }, "geometry": { "type": "LineString", "coordinates": [ [ 95.956249999999358, 28.389583333332901 ], [ 95.952083333332695, 28.385416666666195 ], [ 95.931249999999437, 28.385416666666195 ], [ 95.927083333332774, 28.389583333332901 ] ] } },
{ "type": "Feature", "properties": { }, "geometry": { "type": "LineString", "coordinates": [ [ 95.927083333332774, 28.389583333332901 ], [ 95.922916666666111, 28.389583333332901 ] ] } },
{ "type": "Feature", "properties": { }, "geometry": { "type": "LineString", "coordinates": [ [ 95.97291666666618, 28.397916666666212 ], [ 95.956249999999358, 28.389583333332901 ] ] } },
{ "type": "Feature", "properties": { }, "geometry": { "type": "LineString", "coordinates": [ [ 95.772916666666077, 28.347916666666229 ], [ 95.772916666666077, 28.343749999999524 ] ] } },
{ "type": "Feature", "properties": { }, "geometry": { "type": "LineString", "coordinates": [ [ 95.768749999999415, 28.364583333332909 ], [ 95.772916666666077, 28.356249999999541 ], [ 95.772916666666077, 28.347916666666229 ] ] } },
{ "type": "Feature", "properties": { }, "geometry": { "type": "LineString", "coordinates": [ [ 95.77708333333274, 28.381249999999532 ], [ 95.772916666666077, 28.377083333332884 ] ] } },
{ "type": "Feature", "properties": { }, "geometry": { "type": "LineString", "coordinates": [ [ 95.781249999999403, 28.385416666666195 ], [ 95.77708333333274, 28.381249999999532 ] ] } },
{ "type": "Feature", "properties": { }, "geometry": { "type": "LineString", "coordinates": [ [ 95.918749999999449, 28.385416666666195 ], [ 95.922916666666111, 28.389583333332901 ] ] } },
{ "type": "Feature", "properties": { }, "geometry": { "type": "LineString", "coordinates": [ [ 95.785416666666123, 28.389583333332901 ], [ 95.781249999999403, 28.385416666666195 ] ] } },
{ "type": "Feature", "properties": { }, "geometry": { "type": "LineString", "coordinates": [ [ 95.785416666666123, 28.39374999999955 ], [ 95.785416666666123, 28.389583333332901 ] ] } },
{ "type": "Feature", "properties": { }, "geometry": { "type": "LineString", "coordinates": [ [ 95.922916666666111, 28.389583333332901 ], [ 95.914583333332729, 28.397916666666212 ] ] } },
{ "type": "Feature", "properties": { }, "geometry": { "type": "LineString", "coordinates": [ [ 95.797916666666111, 28.406249999999524 ], [ 95.789583333332786, 28.402083333332875 ], [ 95.785416666666123, 28.39374999999955 ] ] } },
{ "type": "Feature", "properties": { }, "geometry": { "type": "LineString", "coordinates": [ [ 95.914583333332729, 28.397916666666212 ], [ 95.90208333333274, 28.397916666666212 ], [ 95.897916666666077, 28.402083333332875 ] ] } },
{ "type": "Feature", "properties": { }, "geometry": { "type": "LineString", "coordinates": [ [ 95.722916666666066, 28.372916666666221 ], [ 95.727083333332729, 28.372916666666221 ] ] } },
{ "type": "Feature", "properties": { }, "geometry": { "type": "LineString", "coordinates": [ [ 95.702083333332695, 28.389583333332901 ], [ 95.722916666666066, 28.372916666666221 ] ] } },
{ "type": "Feature", "properties": { }, "geometry": { "type": "LineString", "coordinates": [ [ 95.697916666666146, 28.39374999999955 ], [ 95.702083333332695, 28.389583333332901 ] ] } },
{ "type": "Feature", "properties": { }, "geometry": { "type": "LineString", "coordinates": [ [ 95.693749999999369, 28.397916666666212 ], [ 95.697916666666146, 28.39374999999955 ] ] } },
{ "type": "Feature", "properties": { }, "geometry": { "type": "LineString", "coordinates": [ [ 95.685416666666157, 28.397916666666212 ], [ 95.693749999999369, 28.397916666666212 ] ] } },
{ "type": "Feature", "properties": { }, "geometry": { "type": "LineString", "coordinates": [ [ 95.681249999999494, 28.402083333332875 ], [ 95.685416666666157, 28.397916666666212 ] ] } },
{ "type": "Feature", "properties": { }, "geometry": { "type": "LineString", "coordinates": [ [ 95.65624999999946, 28.402083333332875 ], [ 95.660416666666123, 28.402083333332875 ] ] } },
{ "type": "Feature", "properties": { }, "geometry": { "type": "LineString", "coordinates": [ [ 95.664583333332786, 28.402083333332875 ], [ 95.668749999999449, 28.402083333332875 ] ] } },
{ "type": "Feature", "properties": { }, "geometry": { "type": "LineString", "coordinates": [ [ 95.65208333333274, 28.402083333332875 ], [ 95.65624999999946, 28.402083333332875 ] ] } },
{ "type": "Feature", "properties": { }, "geometry": { "type": "LineString", "coordinates": [ [ 95.672916666666111, 28.402083333332875 ], [ 95.681249999999494, 28.402083333332875 ] ] } },
{ "type": "Feature", "properties": { }, "geometry": { "type": "LineString", "coordinates": [ [ 96.672916666666055, 27.956249999999535 ], [ 96.656249999999346, 27.968749999999552 ] ] } },
{ "type": "Feature", "properties": { }, "geometry": { "type": "LineString", "coordinates": [ [ 96.71458333333274, 27.972916666666215 ], [ 96.710416666666077, 27.960416666666241 ] ] } },
{ "type": "Feature", "properties": { }, "geometry": { "type": "LineString", "coordinates": [ [ 96.718749999999403, 27.977083333332907 ], [ 96.71458333333274, 27.972916666666215 ] ] } },
{ "type": "Feature", "properties": { }, "geometry": { "type": "LineString", "coordinates": [ [ 96.656249999999346, 27.968749999999552 ], [ 96.643749999999358, 27.985416666666232 ] ] } },
{ "type": "Feature", "properties": { }, "geometry": { "type": "LineString", "coordinates": [ [ 96.727083333332786, 27.981249999999569 ], [ 96.718749999999403, 27.977083333332907 ] ] } },
{ "type": "Feature", "properties": { }, "geometry": { "type": "LineString", "coordinates": [ [ 96.743749999999324, 27.993749999999544 ], [ 96.727083333332786, 27.981249999999569 ] ] } },
{ "type": "Feature", "properties": { }, "geometry": { "type": "LineString", "coordinates": [ [ 96.643749999999358, 27.985416666666232 ], [ 96.639583333332695, 27.989583333332881 ] ] } },
{ "type": "Feature", "properties": { }, "geometry": { "type": "LineString", "coordinates": [ [ 96.639583333332695, 27.989583333332881 ], [ 96.635416666666032, 27.993749999999544 ] ] } },
{ "type": "Feature", "properties": { }, "geometry": { "type": "LineString", "coordinates": [ [ 96.635416666666032, 27.993749999999544 ], [ 96.635416666666032, 28.002083333332898 ], [ 96.631249999999369, 28.006249999999561 ] ] } },
{ "type": "Feature", "properties": { }, "geometry": { "type": "LineString", "coordinates": [ [ 96.631249999999369, 28.006249999999561 ], [ 96.627083333332706, 28.014583333332887 ] ] } },
{ "type": "Feature", "properties": { }, "geometry": { "type": "LineString", "coordinates": [ [ 96.393749999999358, 27.977083333332907 ], [ 96.40208333333274, 27.968749999999552 ] ] } },
{ "type": "Feature", "properties": { }, "geometry": { "type": "LineString", "coordinates": [ [ 96.414583333332729, 27.989583333332881 ], [ 96.40208333333274, 27.981249999999569 ], [ 96.410416666666066, 27.972916666666215 ], [ 96.410416666666066, 27.968749999999552 ] ] } },
{ "type": "Feature", "properties": { }, "geometry": { "type": "LineString", "coordinates": [ [ 96.389583333332695, 27.989583333332881 ], [ 96.393749999999358, 27.985416666666232 ], [ 96.393749999999358, 27.977083333332907 ] ] } },
{ "type": "Feature", "properties": { }, "geometry": { "type": "LineString", "coordinates": [ [ 96.385416666666032, 27.989583333332881 ], [ 96.389583333332695, 27.989583333332881 ] ] } },
{ "type": "Feature", "properties": { }, "geometry": { "type": "LineString", "coordinates": [ [ 96.372916666666043, 27.993749999999544 ], [ 96.377083333332706, 27.989583333332881 ], [ 96.385416666666032, 27.989583333332881 ] ] } },
{ "type": "Feature", "properties": { }, "geometry": { "type": "LineString", "coordinates": [ [ 96.418749999999392, 28.002083333332898 ], [ 96.418749999999392, 27.993749999999544 ], [ 96.414583333332729, 27.989583333332881 ] ] } },
{ "type": "Feature", "properties": { }, "geometry": { "type": "LineString", "coordinates": [ [ 96.36874999999938, 27.997916666666249 ], [ 96.372916666666043, 27.993749999999544 ] ] } },
{ "type": "Feature", "properties": { }, "geometry": { "type": "LineString", "coordinates": [ [ 96.360416666665998, 28.002083333332898 ], [ 96.36874999999938, 27.997916666666249 ] ] } },
{ "type": "Feature", "properties": { }, "geometry": { "type": "LineString", "coordinates": [ [ 96.356249999999449, 28.006249999999561 ], [ 96.360416666665998, 28.002083333332898 ] ] } },
{ "type": "Feature", "properties": { }, "geometry": { "type": "LineString", "coordinates": [ [ 96.435416666666043, 28.006249999999561 ], [ 96.422916666666055, 28.006249999999561 ], [ 96.418749999999392, 28.002083333332898 ] ] } },
{ "type": "Feature", "properties": { }, "geometry": { "type": "LineString", "coordinates": [ [ 96.135416666666032, 27.989583333332881 ], [ 96.11874999999938, 27.972916666666215 ] ] } },
{ "type": "Feature", "properties": { }, "geometry": { "type": "LineString", "coordinates": [ [ 96.143749999999415, 28.002083333332898 ], [ 96.143749999999415, 27.997916666666249 ], [ 96.135416666666032, 27.989583333332881 ] ] } },
{ "type": "Feature", "properties": { }, "geometry": { "type": "LineString", "coordinates": [ [ 96.156249999999403, 28.035416666666215 ], [ 96.15208333333274, 28.031249999999552 ], [ 96.15208333333274, 28.018749999999535 ], [ 96.143749999999415, 28.002083333332898 ] ] } },
{ "type": "Feature", "properties": { }, "geometry": { "type": "LineString", "coordinates": [ [ 96.3104166666661, 28.039583333332878 ], [ 96.318749999999426, 28.031249999999552 ] ] } },
{ "type": "Feature", "properties": { }, "geometry": { "type": "LineString", "coordinates": [ [ 96.15208333333274, 28.052083333332895 ], [ 96.15208333333274, 28.039583333332878 ], [ 96.156249999999403, 28.035416666666215 ] ] } },
{ "type": "Feature", "properties": { }, "geometry": { "type": "LineString", "coordinates": [ [ 96.302083333332718, 28.047916666666232 ], [ 96.3104166666661, 28.039583333332878 ] ] } },
{ "type": "Feature", "properties": { }, "geometry": { "type": "LineString", "coordinates": [ [ 96.297916666666055, 28.052083333332895 ], [ 96.302083333332718, 28.047916666666232 ] ] } },
{ "type": "Feature", "properties": { }, "geometry": { "type": "LineString", "coordinates": [ [ 96.15208333333274, 28.056249999999544 ], [ 96.15208333333274, 28.052083333332895 ] ] } },
{ "type": "Feature", "properties": { }, "geometry": { "type": "LineString", "coordinates": [ [ 96.15208333333274, 28.06458333333287 ], [ 96.15208333333274, 28.056249999999544 ] ] } },
{ "type": "Feature", "properties": { }, "geometry": { "type": "LineString", "coordinates": [ [ 96.27708333333274, 28.068749999999561 ], [ 96.297916666666055, 28.052083333332895 ] ] } },
{ "type": "Feature", "properties": { }, "geometry": { "type": "LineString", "coordinates": [ [ 96.439583333332763, 28.014583333332887 ], [ 96.435416666666043, 28.006249999999561 ] ] } },
{ "type": "Feature", "properties": { }, "geometry": { "type": "LineString", "coordinates": [ [ 96.343749999999346, 28.014583333332887 ], [ 96.352083333332672, 28.006249999999561 ], [ 96.356249999999449, 28.006249999999561 ] ] } },
{ "type": "Feature", "properties": { }, "geometry": { "type": "LineString", "coordinates": [ [ 96.331249999999415, 28.014583333332887 ], [ 96.343749999999346, 28.014583333332887 ] ] } },
{ "type": "Feature", "properties": { }, "geometry": { "type": "LineString", "coordinates": [ [ 96.322916666666089, 28.018749999999535 ], [ 96.331249999999415, 28.014583333332887 ] ] } },
{ "type": "Feature", "properties": { }, "geometry": { "type": "LineString", "coordinates": [ [ 96.322916666666089, 28.022916666666241 ], [ 96.322916666666089, 28.018749999999535 ] ] } },
{ "type": "Feature", "properties": { }, "geometry": { "type": "LineString", "coordinates": [ [ 96.318749999999426, 28.027083333332904 ], [ 96.322916666666089, 28.022916666666241 ] ] } },
{ "type": "Feature", "properties": { }, "geometry": { "type": "LineString", "coordinates": [ [ 96.443749999999426, 28.039583333332878 ], [ 96.447916666666089, 28.027083333332904 ], [ 96.439583333332763, 28.014583333332887 ] ] } },
{ "type": "Feature", "properties": { }, "geometry": { "type": "LineString", "coordinates": [ [ 96.318749999999426, 28.031249999999552 ], [ 96.318749999999426, 28.027083333332904 ] ] } },
{ "type": "Feature", "properties": { }, "geometry": { "type": "LineString", "coordinates": [ [ 96.447916666666089, 28.047916666666232 ], [ 96.443749999999426, 28.039583333332878 ] ] } },
{ "type": "Feature", "properties": { }, "geometry": { "type": "LineString", "coordinates": [ [ 96.447916666666089, 28.052083333332895 ], [ 96.447916666666089, 28.047916666666232 ] ] } },
{ "type": "Feature", "properties": { }, "geometry": { "type": "LineString", "coordinates": [ [ 96.627083333332706, 28.014583333332887 ], [ 96.622916666666157, 28.018749999999535 ], [ 96.622916666666157, 28.027083333332904 ], [ 96.610416666665998, 28.039583333332878 ] ] } },
{ "type": "Feature", "properties": { }, "geometry": { "type": "LineString", "coordinates": [ [ 96.610416666665998, 28.039583333332878 ], [ 96.606249999999449, 28.039583333332878 ] ] } },
{ "type": "Feature", "properties": { }, "geometry": { "type": "LineString", "coordinates": [ [ 96.606249999999449, 28.039583333332878 ], [ 96.602083333332672, 28.043749999999569 ] ] } },
{ "type": "Feature", "properties": { }, "geometry": { "type": "LineString", "coordinates": [ [ 96.602083333332672, 28.043749999999569 ], [ 96.58958333333274, 28.043749999999569 ], [ 96.585416666666077, 28.039583333332878 ], [ 96.577083333332752, 28.056249999999544 ] ] } },
{ "type": "Feature", "properties": { }, "geometry": { "type": "LineString", "coordinates": [ [ 96.577083333332752, 28.056249999999544 ], [ 96.572916666666089, 28.06458333333287 ] ] } },
{ "type": "Feature", "properties": { }, "geometry": { "type": "LineString", "coordinates": [ [ 96.572916666666089, 28.06458333333287 ], [ 96.568749999999426, 28.06458333333287 ] ] } },
{ "type": "Feature", "properties": { }, "geometry": { "type": "LineString", "coordinates": [ [ 96.568749999999426, 28.06458333333287 ], [ 96.552083333332718, 28.06458333333287 ] ] } },
{ "type": "Feature", "properties": { }, "geometry": { "type": "LineString", "coordinates": [ [ 96.552083333332718, 28.06458333333287 ], [ 96.547916666666055, 28.068749999999561 ] ] } },
{ "type": "Feature", "properties": { }, "geometry": { "type": "LineString", "coordinates": [ [ 96.547916666666055, 28.068749999999561 ], [ 96.539583333332672, 28.072916666666224 ] ] } },
{ "type": "Feature", "properties": { }, "geometry": { "type": "LineString", "coordinates": [ [ 96.539583333332672, 28.072916666666224 ], [ 96.531249999999346, 28.077083333332887 ] ] } },
{ "type": "Feature", "properties": { }, "geometry": { "type": "LineString", "coordinates": [ [ 96.577083333332752, 28.093749999999552 ], [ 96.55624999999938, 28.077083333332887 ], [ 96.552083333332718, 28.068749999999561 ], [ 96.547916666666055, 28.068749999999561 ] ] } },
{ "type": "Feature", "properties": { }, "geometry": { "type": "LineString", "coordinates": [ [ 96.535416666666066, 28.102083333332921 ], [ 96.535416666666066, 28.093749999999552 ], [ 96.531249999999346, 28.089583333332904 ], [ 96.531249999999346, 28.077083333332887 ] ] } },
{ "type": "Feature", "properties": { }, "geometry": { "type": "LineString", "coordinates": [ [ 96.585416666666077, 28.102083333332921 ], [ 96.577083333332752, 28.093749999999552 ] ] } },
{ "type": "Feature", "properties": { }, "geometry": { "type": "LineString", "coordinates": [ [ 96.539583333332672, 28.114583333332895 ], [ 96.535416666666066, 28.102083333332921 ] ] } },
{ "type": "Feature", "properties": { }, "geometry": { "type": "LineString", "coordinates": [ [ 96.602083333332672, 28.118749999999558 ], [ 96.597916666666123, 28.118749999999558 ], [ 96.58958333333274, 28.110416666666232 ], [ 96.585416666666077, 28.102083333332921 ] ] } },
{ "type": "Feature", "properties": { }, "geometry": { "type": "LineString", "coordinates": [ [ 96.543749999999392, 28.118749999999558 ], [ 96.539583333332672, 28.114583333332895 ] ] } },
{ "type": "Feature", "properties": { }, "geometry": { "type": "LineString", "coordinates": [ [ 96.606249999999449, 28.118749999999558 ], [ 96.602083333332672, 28.118749999999558 ] ] } },
{ "type": "Feature", "properties": { }, "geometry": { "type": "LineString", "coordinates": [ [ 96.622916666666157, 28.122916666666207 ], [ 96.610416666665998, 28.122916666666207 ], [ 96.606249999999449, 28.118749999999558 ] ] } },
{ "type": "Feature", "properties": { }, "geometry": { "type": "LineString", "coordinates": [ [ 96.631249999999369, 28.135416666666224 ], [ 96.622916666666157, 28.127083333332912 ], [ 96.622916666666157, 28.122916666666207 ] ] } },
{ "type": "Feature", "properties": { }, "geometry": { "type": "LineString", "coordinates": [ [ 96.543749999999392, 28.14374999999955 ], [ 96.543749999999392, 28.118749999999558 ] ] } },
{ "type": "Feature", "properties": { }, "geometry": { "type": "LineString", "coordinates": [ [ 96.15208333333274, 28.072916666666224 ], [ 96.15208333333274, 28.06458333333287 ] ] } },
{ "type": "Feature", "properties": { }, "geometry": { "type": "LineString", "coordinates": [ [ 96.272916666666021, 28.072916666666224 ], [ 96.27708333333274, 28.068749999999561 ] ] } },
{ "type": "Feature", "properties": { }, "geometry": { "type": "LineString", "coordinates": [ [ 96.15208333333274, 28.077083333332887 ], [ 96.15208333333274, 28.072916666666224 ] ] } },
{ "type": "Feature", "properties": { }, "geometry": { "type": "LineString", "coordinates": [ [ 96.27708333333274, 28.081249999999535 ], [ 96.272916666666021, 28.072916666666224 ] ] } },
{ "type": "Feature", "properties": { }, "geometry": { "type": "LineString", "coordinates": [ [ 96.164583333332729, 28.097916666666215 ], [ 96.160416666666066, 28.093749999999552 ], [ 96.160416666666066, 28.085416666666198 ], [ 96.15208333333274, 28.077083333332887 ] ] } },
{ "type": "Feature", "properties": { }, "geometry": { "type": "LineString", "coordinates": [ [ 96.156249999999403, 28.118749999999558 ], [ 96.156249999999403, 28.110416666666232 ], [ 96.164583333332729, 28.097916666666215 ] ] } },
{ "type": "Feature", "properties": { }, "geometry": { "type": "LineString", "coordinates": [ [ 96.156249999999403, 28.127083333332912 ], [ 96.156249999999403, 28.118749999999558 ] ] } },
{ "type": "Feature", "properties": { }, "geometry": { "type": "LineString", "coordinates": [ [ 96.160416666666066, 28.131249999999575 ], [ 96.156249999999403, 28.127083333332912 ] ] } },
{ "type": "Feature", "properties": { }, "geometry": { "type": "LineString", "coordinates": [ [ 96.156249999999403, 28.139583333332887 ], [ 96.160416666666066, 28.131249999999575 ] ] } },
{ "type": "Feature", "properties": { }, "geometry": { "type": "LineString", "coordinates": [ [ 96.147916666666021, 28.152083333332861 ], [ 96.156249999999403, 28.139583333332887 ] ] } },
{ "type": "Feature", "properties": { }, "geometry": { "type": "LineString", "coordinates": [ [ 96.477083333332672, 28.056249999999544 ], [ 96.452083333332752, 28.056249999999544 ], [ 96.447916666666089, 28.052083333332895 ] ] } },
{ "type": "Feature", "properties": { }, "geometry": { "type": "LineString", "coordinates": [ [ 96.485416666665998, 28.060416666666207 ], [ 96.477083333332672, 28.056249999999544 ] ] } },
{ "type": "Feature", "properties": { }, "geometry": { "type": "LineString", "coordinates": [ [ 96.493749999999494, 28.060416666666207 ], [ 96.485416666665998, 28.060416666666207 ] ] } },
{ "type": "Feature", "properties": { }, "geometry": { "type": "LineString", "coordinates": [ [ 96.497916666666043, 28.06458333333287 ], [ 96.493749999999494, 28.060416666666207 ] ] } },
{ "type": "Feature", "properties": { }, "geometry": { "type": "LineString", "coordinates": [ [ 96.506249999999369, 28.077083333332887 ], [ 96.497916666666043, 28.06458333333287 ] ] } },
{ "type": "Feature", "properties": { }, "geometry": { "type": "LineString", "coordinates": [ [ 96.531249999999346, 28.077083333332887 ], [ 96.518749999999358, 28.077083333332887 ], [ 96.514583333332695, 28.081249999999535 ], [ 96.506249999999369, 28.077083333332887 ] ] } },
{ "type": "Feature", "properties": { }, "geometry": { "type": "LineString", "coordinates": [ [ 96.522916666666021, 28.214583333332861 ], [ 96.522916666666021, 28.193749999999575 ] ] } },
{ "type": "Feature", "properties": { }, "geometry": { "type": "LineString", "coordinates": [ [ 96.522916666666021, 28.227083333332878 ], [ 96.522916666666021, 28.214583333332861 ] ] } },
{ "type": "Feature", "properties": { }, "geometry": { "type": "LineString", "coordinates": [ [ 96.527083333332683, 28.243749999999558 ], [ 96.518749999999358, 28.235416666666246 ], [ 96.522916666666021, 28.227083333332878 ] ] } },
{ "type": "Feature", "properties": { }, "geometry": { "type": "LineString", "coordinates": [ [ 96.481249999999449, 28.256249999999532 ], [ 96.485416666665998, 28.256249999999532 ] ] } },
{ "type": "Feature", "properties": { }, "geometry": { "type": "LineString", "coordinates": [ [ 96.639583333332695, 28.14374999999955 ], [ 96.631249999999369, 28.135416666666224 ] ] } },
{ "type": "Feature", "properties": { }, "geometry": { "type": "LineString", "coordinates": [ [ 96.539583333332672, 28.14374999999955 ], [ 96.543749999999392, 28.14374999999955 ] ] } },
{ "type": "Feature", "properties": { }, "geometry": { "type": "LineString", "coordinates": [ [ 96.643749999999358, 28.147916666666198 ], [ 96.639583333332695, 28.14374999999955 ] ] } },
{ "type": "Feature", "properties": { }, "geometry": { "type": "LineString", "coordinates": [ [ 96.647916666666021, 28.147916666666198 ], [ 96.643749999999358, 28.147916666666198 ] ] } },
{ "type": "Feature", "properties": { }, "geometry": { "type": "LineString", "coordinates": [ [ 96.527083333332683, 28.160416666666215 ], [ 96.539583333332672, 28.14374999999955 ] ] } },
{ "type": "Feature", "properties": { }, "geometry": { "type": "LineString", "coordinates": [ [ 96.522916666666021, 28.164583333332878 ], [ 96.527083333332683, 28.160416666666215 ] ] } },
{ "type": "Feature", "properties": { }, "geometry": { "type": "LineString", "coordinates": [ [ 96.522916666666021, 28.193749999999575 ], [ 96.527083333332683, 28.18958333333287 ], [ 96.522916666666021, 28.185416666666207 ], [ 96.522916666666021, 28.164583333332878 ] ] } },
{ "type": "Feature", "properties": { }, "geometry": { "type": "LineString", "coordinates": [ [ 96.539583333332672, 28.260416666666238 ], [ 96.527083333332683, 28.243749999999558 ] ] } },
{ "type": "Feature", "properties": { }, "geometry": { "type": "LineString", "coordinates": [ [ 96.539583333332672, 28.264583333332887 ], [ 96.539583333332672, 28.260416666666238 ] ] } },
{ "type": "Feature", "properties": { }, "geometry": { "type": "LineString", "coordinates": [ [ 96.514583333332695, 28.26874999999955 ], [ 96.522916666666021, 28.264583333332887 ], [ 96.535416666666066, 28.264583333332887 ], [ 96.539583333332672, 28.260416666666238 ] ] } },
{ "type": "Feature", "properties": { }, "geometry": { "type": "LineString", "coordinates": [ [ 96.143749999999415, 28.160416666666215 ], [ 96.147916666666021, 28.152083333332861 ] ] } },
{ "type": "Feature", "properties": { }, "geometry": { "type": "LineString", "coordinates": [ [ 96.127083333332706, 28.347916666666229 ], [ 96.122916666666043, 28.343749999999524 ] ] } },
{ "type": "Feature", "properties": { }, "geometry": { "type": "LineString", "coordinates": [ [ 96.135416666666032, 28.347916666666229 ], [ 96.127083333332706, 28.347916666666229 ] ] } },
{ "type": "Feature", "properties": { }, "geometry": { "type": "LineString", "coordinates": [ [ 96.143749999999415, 28.347916666666229 ], [ 96.135416666666032, 28.347916666666229 ] ] } },
{ "type": "Feature", "properties": { }, "geometry": { "type": "LineString", "coordinates": [ [ 96.147916666666021, 28.352083333332892 ], [ 96.143749999999415, 28.347916666666229 ] ] } },
{ "type": "Feature", "properties": { }, "geometry": { "type": "LineString", "coordinates": [ [ 96.147916666666021, 28.356249999999541 ], [ 96.147916666666021, 28.352083333332892 ] ] } },
{ "type": "Feature", "properties": { }, "geometry": { "type": "LineString", "coordinates": [ [ 96.168749999999392, 28.372916666666221 ], [ 96.147916666666021, 28.356249999999541 ] ] } },
{ "type": "Feature", "properties": { }, "geometry": { "type": "LineString", "coordinates": [ [ 96.172916666666055, 28.377083333332884 ], [ 96.168749999999392, 28.372916666666221 ] ] } },
{ "type": "Feature", "properties": { }, "geometry": { "type": "LineString", "coordinates": [ [ 96.172916666666055, 28.381249999999532 ], [ 96.172916666666055, 28.377083333332884 ] ] } },
{ "type": "Feature", "properties": { }, "geometry": { "type": "LineString", "coordinates": [ [ 96.181249999999437, 28.397916666666212 ], [ 96.172916666666055, 28.381249999999532 ] ] } },
{ "type": "Feature", "properties": { }, "geometry": { "type": "LineString", "coordinates": [ [ 96.789583333332672, 28.056249999999544 ], [ 96.785416666666066, 28.052083333332895 ], [ 96.772916666666021, 28.056249999999544 ] ] } },
{ "type": "Feature", "properties": { }, "geometry": { "type": "LineString", "coordinates": [ [ 96.981249999999392, 28.060416666666207 ], [ 96.981249999999392, 28.056249999999544 ] ] } },
{ "type": "Feature", "properties": { }, "geometry": { "type": "LineString", "coordinates": [ [ 96.985416666666111, 28.06458333333287 ], [ 96.981249999999392, 28.060416666666207 ] ] } },
{ "type": "Feature", "properties": { }, "geometry": { "type": "LineString", "coordinates": [ [ 96.985416666666111, 28.068749999999561 ], [ 96.985416666666111, 28.06458333333287 ] ] } },
{ "type": "Feature", "properties": { }, "geometry": { "type": "LineString", "coordinates": [ [ 96.985416666666111, 28.077083333332887 ], [ 96.985416666666111, 28.068749999999561 ] ] } },
{ "type": "Feature", "properties": { }, "geometry": { "type": "LineString", "coordinates": [ [ 96.989583333332774, 28.085416666666198 ], [ 96.985416666666111, 28.077083333332887 ] ] } },
{ "type": "Feature", "properties": { }, "geometry": { "type": "LineString", "coordinates": [ [ 97.006249999999426, 28.106249999999569 ], [ 97.006249999999426, 28.102083333332921 ], [ 96.989583333332774, 28.085416666666198 ] ] } },
{ "type": "Feature", "properties": { }, "geometry": { "type": "LineString", "coordinates": [ [ 97.018749999999358, 28.272916666666255 ], [ 97.022916666666021, 28.26874999999955 ], [ 97.022916666666021, 28.260416666666238 ] ] } },
{ "type": "Feature", "properties": { }, "geometry": { "type": "LineString", "coordinates": [ [ 97.022916666666021, 28.281249999999524 ], [ 97.018749999999358, 28.272916666666255 ] ] } },
{ "type": "Feature", "properties": { }, "geometry": { "type": "LineString", "coordinates": [ [ 97.018749999999358, 28.302083333332895 ], [ 97.027083333332683, 28.293749999999541 ], [ 97.027083333332683, 28.285416666666229 ], [ 97.022916666666021, 28.281249999999524 ] ] } },
{ "type": "Feature", "properties": { }, "geometry": { "type": "LineString", "coordinates": [ [ 97.018749999999358, 28.318749999999532 ], [ 97.018749999999358, 28.310416666666221 ], [ 97.014583333332808, 28.306249999999558 ], [ 97.018749999999358, 28.302083333332895 ] ] } },
{ "type": "Feature", "properties": { }, "geometry": { "type": "LineString", "coordinates": [ [ 97.018749999999358, 28.322916666666238 ], [ 97.018749999999358, 28.318749999999532 ] ] } },
{ "type": "Feature", "properties": { }, "geometry": { "type": "LineString", "coordinates": [ [ 97.017590457275006, 28.324076209390618 ], [ 97.018749999999358, 28.322916666666238 ] ] } },
{ "type": "Feature", "properties": { }, "geometry": { "type": "LineString", "coordinates": [ [ 95.897916666666077, 28.402083333332875 ], [ 95.893749999999415, 28.410416666666187 ] ] } },
{ "type": "Feature", "properties": { }, "geometry": { "type": "LineString", "coordinates": [ [ 95.802083333332774, 28.410416666666187 ], [ 95.797916666666111, 28.406249999999524 ] ] } },
{ "type": "Feature", "properties": { }, "geometry": { "type": "LineString", "coordinates": [ [ 95.893749999999415, 28.410416666666187 ], [ 95.889583333332695, 28.414583333332892 ] ] } },
{ "type": "Feature", "properties": { }, "geometry": { "type": "LineString", "coordinates": [ [ 95.810416666666157, 28.418749999999555 ], [ 95.802083333332774, 28.410416666666187 ] ] } },
{ "type": "Feature", "properties": { }, "geometry": { "type": "LineString", "coordinates": [ [ 95.889583333332695, 28.414583333332892 ], [ 95.885416666666032, 28.418749999999555 ] ] } },
{ "type": "Feature", "properties": { }, "geometry": { "type": "LineString", "coordinates": [ [ 95.885416666666032, 28.418749999999555 ], [ 95.872916666666043, 28.427083333332909 ] ] } },
{ "type": "Feature", "properties": { }, "geometry": { "type": "LineString", "coordinates": [ [ 95.831249999999471, 28.431249999999572 ], [ 95.822916666666146, 28.431249999999572 ], [ 95.810416666666157, 28.418749999999555 ] ] } },
{ "type": "Feature", "properties": { }, "geometry": { "type": "LineString", "coordinates": [ [ 95.872916666666043, 28.427083333332909 ], [ 95.860416666666055, 28.431249999999572 ] ] } },
{ "type": "Feature", "properties": { }, "geometry": { "type": "LineString", "coordinates": [ [ 95.860416666666055, 28.431249999999572 ], [ 95.856249999999392, 28.435416666666221 ], [ 95.847916666666066, 28.435416666666221 ] ] } },
{ "type": "Feature", "properties": { }, "geometry": { "type": "LineString", "coordinates": [ [ 95.835416666666021, 28.452083333332901 ], [ 95.835416666666021, 28.435416666666221 ], [ 95.831249999999471, 28.431249999999572 ] ] } },
{ "type": "Feature", "properties": { }, "geometry": { "type": "LineString", "coordinates": [ [ 95.847916666666066, 28.435416666666221 ], [ 95.843749999999346, 28.439583333332884 ], [ 95.843749999999346, 28.452083333332901 ], [ 95.839583333332854, 28.456249999999564 ] ] } },
{ "type": "Feature", "properties": { }, "geometry": { "type": "LineString", "coordinates": [ [ 95.839583333332854, 28.456249999999564 ], [ 95.835416666666021, 28.452083333332901 ] ] } },
{ "type": "Feature", "properties": { }, "geometry": { "type": "LineString", "coordinates": [ [ 95.831249999999471, 28.456249999999564 ], [ 95.835416666666021, 28.452083333332901 ] ] } },
{ "type": "Feature", "properties": { }, "geometry": { "type": "LineString", "coordinates": [ [ 95.831249999999471, 28.468749999999538 ], [ 95.831249999999471, 28.456249999999564 ] ] } },
{ "type": "Feature", "properties": { }, "geometry": { "type": "LineString", "coordinates": [ [ 95.827083333332695, 28.472916666666229 ], [ 95.831249999999471, 28.468749999999538 ] ] } },
{ "type": "Feature", "properties": { }, "geometry": { "type": "LineString", "coordinates": [ [ 95.818749999999369, 28.481249999999555 ], [ 95.827083333332695, 28.472916666666229 ] ] } },
{ "type": "Feature", "properties": { }, "geometry": { "type": "LineString", "coordinates": [ [ 95.81458333333282, 28.485416666666204 ], [ 95.818749999999369, 28.481249999999555 ] ] } },
{ "type": "Feature", "properties": { }, "geometry": { "type": "LineString", "coordinates": [ [ 95.810416666666157, 28.489583333332867 ], [ 95.81458333333282, 28.485416666666204 ] ] } },
{ "type": "Feature", "properties": { }, "geometry": { "type": "LineString", "coordinates": [ [ 95.806249999999437, 28.493749999999572 ], [ 95.810416666666157, 28.489583333332867 ] ] } },
{ "type": "Feature", "properties": { }, "geometry": { "type": "LineString", "coordinates": [ [ 95.81458333333282, 28.497916666666221 ], [ 95.810416666666157, 28.489583333332867 ] ] } },
{ "type": "Feature", "properties": { }, "geometry": { "type": "LineString", "coordinates": [ [ 95.668749999999449, 28.402083333332875 ], [ 95.672916666666111, 28.402083333332875 ] ] } },
{ "type": "Feature", "properties": { }, "geometry": { "type": "LineString", "coordinates": [ [ 95.660416666666123, 28.402083333332875 ], [ 95.664583333332786, 28.402083333332875 ] ] } },
{ "type": "Feature", "properties": { }, "geometry": { "type": "LineString", "coordinates": [ [ 95.764583333332752, 28.518749999999564 ], [ 95.772916666666077, 28.510416666666195 ] ] } },
{ "type": "Feature", "properties": { }, "geometry": { "type": "LineString", "coordinates": [ [ 95.756249999999369, 28.531249999999538 ], [ 95.764583333332752, 28.518749999999564 ] ] } },
{ "type": "Feature", "properties": { }, "geometry": { "type": "LineString", "coordinates": [ [ 95.752083333332706, 28.531249999999538 ], [ 95.756249999999369, 28.531249999999538 ] ] } },
{ "type": "Feature", "properties": { }, "geometry": { "type": "LineString", "coordinates": [ [ 95.697916666666146, 28.535416666666201 ], [ 95.710416666666021, 28.531249999999538 ] ] } },
{ "type": "Feature", "properties": { }, "geometry": { "type": "LineString", "coordinates": [ [ 95.710416666666021, 28.531249999999538 ], [ 95.718749999999346, 28.535416666666201 ] ] } },
{ "type": "Feature", "properties": { }, "geometry": { "type": "LineString", "coordinates": [ [ 95.739583333332718, 28.535416666666201 ], [ 95.752083333332706, 28.531249999999538 ] ] } },
{ "type": "Feature", "properties": { }, "geometry": { "type": "LineString", "coordinates": [ [ 95.677083333332774, 28.535416666666201 ], [ 95.689583333332706, 28.535416666666201 ] ] } },
{ "type": "Feature", "properties": { }, "geometry": { "type": "LineString", "coordinates": [ [ 95.718749999999346, 28.535416666666201 ], [ 95.722916666666066, 28.535416666666201 ] ] } },
{ "type": "Feature", "properties": { }, "geometry": { "type": "LineString", "coordinates": [ [ 95.827083333332695, 28.502083333332884 ], [ 95.822916666666146, 28.497916666666221 ], [ 95.818749999999369, 28.502083333332884 ], [ 95.81458333333282, 28.497916666666221 ] ] } },
{ "type": "Feature", "properties": { }, "geometry": { "type": "LineString", "coordinates": [ [ 95.793749999999449, 28.506249999999547 ], [ 95.806249999999437, 28.493749999999572 ] ] } },
{ "type": "Feature", "properties": { }, "geometry": { "type": "LineString", "coordinates": [ [ 95.77708333333274, 28.510416666666195 ], [ 95.789583333332786, 28.510416666666195 ], [ 95.793749999999449, 28.506249999999547 ] ] } },
{ "type": "Feature", "properties": { }, "geometry": { "type": "LineString", "coordinates": [ [ 95.81458333333282, 28.518749999999564 ], [ 95.81458333333282, 28.497916666666221 ] ] } },
{ "type": "Feature", "properties": { }, "geometry": { "type": "LineString", "coordinates": [ [ 95.772916666666077, 28.510416666666195 ], [ 95.77708333333274, 28.510416666666195 ] ] } },
{ "type": "Feature", "properties": { }, "geometry": { "type": "LineString", "coordinates": [ [ 95.881249999999369, 28.510416666666195 ], [ 95.877083333332706, 28.510416666666195 ] ] } },
{ "type": "Feature", "properties": { }, "geometry": { "type": "LineString", "coordinates": [ [ 95.864583333332718, 28.514583333332858 ], [ 95.843749999999346, 28.518749999999564 ], [ 95.827083333332695, 28.510416666666195 ], [ 95.827083333332695, 28.502083333332884 ] ] } },
{ "type": "Feature", "properties": { }, "geometry": { "type": "LineString", "coordinates": [ [ 95.893749999999415, 28.510416666666195 ], [ 95.889583333332695, 28.514583333332858 ], [ 95.881249999999369, 28.510416666666195 ] ] } },
{ "type": "Feature", "properties": { }, "geometry": { "type": "LineString", "coordinates": [ [ 95.877083333332706, 28.510416666666195 ], [ 95.872916666666043, 28.514583333332858 ] ] } },
{ "type": "Feature", "properties": { }, "geometry": { "type": "LineString", "coordinates": [ [ 95.872916666666043, 28.514583333332858 ], [ 95.864583333332718, 28.514583333332858 ] ] } },
{ "type": "Feature", "properties": { }, "geometry": { "type": "LineString", "coordinates": [ [ 95.977083333332672, 28.402083333332875 ], [ 95.97291666666618, 28.397916666666212 ] ] } },
{ "type": "Feature", "properties": { }, "geometry": { "type": "LineString", "coordinates": [ [ 95.985416666666055, 28.402083333332875 ], [ 95.977083333332672, 28.402083333332875 ] ] } },
{ "type": "Feature", "properties": { }, "geometry": { "type": "LineString", "coordinates": [ [ 95.99374999999938, 28.406249999999524 ], [ 95.985416666666055, 28.402083333332875 ] ] } },
{ "type": "Feature", "properties": { }, "geometry": { "type": "LineString", "coordinates": [ [ 95.997916666666043, 28.406249999999524 ], [ 95.99374999999938, 28.406249999999524 ] ] } },
{ "type": "Feature", "properties": { }, "geometry": { "type": "LineString", "coordinates": [ [ 96.010416666666032, 28.410416666666187 ], [ 95.997916666666043, 28.406249999999524 ] ] } },
{ "type": "Feature", "properties": { }, "geometry": { "type": "LineString", "coordinates": [ [ 96.018749999999415, 28.418749999999555 ], [ 96.018749999999415, 28.414583333332892 ], [ 96.010416666666032, 28.410416666666187 ] ] } },
{ "type": "Feature", "properties": { }, "geometry": { "type": "LineString", "coordinates": [ [ 96.02708333333274, 28.422916666666204 ], [ 96.018749999999415, 28.418749999999555 ] ] } },
{ "type": "Feature", "properties": { }, "geometry": { "type": "LineString", "coordinates": [ [ 96.039583333332729, 28.427083333332909 ], [ 96.035416666666066, 28.422916666666204 ], [ 96.02708333333274, 28.422916666666204 ] ] } },
{ "type": "Feature", "properties": { }, "geometry": { "type": "LineString", "coordinates": [ [ 96.052083333332774, 28.427083333332909 ], [ 96.039583333332729, 28.427083333332909 ] ] } },
{ "type": "Feature", "properties": { }, "geometry": { "type": "LineString", "coordinates": [ [ 95.9354166666661, 28.631249999999547 ], [ 95.927083333332774, 28.63541666666621 ] ] } },
{ "type": "Feature", "properties": { }, "geometry": { "type": "LineString", "coordinates": [ [ 95.735416666666055, 28.535416666666201 ], [ 95.739583333332718, 28.535416666666201 ] ] } },
{ "type": "Feature", "properties": { }, "geometry": { "type": "LineString", "coordinates": [ [ 95.731249999999392, 28.535416666666201 ], [ 95.735416666666055, 28.535416666666201 ] ] } },
{ "type": "Feature", "properties": { }, "geometry": { "type": "LineString", "coordinates": [ [ 95.689583333332706, 28.535416666666201 ], [ 95.697916666666146, 28.535416666666201 ] ] } },
{ "type": "Feature", "properties": { }, "geometry": { "type": "LineString", "coordinates": [ [ 95.722916666666066, 28.535416666666201 ], [ 95.731249999999392, 28.535416666666201 ] ] } },
{ "type": "Feature", "properties": { }, "geometry": { "type": "LineString", "coordinates": [ [ 95.664583333332786, 28.539583333332892 ], [ 95.668749999999449, 28.535416666666201 ], [ 95.677083333332774, 28.535416666666201 ] ] } },
{ "type": "Feature", "properties": { }, "geometry": { "type": "LineString", "coordinates": [ [ 95.660416666666123, 28.539583333332892 ], [ 95.664583333332786, 28.539583333332892 ] ] } },
{ "type": "Feature", "properties": { }, "geometry": { "type": "LineString", "coordinates": [ [ 95.647916666666077, 28.543749999999555 ], [ 95.660416666666123, 28.539583333332892 ] ] } },
{ "type": "Feature", "properties": { }, "geometry": { "type": "LineString", "coordinates": [ [ 95.627083333332706, 28.543749999999555 ], [ 95.639583333332752, 28.543749999999555 ] ] } },
{ "type": "Feature", "properties": { }, "geometry": { "type": "LineString", "coordinates": [ [ 95.639583333332752, 28.543749999999555 ], [ 95.643749999999415, 28.543749999999555 ] ] } },
{ "type": "Feature", "properties": { }, "geometry": { "type": "LineString", "coordinates": [ [ 95.643749999999415, 28.543749999999555 ], [ 95.647916666666077, 28.543749999999555 ] ] } },
{ "type": "Feature", "properties": { }, "geometry": { "type": "LineString", "coordinates": [ [ 95.90208333333274, 28.518749999999564 ], [ 95.893749999999415, 28.510416666666195 ] ] } },
{ "type": "Feature", "properties": { }, "geometry": { "type": "LineString", "coordinates": [ [ 95.831249999999471, 28.531249999999538 ], [ 95.81458333333282, 28.518749999999564 ] ] } },
{ "type": "Feature", "properties": { }, "geometry": { "type": "LineString", "coordinates": [ [ 95.835416666666021, 28.535416666666201 ], [ 95.831249999999471, 28.531249999999538 ] ] } },
{ "type": "Feature", "properties": { }, "geometry": { "type": "LineString", "coordinates": [ [ 95.835416666666021, 28.539583333332892 ], [ 95.835416666666021, 28.535416666666201 ] ] } },
{ "type": "Feature", "properties": { }, "geometry": { "type": "LineString", "coordinates": [ [ 95.835416666666021, 28.55624999999953 ], [ 95.835416666666021, 28.539583333332892 ] ] } },
{ "type": "Feature", "properties": { }, "geometry": { "type": "LineString", "coordinates": [ [ 95.839583333332854, 28.564583333332884 ], [ 95.835416666666021, 28.55624999999953 ] ] } },
{ "type": "Feature", "properties": { }, "geometry": { "type": "LineString", "coordinates": [ [ 95.835416666666021, 28.568749999999547 ], [ 95.839583333332854, 28.564583333332884 ] ] } },
{ "type": "Feature", "properties": { }, "geometry": { "type": "LineString", "coordinates": [ [ 95.822916666666146, 28.57291666666621 ], [ 95.835416666666021, 28.568749999999547 ] ] } },
{ "type": "Feature", "properties": { }, "geometry": { "type": "LineString", "coordinates": [ [ 95.839583333332854, 28.585416666666227 ], [ 95.831249999999471, 28.577083333332901 ], [ 95.835416666666021, 28.568749999999547 ] ] } },
{ "type": "Feature", "properties": { }, "geometry": { "type": "LineString", "coordinates": [ [ 95.818749999999369, 28.589583333332875 ], [ 95.822916666666146, 28.585416666666227 ], [ 95.822916666666146, 28.57291666666621 ] ] } },
{ "type": "Feature", "properties": { }, "geometry": { "type": "LineString", "coordinates": [ [ 95.610416666666055, 28.547916666666218 ], [ 95.61874999999938, 28.543749999999555 ], [ 95.622916666666043, 28.547916666666218 ], [ 95.627083333332706, 28.543749999999555 ] ] } },
{ "type": "Feature", "properties": { }, "geometry": { "type": "LineString", "coordinates": [ [ 95.606249999999392, 28.552083333332867 ], [ 95.610416666666055, 28.547916666666218 ] ] } },
{ "type": "Feature", "properties": { }, "geometry": { "type": "LineString", "coordinates": [ [ 95.577083333332695, 28.552083333332867 ], [ 95.581249999999528, 28.55624999999953 ], [ 95.593749999999346, 28.55624999999953 ] ] } },
{ "type": "Feature", "properties": { }, "geometry": { "type": "LineString", "coordinates": [ [ 95.597916666666066, 28.55624999999953 ], [ 95.606249999999392, 28.552083333332867 ] ] } },
{ "type": "Feature", "properties": { }, "geometry": { "type": "LineString", "coordinates": [ [ 95.593749999999346, 28.55624999999953 ], [ 95.597916666666066, 28.55624999999953 ] ] } },
{ "type": "Feature", "properties": { }, "geometry": { "type": "LineString", "coordinates": [ [ 95.568749999999369, 28.560416666666235 ], [ 95.577083333332695, 28.552083333332867 ] ] } },
{ "type": "Feature", "properties": { }, "geometry": { "type": "LineString", "coordinates": [ [ 95.564583333332706, 28.560416666666235 ], [ 95.568749999999369, 28.560416666666235 ] ] } },
{ "type": "Feature", "properties": { }, "geometry": { "type": "LineString", "coordinates": [ [ 95.552083333332831, 28.568749999999547 ], [ 95.564583333332706, 28.560416666666235 ] ] } },
{ "type": "Feature", "properties": { }, "geometry": { "type": "LineString", "coordinates": [ [ 95.760416666666089, 28.60208333333285 ], [ 95.768749999999415, 28.60208333333285 ] ] } },
{ "type": "Feature", "properties": { }, "geometry": { "type": "LineString", "coordinates": [ [ 95.752083333332706, 28.614583333332867 ], [ 95.760416666666089, 28.606249999999513 ], [ 95.760416666666089, 28.60208333333285 ] ] } },
{ "type": "Feature", "properties": { }, "geometry": { "type": "LineString", "coordinates": [ [ 95.789583333332786, 28.593749999999538 ], [ 95.793749999999449, 28.593749999999538 ] ] } },
{ "type": "Feature", "properties": { }, "geometry": { "type": "LineString", "coordinates": [ [ 95.806249999999437, 28.597916666666201 ], [ 95.818749999999369, 28.589583333332875 ] ] } },
{ "type": "Feature", "properties": { }, "geometry": { "type": "LineString", "coordinates": [ [ 95.852083333332672, 28.60208333333285 ], [ 95.847916666666066, 28.60208333333285 ], [ 95.839583333332854, 28.593749999999538 ], [ 95.839583333332854, 28.585416666666227 ] ] } },
{ "type": "Feature", "properties": { }, "geometry": { "type": "LineString", "coordinates": [ [ 95.77708333333274, 28.597916666666201 ], [ 95.789583333332786, 28.593749999999538 ] ] } },
{ "type": "Feature", "properties": { }, "geometry": { "type": "LineString", "coordinates": [ [ 95.793749999999449, 28.593749999999538 ], [ 95.802083333332774, 28.597916666666201 ] ] } },
{ "type": "Feature", "properties": { }, "geometry": { "type": "LineString", "coordinates": [ [ 95.802083333332774, 28.597916666666201 ], [ 95.806249999999437, 28.597916666666201 ] ] } },
{ "type": "Feature", "properties": { }, "geometry": { "type": "LineString", "coordinates": [ [ 95.768749999999415, 28.60208333333285 ], [ 95.77708333333274, 28.597916666666201 ] ] } },
{ "type": "Feature", "properties": { }, "geometry": { "type": "LineString", "coordinates": [ [ 95.860416666666055, 28.610416666666218 ], [ 95.852083333332672, 28.60208333333285 ] ] } },
{ "type": "Feature", "properties": { }, "geometry": { "type": "LineString", "coordinates": [ [ 95.86874999999938, 28.606249999999513 ], [ 95.860416666666055, 28.610416666666218 ] ] } },
{ "type": "Feature", "properties": { }, "geometry": { "type": "LineString", "coordinates": [ [ 95.872916666666043, 28.610416666666218 ], [ 95.86874999999938, 28.606249999999513 ] ] } },
{ "type": "Feature", "properties": { }, "geometry": { "type": "LineString", "coordinates": [ [ 95.889583333332695, 28.614583333332867 ], [ 95.877083333332706, 28.614583333332867 ], [ 95.872916666666043, 28.610416666666218 ] ] } },
{ "type": "Feature", "properties": { }, "geometry": { "type": "LineString", "coordinates": [ [ 95.897916666666077, 28.61874999999953 ], [ 95.889583333332695, 28.614583333332867 ] ] } },
{ "type": "Feature", "properties": { }, "geometry": { "type": "LineString", "coordinates": [ [ 95.906249999999403, 28.61874999999953 ], [ 95.897916666666077, 28.61874999999953 ] ] } },
{ "type": "Feature", "properties": { }, "geometry": { "type": "LineString", "coordinates": [ [ 95.852083333332672, 28.631249999999547 ], [ 95.860416666666055, 28.610416666666218 ] ] } },
{ "type": "Feature", "properties": { }, "geometry": { "type": "LineString", "coordinates": [ [ 95.918749999999449, 28.622916666666235 ], [ 95.906249999999403, 28.61874999999953 ] ] } },
{ "type": "Feature", "properties": { }, "geometry": { "type": "LineString", "coordinates": [ [ 95.927083333332774, 28.63541666666621 ], [ 95.918749999999449, 28.622916666666235 ] ] } },
{ "type": "Feature", "properties": { }, "geometry": { "type": "LineString", "coordinates": [ [ 95.852083333332672, 28.63541666666621 ], [ 95.852083333332672, 28.631249999999547 ] ] } },
{ "type": "Feature", "properties": { }, "geometry": { "type": "LineString", "coordinates": [ [ 95.852083333332672, 28.639583333332872 ], [ 95.852083333332672, 28.63541666666621 ] ] } },
{ "type": "Feature", "properties": { }, "geometry": { "type": "LineString", "coordinates": [ [ 95.843749999999346, 28.652083333332889 ], [ 95.852083333332672, 28.639583333332872 ] ] } },
{ "type": "Feature", "properties": { }, "geometry": { "type": "LineString", "coordinates": [ [ 95.852083333332672, 28.660416666666201 ], [ 95.843749999999346, 28.652083333332889 ] ] } },
{ "type": "Feature", "properties": { }, "geometry": { "type": "LineString", "coordinates": [ [ 96.55624999999938, 28.277083333332861 ], [ 96.552083333332718, 28.277083333332861 ], [ 96.539583333332672, 28.264583333332887 ] ] } },
{ "type": "Feature", "properties": { }, "geometry": { "type": "LineString", "coordinates": [ [ 96.560416666666043, 28.277083333332861 ], [ 96.55624999999938, 28.277083333332861 ] ] } },
{ "type": "Feature", "properties": { }, "geometry": { "type": "LineString", "coordinates": [ [ 96.568749999999426, 28.289583333332878 ], [ 96.568749999999426, 28.285416666666229 ], [ 96.560416666666043, 28.277083333332861 ] ] } },
{ "type": "Feature", "properties": { }, "geometry": { "type": "LineString", "coordinates": [ [ 96.572916666666089, 28.293749999999541 ], [ 96.568749999999426, 28.289583333332878 ] ] } },
{ "type": "Feature", "properties": { }, "geometry": { "type": "LineString", "coordinates": [ [ 96.59374999999946, 28.306249999999558 ], [ 96.581249999999415, 28.302083333332895 ], [ 96.572916666666089, 28.293749999999541 ] ] } },
{ "type": "Feature", "properties": { }, "geometry": { "type": "LineString", "coordinates": [ [ 96.602083333332672, 28.318749999999532 ], [ 96.59374999999946, 28.306249999999558 ] ] } },
{ "type": "Feature", "properties": { }, "geometry": { "type": "LineString", "coordinates": [ [ 96.602083333332672, 28.322916666666238 ], [ 96.602083333332672, 28.318749999999532 ] ] } },
{ "type": "Feature", "properties": { }, "geometry": { "type": "LineString", "coordinates": [ [ 96.618749999999494, 28.33124999999955 ], [ 96.602083333332672, 28.322916666666238 ] ] } },
{ "type": "Feature", "properties": { }, "geometry": { "type": "LineString", "coordinates": [ [ 96.602083333332672, 28.335416666666212 ], [ 96.602083333332672, 28.322916666666238 ] ] } },
{ "type": "Feature", "properties": { }, "geometry": { "type": "LineString", "coordinates": [ [ 96.635416666666032, 28.352083333332892 ], [ 96.631249999999369, 28.352083333332892 ], [ 96.622916666666157, 28.343749999999524 ], [ 96.618749999999494, 28.33124999999955 ] ] } },
{ "type": "Feature", "properties": { }, "geometry": { "type": "LineString", "coordinates": [ [ 96.58958333333274, 28.368749999999558 ], [ 96.59374999999946, 28.364583333332909 ], [ 96.59374999999946, 28.352083333332892 ], [ 96.602083333332672, 28.335416666666212 ] ] } },
{ "type": "Feature", "properties": { }, "geometry": { "type": "LineString", "coordinates": [ [ 96.647916666666021, 28.352083333332892 ], [ 96.635416666666032, 28.352083333332892 ] ] } },
{ "type": "Feature", "properties": { }, "geometry": { "type": "LineString", "coordinates": [ [ 96.672916666666055, 28.368749999999558 ], [ 96.660416666666066, 28.356249999999541 ], [ 96.652083333332683, 28.356249999999541 ], [ 96.647916666666021, 28.352083333332892 ] ] } },
{ "type": "Feature", "properties": { }, "geometry": { "type": "LineString", "coordinates": [ [ 96.58958333333274, 28.372916666666221 ], [ 96.58958333333274, 28.368749999999558 ] ] } },
{ "type": "Feature", "properties": { }, "geometry": { "type": "LineString", "coordinates": [ [ 96.668749999999392, 28.377083333332884 ], [ 96.672916666666055, 28.368749999999558 ] ] } },
{ "type": "Feature", "properties": { }, "geometry": { "type": "LineString", "coordinates": [ [ 96.585416666666077, 28.377083333332884 ], [ 96.58958333333274, 28.372916666666221 ] ] } },
{ "type": "Feature", "properties": { }, "geometry": { "type": "LineString", "coordinates": [ [ 96.668749999999392, 28.381249999999532 ], [ 96.668749999999392, 28.377083333332884 ] ] } },
{ "type": "Feature", "properties": { }, "geometry": { "type": "LineString", "coordinates": [ [ 96.581249999999415, 28.381249999999532 ], [ 96.585416666666077, 28.377083333332884 ] ] } },
{ "type": "Feature", "properties": { }, "geometry": { "type": "LineString", "coordinates": [ [ 96.577083333332752, 28.389583333332901 ], [ 96.581249999999415, 28.381249999999532 ] ] } },
{ "type": "Feature", "properties": { }, "geometry": { "type": "LineString", "coordinates": [ [ 96.685416666666043, 28.402083333332875 ], [ 96.668749999999392, 28.381249999999532 ] ] } },
{ "type": "Feature", "properties": { }, "geometry": { "type": "LineString", "coordinates": [ [ 96.572916666666089, 28.39374999999955 ], [ 96.577083333332752, 28.389583333332901 ] ] } },
{ "type": "Feature", "properties": { }, "geometry": { "type": "LineString", "coordinates": [ [ 96.572916666666089, 28.397916666666212 ], [ 96.572916666666089, 28.39374999999955 ] ] } },
{ "type": "Feature", "properties": { }, "geometry": { "type": "LineString", "coordinates": [ [ 96.568749999999426, 28.402083333332875 ], [ 96.572916666666089, 28.397916666666212 ] ] } },
{ "type": "Feature", "properties": { }, "geometry": { "type": "LineString", "coordinates": [ [ 96.568749999999426, 28.410416666666187 ], [ 96.568749999999426, 28.402083333332875 ] ] } },
{ "type": "Feature", "properties": { }, "geometry": { "type": "LineString", "coordinates": [ [ 96.697916666666032, 28.418749999999555 ], [ 96.689583333332706, 28.402083333332875 ], [ 96.685416666666043, 28.402083333332875 ] ] } },
{ "type": "Feature", "properties": { }, "geometry": { "type": "LineString", "coordinates": [ [ 96.568749999999426, 28.414583333332892 ], [ 96.568749999999426, 28.410416666666187 ] ] } },
{ "type": "Feature", "properties": { }, "geometry": { "type": "LineString", "coordinates": [ [ 96.568749999999426, 28.418749999999555 ], [ 96.568749999999426, 28.414583333332892 ] ] } },
{ "type": "Feature", "properties": { }, "geometry": { "type": "LineString", "coordinates": [ [ 96.564583333332706, 28.431249999999572 ], [ 96.568749999999426, 28.418749999999555 ] ] } },
{ "type": "Feature", "properties": { }, "geometry": { "type": "LineString", "coordinates": [ [ 96.564583333332706, 28.435416666666221 ], [ 96.564583333332706, 28.431249999999572 ] ] } },
{ "type": "Feature", "properties": { }, "geometry": { "type": "LineString", "coordinates": [ [ 96.564583333332706, 28.439583333332884 ], [ 96.564583333332706, 28.435416666666221 ] ] } },
{ "type": "Feature", "properties": { }, "geometry": { "type": "LineString", "coordinates": [ [ 96.564583333332706, 28.455563857948476 ], [ 96.564583333332706, 28.439583333332884 ] ] } },
{ "type": "Feature", "properties": { }, "geometry": { "type": "LineString", "coordinates": [ [ 96.1854166666661, 28.402083333332875 ], [ 96.181249999999437, 28.397916666666212 ] ] } },
{ "type": "Feature", "properties": { }, "geometry": { "type": "LineString", "coordinates": [ [ 96.189583333332763, 28.406249999999524 ], [ 96.1854166666661, 28.402083333332875 ] ] } },
{ "type": "Feature", "properties": { }, "geometry": { "type": "LineString", "coordinates": [ [ 96.189583333332763, 28.410416666666187 ], [ 96.189583333332763, 28.406249999999524 ] ] } },
{ "type": "Feature", "properties": { }, "geometry": { "type": "LineString", "coordinates": [ [ 96.193749999999426, 28.418749999999555 ], [ 96.189583333332763, 28.410416666666187 ] ] } },
{ "type": "Feature", "properties": { }, "geometry": { "type": "LineString", "coordinates": [ [ 96.202083333332808, 28.431249999999572 ], [ 96.193749999999426, 28.418749999999555 ] ] } },
{ "type": "Feature", "properties": { }, "geometry": { "type": "LineString", "coordinates": [ [ 96.206249999999471, 28.435416666666221 ], [ 96.202083333332808, 28.431249999999572 ] ] } },
{ "type": "Feature", "properties": { }, "geometry": { "type": "LineString", "coordinates": [ [ 96.218749999999346, 28.447916666666238 ], [ 96.206249999999471, 28.435416666666221 ] ] } },
{ "type": "Feature", "properties": { }, "geometry": { "type": "LineString", "coordinates": [ [ 96.227083333332672, 28.452083333332901 ], [ 96.218749999999346, 28.447916666666238 ] ] } },
{ "type": "Feature", "properties": { }, "geometry": { "type": "LineString", "coordinates": [ [ 96.222916666666123, 28.652083333332889 ], [ 96.218749999999346, 28.656249999999538 ], [ 96.210416666666021, 28.656249999999538 ] ] } },
{ "type": "Feature", "properties": { }, "geometry": { "type": "LineString", "coordinates": [ [ 96.227083333332672, 28.656249999999538 ], [ 96.222916666666123, 28.652083333332889 ] ] } },
{ "type": "Feature", "properties": { }, "geometry": { "type": "LineString", "coordinates": [ [ 96.3104166666661, 28.656249999999538 ], [ 96.302083333332718, 28.656249999999538 ] ] } },
{ "type": "Feature", "properties": { }, "geometry": { "type": "LineString", "coordinates": [ [ 96.210416666666021, 28.656249999999538 ], [ 96.206249999999471, 28.656249999999538 ] ] } },
{ "type": "Feature", "properties": { }, "geometry": { "type": "LineString", "coordinates": [ [ 96.235416666666055, 28.656249999999538 ], [ 96.227083333332672, 28.656249999999538 ] ] } },
{ "type": "Feature", "properties": { }, "geometry": { "type": "LineString", "coordinates": [ [ 96.206249999999471, 28.656249999999538 ], [ 96.197916666666089, 28.656249999999538 ] ] } },
{ "type": "Feature", "properties": { }, "geometry": { "type": "LineString", "coordinates": [ [ 96.197916666666089, 28.656249999999538 ], [ 96.193749999999426, 28.660416666666201 ] ] } },
{ "type": "Feature", "properties": { }, "geometry": { "type": "LineString", "coordinates": [ [ 96.302083333332718, 28.656249999999538 ], [ 96.297916666666055, 28.660416666666201 ] ] } },
{ "type": "Feature", "properties": { }, "geometry": { "type": "LineString", "coordinates": [ [ 96.252083333332706, 28.660416666666201 ], [ 96.24374999999938, 28.656249999999538 ], [ 96.235416666666055, 28.656249999999538 ] ] } },
{ "type": "Feature", "properties": { }, "geometry": { "type": "LineString", "coordinates": [ [ 96.260416666666032, 28.660416666666201 ], [ 96.252083333332706, 28.660416666666201 ] ] } },
{ "type": "Feature", "properties": { }, "geometry": { "type": "LineString", "coordinates": [ [ 96.264583333332695, 28.660416666666201 ], [ 96.260416666666032, 28.660416666666201 ] ] } },
{ "type": "Feature", "properties": { }, "geometry": { "type": "LineString", "coordinates": [ [ 96.297916666666055, 28.660416666666201 ], [ 96.293749999999392, 28.660416666666201 ] ] } },
{ "type": "Feature", "properties": { }, "geometry": { "type": "LineString", "coordinates": [ [ 96.193749999999426, 28.660416666666201 ], [ 96.1854166666661, 28.664583333332907 ] ] } },
{ "type": "Feature", "properties": { }, "geometry": { "type": "LineString", "coordinates": [ [ 96.27708333333274, 28.664583333332907 ], [ 96.272916666666021, 28.660416666666201 ], [ 96.264583333332695, 28.660416666666201 ] ] } },
{ "type": "Feature", "properties": { }, "geometry": { "type": "LineString", "coordinates": [ [ 96.293749999999392, 28.660416666666201 ], [ 96.289583333332729, 28.664583333332907 ] ] } },
{ "type": "Feature", "properties": { }, "geometry": { "type": "LineString", "coordinates": [ [ 96.1854166666661, 28.664583333332907 ], [ 96.181249999999437, 28.664583333332907 ] ] } },
{ "type": "Feature", "properties": { }, "geometry": { "type": "LineString", "coordinates": [ [ 96.160416666666066, 28.664583333332907 ], [ 96.147916666666021, 28.664583333332907 ] ] } },
{ "type": "Feature", "properties": { }, "geometry": { "type": "LineString", "coordinates": [ [ 96.289583333332729, 28.664583333332907 ], [ 96.27708333333274, 28.664583333332907 ] ] } },
{ "type": "Feature", "properties": { }, "geometry": { "type": "LineString", "coordinates": [ [ 96.181249999999437, 28.664583333332907 ], [ 96.172916666666055, 28.668749999999513 ] ] } },
{ "type": "Feature", "properties": { }, "geometry": { "type": "LineString", "coordinates": [ [ 96.172916666666055, 28.668749999999513 ], [ 96.168749999999392, 28.664583333332907 ], [ 96.160416666666066, 28.664583333332907 ] ] } },
{ "type": "Feature", "properties": { }, "geometry": { "type": "LineString", "coordinates": [ [ 96.147916666666021, 28.664583333332907 ], [ 96.143749999999415, 28.668749999999513 ] ] } },
{ "type": "Feature", "properties": { }, "geometry": { "type": "LineString", "coordinates": [ [ 96.139583333332695, 28.668749999999513 ], [ 96.114583333332718, 28.668749999999513 ] ] } },
{ "type": "Feature", "properties": { }, "geometry": { "type": "LineString", "coordinates": [ [ 96.472916666666123, 28.264583333332887 ], [ 96.481249999999449, 28.256249999999532 ] ] } },
{ "type": "Feature", "properties": { }, "geometry": { "type": "LineString", "coordinates": [ [ 96.485416666665998, 28.256249999999532 ], [ 96.489583333332831, 28.256249999999532 ], [ 96.502083333332706, 28.26874999999955 ], [ 96.514583333332695, 28.26874999999955 ] ] } },
{ "type": "Feature", "properties": { }, "geometry": { "type": "LineString", "coordinates": [ [ 96.464583333332797, 28.264583333332887 ], [ 96.472916666666123, 28.264583333332887 ] ] } },
{ "type": "Feature", "properties": { }, "geometry": { "type": "LineString", "coordinates": [ [ 96.356249999999449, 28.789583333332864 ], [ 96.352083333332672, 28.789583333332864 ] ] } },
{ "type": "Feature", "properties": { }, "geometry": { "type": "LineString", "coordinates": [ [ 96.360416666665998, 28.789583333332864 ], [ 96.356249999999449, 28.789583333332864 ] ] } },
{ "type": "Feature", "properties": { }, "geometry": { "type": "LineString", "coordinates": [ [ 96.352083333332672, 28.789583333332864 ], [ 96.343749999999346, 28.793749999999527 ] ] } },
{ "type": "Feature", "properties": { }, "geometry": { "type": "LineString", "coordinates": [ [ 96.389583333332695, 28.797916666666218 ], [ 96.360416666665998, 28.789583333332864 ] ] } },
{ "type": "Feature", "properties": { }, "geometry": { "type": "LineString", "coordinates": [ [ 96.343749999999346, 28.793749999999527 ], [ 96.335416666666134, 28.793749999999527 ], [ 96.322916666666089, 28.802083333332881 ], [ 96.318749999999426, 28.797916666666218 ], [ 96.3104166666661, 28.802083333332881 ] ] } },
{ "type": "Feature", "properties": { }, "geometry": { "type": "LineString", "coordinates": [ [ 96.510416666666032, 29.068749999999532 ], [ 96.518091516967161, 29.065241816365067 ] ] } },
{ "type": "Feature", "properties": { }, "geometry": { "type": "LineString", "coordinates": [ [ 96.506131058679657, 29.073035607985897 ], [ 96.510416666666032, 29.068749999999532 ] ] } },
{ "type": "Feature", "properties": { }, "geometry": { "type": "LineString", "coordinates": [ [ 96.143749999999415, 28.668749999999513 ], [ 96.139583333332695, 28.668749999999513 ] ] } },
{ "type": "Feature", "properties": { }, "geometry": { "type": "LineString", "coordinates": [ [ 96.172916666666055, 28.689583333332898 ], [ 96.172916666666055, 28.668749999999513 ] ] } },
{ "type": "Feature", "properties": { }, "geometry": { "type": "LineString", "coordinates": [ [ 96.172916666666055, 28.706249999999521 ], [ 96.172916666666055, 28.689583333332898 ] ] } },
{ "type": "Feature", "properties": { }, "geometry": { "type": "LineString", "coordinates": [ [ 96.181249999999437, 28.714583333332889 ], [ 96.172916666666055, 28.710416666666227 ], [ 96.172916666666055, 28.706249999999521 ] ] } },
{ "type": "Feature", "properties": { }, "geometry": { "type": "LineString", "coordinates": [ [ 96.1854166666661, 28.722916666666201 ], [ 96.181249999999437, 28.714583333332889 ] ] } },
{ "type": "Feature", "properties": { }, "geometry": { "type": "LineString", "coordinates": [ [ 96.193749999999426, 28.731249999999569 ], [ 96.1854166666661, 28.722916666666201 ] ] } },
{ "type": "Feature", "properties": { }, "geometry": { "type": "LineString", "coordinates": [ [ 96.210416666666021, 28.747916666666192 ], [ 96.197916666666089, 28.739583333332881 ], [ 96.193749999999426, 28.731249999999569 ] ] } },
{ "type": "Feature", "properties": { }, "geometry": { "type": "LineString", "coordinates": [ [ 96.222916666666123, 28.752083333332855 ], [ 96.210416666666021, 28.747916666666192 ] ] } },
{ "type": "Feature", "properties": { }, "geometry": { "type": "LineString", "coordinates": [ [ 96.227083333332672, 28.756249999999561 ], [ 96.222916666666123, 28.752083333332855 ] ] } },
{ "type": "Feature", "properties": { }, "geometry": { "type": "LineString", "coordinates": [ [ 96.231249999999505, 28.76041666666621 ], [ 96.227083333332672, 28.756249999999561 ] ] } },
{ "type": "Feature", "properties": { }, "geometry": { "type": "LineString", "coordinates": [ [ 94.135416666666089, 28.243749999999558 ], [ 94.147916666666077, 28.239583333332895 ] ] } },
{ "type": "Feature", "properties": { }, "geometry": { "type": "LineString", "coordinates": [ [ 94.235416666666055, 28.247916666666221 ], [ 94.22291666666618, 28.235416666666246 ] ] } },
{ "type": "Feature", "properties": { }, "geometry": { "type": "LineString", "coordinates": [ [ 94.127083333332763, 28.247916666666221 ], [ 94.135416666666089, 28.243749999999558 ] ] } },
{ "type": "Feature", "properties": { }, "geometry": { "type": "LineString", "coordinates": [ [ 94.239583333332718, 28.247916666666221 ], [ 94.235416666666055, 28.247916666666221 ] ] } },
{ "type": "Feature", "properties": { }, "geometry": { "type": "LineString", "coordinates": [ [ 94.243749999999494, 28.247916666666221 ], [ 94.239583333332718, 28.247916666666221 ] ] } },
{ "type": "Feature", "properties": { }, "geometry": { "type": "LineString", "coordinates": [ [ 94.247916666666043, 28.25208333333287 ], [ 94.243749999999494, 28.247916666666221 ] ] } },
{ "type": "Feature", "properties": { }, "geometry": { "type": "LineString", "coordinates": [ [ 94.252083333332763, 28.256249999999532 ], [ 94.247916666666043, 28.25208333333287 ] ] } },
{ "type": "Feature", "properties": { }, "geometry": { "type": "LineString", "coordinates": [ [ 94.260416666666089, 28.256249999999532 ], [ 94.252083333332763, 28.256249999999532 ] ] } },
{ "type": "Feature", "properties": { }, "geometry": { "type": "LineString", "coordinates": [ [ 94.143749999999415, 28.264583333332887 ], [ 94.143749999999415, 28.260416666666238 ], [ 94.139583333332752, 28.260416666666238 ], [ 94.127083333332763, 28.247916666666221 ] ] } },
{ "type": "Feature", "properties": { }, "geometry": { "type": "LineString", "coordinates": [ [ 94.139583333332752, 28.272916666666255 ], [ 94.143749999999415, 28.264583333332887 ] ] } },
{ "type": "Feature", "properties": { }, "geometry": { "type": "LineString", "coordinates": [ [ 94.15208333333274, 28.285416666666229 ], [ 94.139583333332752, 28.272916666666255 ] ] } },
{ "type": "Feature", "properties": { }, "geometry": { "type": "LineString", "coordinates": [ [ 94.156249999999403, 28.289583333332878 ], [ 94.15208333333274, 28.285416666666229 ] ] } },
{ "type": "Feature", "properties": { }, "geometry": { "type": "LineString", "coordinates": [ [ 94.164583333332729, 28.293749999999541 ], [ 94.156249999999403, 28.289583333332878 ] ] } },
{ "type": "Feature", "properties": { }, "geometry": { "type": "LineString", "coordinates": [ [ 94.168749999999449, 28.297916666666246 ], [ 94.164583333332729, 28.293749999999541 ] ] } },
{ "type": "Feature", "properties": { }, "geometry": { "type": "LineString", "coordinates": [ [ 94.177083333332774, 28.306249999999558 ], [ 94.168749999999449, 28.297916666666246 ] ] } },
{ "type": "Feature", "properties": { }, "geometry": { "type": "LineString", "coordinates": [ [ 94.193749999999483, 28.314583333332884 ], [ 94.177083333332774, 28.306249999999558 ] ] } },
{ "type": "Feature", "properties": { }, "geometry": { "type": "LineString", "coordinates": [ [ 94.197916666666146, 28.318749999999532 ], [ 94.193749999999483, 28.314583333332884 ] ] } },
{ "type": "Feature", "properties": { }, "geometry": { "type": "LineString", "coordinates": [ [ 94.197916666666146, 28.322916666666238 ], [ 94.197916666666146, 28.318749999999532 ] ] } },
{ "type": "Feature", "properties": { }, "geometry": { "type": "LineString", "coordinates": [ [ 94.202083333332808, 28.327083333332901 ], [ 94.197916666666146, 28.322916666666238 ] ] } },
{ "type": "Feature", "properties": { }, "geometry": { "type": "LineString", "coordinates": [ [ 94.210416666666134, 28.347916666666229 ], [ 94.210416666666134, 28.339583333332875 ], [ 94.202083333332808, 28.33124999999955 ], [ 94.202083333332808, 28.327083333332901 ] ] } },
{ "type": "Feature", "properties": { }, "geometry": { "type": "LineString", "coordinates": [ [ 94.068749999999483, 28.302083333332895 ], [ 94.072916666666146, 28.297916666666246 ] ] } },
{ "type": "Feature", "properties": { }, "geometry": { "type": "LineString", "coordinates": [ [ 94.06458333333282, 28.306249999999558 ], [ 94.068749999999483, 28.302083333332895 ] ] } },
{ "type": "Feature", "properties": { }, "geometry": { "type": "LineString", "coordinates": [ [ 94.056249999999437, 28.318749999999532 ], [ 94.0604166666661, 28.310416666666221 ], [ 94.06458333333282, 28.310416666666221 ], [ 94.06458333333282, 28.306249999999558 ] ] } },
{ "type": "Feature", "properties": { }, "geometry": { "type": "LineString", "coordinates": [ [ 94.052083333332774, 28.322916666666238 ], [ 94.056249999999437, 28.318749999999532 ] ] } },
{ "type": "Feature", "properties": { }, "geometry": { "type": "LineString", "coordinates": [ [ 94.047916666666111, 28.33124999999955 ], [ 94.052083333332774, 28.322916666666238 ] ] } },
{ "type": "Feature", "properties": { }, "geometry": { "type": "LineString", "coordinates": [ [ 94.043749999999449, 28.335416666666212 ], [ 94.047916666666111, 28.33124999999955 ] ] } },
{ "type": "Feature", "properties": { }, "geometry": { "type": "LineString", "coordinates": [ [ 94.039583333332786, 28.339583333332875 ], [ 94.043749999999449, 28.335416666666212 ] ] } },
{ "type": "Feature", "properties": { }, "geometry": { "type": "LineString", "coordinates": [ [ 94.035416666666066, 28.343749999999524 ], [ 94.039583333332786, 28.339583333332875 ] ] } },
{ "type": "Feature", "properties": { }, "geometry": { "type": "LineString", "coordinates": [ [ 94.035416666666066, 28.356249999999541 ], [ 94.035416666666066, 28.343749999999524 ] ] } },
{ "type": "Feature", "properties": { }, "geometry": { "type": "LineString", "coordinates": [ [ 94.031249999999403, 28.360416666666204 ], [ 94.035416666666066, 28.356249999999541 ] ] } },
{ "type": "Feature", "properties": { }, "geometry": { "type": "LineString", "coordinates": [ [ 94.022916666666077, 28.368749999999558 ], [ 94.031249999999403, 28.360416666666204 ] ] } },
{ "type": "Feature", "properties": { }, "geometry": { "type": "LineString", "coordinates": [ [ 93.993749999999437, 28.364583333332909 ], [ 93.997916666666043, 28.364583333332909 ] ] } },
{ "type": "Feature", "properties": { }, "geometry": { "type": "LineString", "coordinates": [ [ 93.997916666666043, 28.364583333332909 ], [ 94.002083333332763, 28.364583333332909 ] ] } },
{ "type": "Feature", "properties": { }, "geometry": { "type": "LineString", "coordinates": [ [ 94.002083333332763, 28.364583333332909 ], [ 94.010416666666089, 28.368749999999558 ], [ 94.018749999999415, 28.368749999999558 ] ] } },
{ "type": "Feature", "properties": { }, "geometry": { "type": "LineString", "coordinates": [ [ 93.989583333332718, 28.368749999999558 ], [ 93.993749999999437, 28.364583333332909 ] ] } },
{ "type": "Feature", "properties": { }, "geometry": { "type": "LineString", "coordinates": [ [ 93.943749999999369, 28.368749999999558 ], [ 93.952083333332808, 28.368749999999558 ], [ 93.956249999999471, 28.364583333332909 ], [ 93.960416666666191, 28.368749999999558 ], [ 93.972916666666066, 28.368749999999558 ] ] } },
{ "type": "Feature", "properties": { }, "geometry": { "type": "LineString", "coordinates": [ [ 93.972916666666066, 28.368749999999558 ], [ 93.989583333332718, 28.368749999999558 ] ] } },
{ "type": "Feature", "properties": { }, "geometry": { "type": "LineString", "coordinates": [ [ 94.018749999999415, 28.368749999999558 ], [ 94.022916666666077, 28.368749999999558 ] ] } },
{ "type": "Feature", "properties": { }, "geometry": { "type": "LineString", "coordinates": [ [ 94.052083333332774, 28.381249999999532 ], [ 94.031249999999403, 28.360416666666204 ] ] } },
{ "type": "Feature", "properties": { }, "geometry": { "type": "LineString", "coordinates": [ [ 94.052083333332774, 28.39374999999955 ], [ 94.056249999999437, 28.389583333332901 ], [ 94.052083333332774, 28.381249999999532 ] ] } },
{ "type": "Feature", "properties": { }, "geometry": { "type": "LineString", "coordinates": [ [ 93.90208333333274, 28.381249999999532 ], [ 93.906249999999403, 28.381249999999532 ] ] } },
{ "type": "Feature", "properties": { }, "geometry": { "type": "LineString", "coordinates": [ [ 93.877083333332763, 28.385416666666195 ], [ 93.881249999999426, 28.381249999999532 ], [ 93.90208333333274, 28.381249999999532 ] ] } },
{ "type": "Feature", "properties": { }, "geometry": { "type": "LineString", "coordinates": [ [ 93.872916666666043, 28.389583333332901 ], [ 93.877083333332763, 28.385416666666195 ] ] } },
{ "type": "Feature", "properties": { }, "geometry": { "type": "LineString", "coordinates": [ [ 93.856249999999392, 28.39374999999955 ], [ 93.864583333332718, 28.389583333332901 ], [ 93.872916666666043, 28.389583333332901 ] ] } },
{ "type": "Feature", "properties": { }, "geometry": { "type": "LineString", "coordinates": [ [ 93.831249999999528, 28.402083333332875 ], [ 93.835416666666077, 28.397916666666212 ], [ 93.847916666666066, 28.397916666666212 ], [ 93.856249999999392, 28.39374999999955 ] ] } },
{ "type": "Feature", "properties": { }, "geometry": { "type": "LineString", "coordinates": [ [ 93.827083333332808, 28.402083333332875 ], [ 93.831249999999528, 28.402083333332875 ] ] } },
{ "type": "Feature", "properties": { }, "geometry": { "type": "LineString", "coordinates": [ [ 93.822916666666146, 28.406249999999524 ], [ 93.827083333332808, 28.402083333332875 ] ] } },
{ "type": "Feature", "properties": { }, "geometry": { "type": "LineString", "coordinates": [ [ 93.760416666666089, 28.410416666666187 ], [ 93.764583333332752, 28.406249999999524 ], [ 93.768749999999415, 28.410416666666187 ] ] } },
{ "type": "Feature", "properties": { }, "geometry": { "type": "LineString", "coordinates": [ [ 93.810416666666043, 28.410416666666187 ], [ 93.822916666666146, 28.406249999999524 ] ] } },
{ "type": "Feature", "properties": { }, "geometry": { "type": "LineString", "coordinates": [ [ 93.756249999999426, 28.410416666666187 ], [ 93.760416666666089, 28.410416666666187 ] ] } },
{ "type": "Feature", "properties": { }, "geometry": { "type": "LineString", "coordinates": [ [ 94.056249999999437, 28.397916666666212 ], [ 94.052083333332774, 28.39374999999955 ] ] } },
{ "type": "Feature", "properties": { }, "geometry": { "type": "LineString", "coordinates": [ [ 94.052083333332774, 28.410416666666187 ], [ 94.056249999999437, 28.406249999999524 ], [ 94.056249999999437, 28.397916666666212 ] ] } },
{ "type": "Feature", "properties": { }, "geometry": { "type": "LineString", "coordinates": [ [ 94.052083333332774, 28.418749999999555 ], [ 94.052083333332774, 28.410416666666187 ] ] } },
{ "type": "Feature", "properties": { }, "geometry": { "type": "LineString", "coordinates": [ [ 94.056249999999437, 28.422916666666204 ], [ 94.052083333332774, 28.418749999999555 ] ] } },
{ "type": "Feature", "properties": { }, "geometry": { "type": "LineString", "coordinates": [ [ 94.056249999999437, 28.431249999999572 ], [ 94.056249999999437, 28.422916666666204 ] ] } },
{ "type": "Feature", "properties": { }, "geometry": { "type": "LineString", "coordinates": [ [ 94.0604166666661, 28.439583333332884 ], [ 94.056249999999437, 28.431249999999572 ] ] } },
{ "type": "Feature", "properties": { }, "geometry": { "type": "LineString", "coordinates": [ [ 94.06458333333282, 28.447916666666238 ], [ 94.0604166666661, 28.439583333332884 ] ] } },
{ "type": "Feature", "properties": { }, "geometry": { "type": "LineString", "coordinates": [ [ 94.06458333333282, 28.452083333332901 ], [ 94.06458333333282, 28.447916666666238 ] ] } },
{ "type": "Feature", "properties": { }, "geometry": { "type": "LineString", "coordinates": [ [ 94.0604166666661, 28.460416666666212 ], [ 94.06458333333282, 28.452083333332901 ] ] } },
{ "type": "Feature", "properties": { }, "geometry": { "type": "LineString", "coordinates": [ [ 94.06458333333282, 28.464583333332875 ], [ 94.0604166666661, 28.460416666666212 ] ] } },
{ "type": "Feature", "properties": { }, "geometry": { "type": "LineString", "coordinates": [ [ 94.06458333333282, 28.468749999999538 ], [ 94.06458333333282, 28.464583333332875 ] ] } },
{ "type": "Feature", "properties": { }, "geometry": { "type": "LineString", "coordinates": [ [ 94.110416666666055, 28.606249999999513 ], [ 94.114583333332718, 28.606249999999513 ] ] } },
{ "type": "Feature", "properties": { }, "geometry": { "type": "LineString", "coordinates": [ [ 94.114583333332718, 28.606249999999513 ], [ 94.131249999999369, 28.606249999999513 ] ] } },
{ "type": "Feature", "properties": { }, "geometry": { "type": "LineString", "coordinates": [ [ 94.102083333332729, 28.614583333332867 ], [ 94.110416666666055, 28.606249999999513 ] ] } },
{ "type": "Feature", "properties": { }, "geometry": { "type": "LineString", "coordinates": [ [ 94.081249999999471, 28.614583333332867 ], [ 94.089583333332854, 28.614583333332867 ] ] } },
{ "type": "Feature", "properties": { }, "geometry": { "type": "LineString", "coordinates": [ [ 94.097916666666066, 28.61874999999953 ], [ 94.102083333332729, 28.614583333332867 ] ] } },
{ "type": "Feature", "properties": { }, "geometry": { "type": "LineString", "coordinates": [ [ 94.089583333332854, 28.614583333332867 ], [ 94.093749999999517, 28.61874999999953 ] ] } },
{ "type": "Feature", "properties": { }, "geometry": { "type": "LineString", "coordinates": [ [ 94.072916666666146, 28.61874999999953 ], [ 94.081249999999471, 28.614583333332867 ] ] } },
{ "type": "Feature", "properties": { }, "geometry": { "type": "LineString", "coordinates": [ [ 94.093749999999517, 28.61874999999953 ], [ 94.097916666666066, 28.61874999999953 ] ] } },
{ "type": "Feature", "properties": { }, "geometry": { "type": "LineString", "coordinates": [ [ 94.068749999999483, 28.61874999999953 ], [ 94.072916666666146, 28.61874999999953 ] ] } },
{ "type": "Feature", "properties": { }, "geometry": { "type": "LineString", "coordinates": [ [ 94.202083333332808, 28.527083333332875 ], [ 94.210416666666134, 28.535416666666201 ] ] } },
{ "type": "Feature", "properties": { }, "geometry": { "type": "LineString", "coordinates": [ [ 94.210416666666134, 28.535416666666201 ], [ 94.214583333332797, 28.539583333332892 ] ] } },
{ "type": "Feature", "properties": { }, "geometry": { "type": "LineString", "coordinates": [ [ 94.214583333332797, 28.539583333332892 ], [ 94.22291666666618, 28.543749999999555 ] ] } },
{ "type": "Feature", "properties": { }, "geometry": { "type": "LineString", "coordinates": [ [ 94.256249999999369, 28.543749999999555 ], [ 94.260416666666089, 28.543749999999555 ] ] } },
{ "type": "Feature", "properties": { }, "geometry": { "type": "LineString", "coordinates": [ [ 94.231249999999392, 28.552083333332867 ], [ 94.235416666666055, 28.547916666666218 ], [ 94.252083333332763, 28.547916666666218 ], [ 94.256249999999369, 28.543749999999555 ] ] } },
{ "type": "Feature", "properties": { }, "geometry": { "type": "LineString", "coordinates": [ [ 94.22291666666618, 28.543749999999555 ], [ 94.231249999999392, 28.552083333332867 ] ] } },
{ "type": "Feature", "properties": { }, "geometry": { "type": "LineString", "coordinates": [ [ 94.231249999999392, 28.560416666666235 ], [ 94.231249999999392, 28.552083333332867 ] ] } },
{ "type": "Feature", "properties": { }, "geometry": { "type": "LineString", "coordinates": [ [ 94.214583333332797, 28.560416666666235 ], [ 94.22291666666618, 28.564583333332884 ] ] } },
{ "type": "Feature", "properties": { }, "geometry": { "type": "LineString", "coordinates": [ [ 94.22291666666618, 28.564583333332884 ], [ 94.231249999999392, 28.560416666666235 ] ] } },
{ "type": "Feature", "properties": { }, "geometry": { "type": "LineString", "coordinates": [ [ 94.181249999999437, 28.564583333332884 ], [ 94.1854166666661, 28.564583333332884 ] ] } },
{ "type": "Feature", "properties": { }, "geometry": { "type": "LineString", "coordinates": [ [ 93.768749999999415, 28.410416666666187 ], [ 93.78124999999946, 28.410416666666187 ] ] } },
{ "type": "Feature", "properties": { }, "geometry": { "type": "LineString", "coordinates": [ [ 93.78124999999946, 28.410416666666187 ], [ 93.793749999999449, 28.410416666666187 ] ] } },
{ "type": "Feature", "properties": { }, "geometry": { "type": "LineString", "coordinates": [ [ 93.793749999999449, 28.410416666666187 ], [ 93.797916666666111, 28.414583333332892 ], [ 93.802083333332774, 28.410416666666187 ], [ 93.810416666666043, 28.410416666666187 ] ] } },
{ "type": "Feature", "properties": { }, "geometry": { "type": "LineString", "coordinates": [ [ 93.822916666666146, 28.418749999999555 ], [ 93.827083333332808, 28.414583333332892 ], [ 93.822916666666146, 28.406249999999524 ] ] } },
{ "type": "Feature", "properties": { }, "geometry": { "type": "LineString", "coordinates": [ [ 93.93958333333282, 28.68124999999953 ], [ 93.943749999999369, 28.68124999999953 ] ] } },
{ "type": "Feature", "properties": { }, "geometry": { "type": "LineString", "coordinates": [ [ 93.937645102189293, 28.68124999999953 ], [ 93.93958333333282, 28.68124999999953 ] ] } },
{ "type": "Feature", "properties": { }, "geometry": { "type": "LineString", "coordinates": [ [ 94.177083333332774, 28.564583333332884 ], [ 94.181249999999437, 28.564583333332884 ] ] } },
{ "type": "Feature", "properties": { }, "geometry": { "type": "LineString", "coordinates": [ [ 94.172916666666111, 28.564583333332884 ], [ 94.177083333332774, 28.564583333332884 ] ] } },
{ "type": "Feature", "properties": { }, "geometry": { "type": "LineString", "coordinates": [ [ 94.1854166666661, 28.564583333332884 ], [ 94.189583333332763, 28.564583333332884 ] ] } },
{ "type": "Feature", "properties": { }, "geometry": { "type": "LineString", "coordinates": [ [ 94.197916666666146, 28.568749999999547 ], [ 94.206249999999471, 28.568749999999547 ], [ 94.214583333332797, 28.560416666666235 ] ] } },
{ "type": "Feature", "properties": { }, "geometry": { "type": "LineString", "coordinates": [ [ 94.189583333332763, 28.564583333332884 ], [ 94.193749999999483, 28.568749999999547 ] ] } },
{ "type": "Feature", "properties": { }, "geometry": { "type": "LineString", "coordinates": [ [ 94.193749999999483, 28.568749999999547 ], [ 94.197916666666146, 28.568749999999547 ] ] } },
{ "type": "Feature", "properties": { }, "geometry": { "type": "LineString", "coordinates": [ [ 94.156249999999403, 28.577083333332901 ], [ 94.172916666666111, 28.564583333332884 ] ] } },
{ "type": "Feature", "properties": { }, "geometry": { "type": "LineString", "coordinates": [ [ 94.247916666666043, 28.589583333332875 ], [ 94.247916666666043, 28.581249999999521 ], [ 94.260416666666089, 28.568749999999547 ] ] } },
{ "type": "Feature", "properties": { }, "geometry": { "type": "LineString", "coordinates": [ [ 94.131249999999369, 28.606249999999513 ], [ 94.139583333332752, 28.606249999999513 ], [ 94.147916666666077, 28.597916666666201 ], [ 94.156249999999403, 28.577083333332901 ] ] } },
{ "type": "Feature", "properties": { }, "geometry": { "type": "LineString", "coordinates": [ [ 94.243749999999494, 28.814583333332855 ], [ 94.252083333332763, 28.810416666666192 ] ] } },
{ "type": "Feature", "properties": { }, "geometry": { "type": "LineString", "coordinates": [ [ 93.727083333332729, 28.406249999999524 ], [ 93.731249999999392, 28.402083333332875 ], [ 93.743749999999437, 28.406249999999524 ] ] } },
{ "type": "Feature", "properties": { }, "geometry": { "type": "LineString", "coordinates": [ [ 93.722916666666066, 28.406249999999524 ], [ 93.727083333332729, 28.406249999999524 ] ] } },
{ "type": "Feature", "properties": { }, "geometry": { "type": "LineString", "coordinates": [ [ 93.743749999999437, 28.406249999999524 ], [ 93.756249999999426, 28.410416666666187 ] ] } },
{ "type": "Feature", "properties": { }, "geometry": { "type": "LineString", "coordinates": [ [ 93.718749999999403, 28.422916666666204 ], [ 93.722916666666066, 28.414583333332892 ], [ 93.722916666666066, 28.406249999999524 ] ] } },
{ "type": "Feature", "properties": { }, "geometry": { "type": "LineString", "coordinates": [ [ 93.71458333333274, 28.431249999999572 ], [ 93.718749999999403, 28.422916666666204 ] ] } },
{ "type": "Feature", "properties": { }, "geometry": { "type": "LineString", "coordinates": [ [ 93.71458333333274, 28.435416666666221 ], [ 93.71458333333274, 28.431249999999572 ] ] } },
{ "type": "Feature", "properties": { }, "geometry": { "type": "LineString", "coordinates": [ [ 93.71458333333274, 28.443749999999547 ], [ 93.71458333333274, 28.435416666666221 ] ] } },
{ "type": "Feature", "properties": { }, "geometry": { "type": "LineString", "coordinates": [ [ 93.71458333333274, 28.452083333332901 ], [ 93.71458333333274, 28.443749999999547 ] ] } },
{ "type": "Feature", "properties": { }, "geometry": { "type": "LineString", "coordinates": [ [ 93.710416666666077, 28.460416666666212 ], [ 93.71458333333274, 28.452083333332901 ] ] } },
{ "type": "Feature", "properties": { }, "geometry": { "type": "LineString", "coordinates": [ [ 93.706249999999415, 28.464583333332875 ], [ 93.710416666666077, 28.460416666666212 ] ] } },
{ "type": "Feature", "properties": { }, "geometry": { "type": "LineString", "coordinates": [ [ 93.456249999999415, 28.447916666666238 ], [ 93.456249999999415, 28.443749999999547 ] ] } },
{ "type": "Feature", "properties": { }, "geometry": { "type": "LineString", "coordinates": [ [ 93.456249999999415, 28.456249999999564 ], [ 93.456249999999415, 28.447916666666238 ] ] } },
{ "type": "Feature", "properties": { }, "geometry": { "type": "LineString", "coordinates": [ [ 93.460416666666077, 28.460416666666212 ], [ 93.456249999999415, 28.456249999999564 ] ] } },
{ "type": "Feature", "properties": { }, "geometry": { "type": "LineString", "coordinates": [ [ 93.46458333333274, 28.464583333332875 ], [ 93.460416666666077, 28.460416666666212 ] ] } },
{ "type": "Feature", "properties": { }, "geometry": { "type": "LineString", "coordinates": [ [ 93.46458333333274, 28.472916666666229 ], [ 93.46458333333274, 28.464583333332875 ] ] } },
{ "type": "Feature", "properties": { }, "geometry": { "type": "LineString", "coordinates": [ [ 93.46458333333274, 28.47708333333285 ], [ 93.46458333333274, 28.472916666666229 ] ] } },
{ "type": "Feature", "properties": { }, "geometry": { "type": "LineString", "coordinates": [ [ 93.46458333333274, 28.481249999999555 ], [ 93.46458333333274, 28.47708333333285 ] ] } },
{ "type": "Feature", "properties": { }, "geometry": { "type": "LineString", "coordinates": [ [ 93.46458333333274, 28.485416666666204 ], [ 93.46458333333274, 28.481249999999555 ] ] } },
{ "type": "Feature", "properties": { }, "geometry": { "type": "LineString", "coordinates": [ [ 93.46458333333274, 28.493749999999572 ], [ 93.46458333333274, 28.485416666666204 ] ] } },
{ "type": "Feature", "properties": { }, "geometry": { "type": "LineString", "coordinates": [ [ 93.460416666666077, 28.497916666666221 ], [ 93.46458333333274, 28.493749999999572 ] ] } },
{ "type": "Feature", "properties": { }, "geometry": { "type": "LineString", "coordinates": [ [ 93.702083333332865, 28.472916666666229 ], [ 93.706249999999415, 28.464583333332875 ] ] } },
{ "type": "Feature", "properties": { }, "geometry": { "type": "LineString", "coordinates": [ [ 93.697916666666202, 28.485416666666204 ], [ 93.702083333332865, 28.472916666666229 ] ] } },
{ "type": "Feature", "properties": { }, "geometry": { "type": "LineString", "coordinates": [ [ 93.685416666666043, 28.497916666666221 ], [ 93.697916666666202, 28.485416666666204 ] ] } },
{ "type": "Feature", "properties": { }, "geometry": { "type": "LineString", "coordinates": [ [ 93.681249999999494, 28.502083333332884 ], [ 93.685416666666043, 28.497916666666221 ] ] } },
{ "type": "Feature", "properties": { }, "geometry": { "type": "LineString", "coordinates": [ [ 93.672916666666168, 28.510416666666195 ], [ 93.681249999999494, 28.502083333332884 ] ] } },
{ "type": "Feature", "properties": { }, "geometry": { "type": "LineString", "coordinates": [ [ 93.672916666666168, 28.518749999999564 ], [ 93.672916666666168, 28.510416666666195 ] ] } },
{ "type": "Feature", "properties": { }, "geometry": { "type": "LineString", "coordinates": [ [ 93.668749999999449, 28.531249999999538 ], [ 93.672916666666168, 28.518749999999564 ] ] } },
{ "type": "Feature", "properties": { }, "geometry": { "type": "LineString", "coordinates": [ [ 93.664583333332786, 28.543749999999555 ], [ 93.668749999999449, 28.531249999999538 ] ] } },
{ "type": "Feature", "properties": { }, "geometry": { "type": "LineString", "coordinates": [ [ 93.652083333332797, 28.560416666666235 ], [ 93.65624999999946, 28.560416666666235 ], [ 93.664583333332786, 28.552083333332867 ], [ 93.664583333332786, 28.543749999999555 ] ] } },
{ "type": "Feature", "properties": { }, "geometry": { "type": "LineString", "coordinates": [ [ 93.647916666666134, 28.568749999999547 ], [ 93.652083333332797, 28.560416666666235 ] ] } },
{ "type": "Feature", "properties": { }, "geometry": { "type": "LineString", "coordinates": [ [ 93.193749999999426, 28.439583333332884 ], [ 93.197916666666089, 28.439583333332884 ] ] } },
{ "type": "Feature", "properties": { }, "geometry": { "type": "LineString", "coordinates": [ [ 93.184184391675004, 28.440815608324051 ], [ 93.189583333332763, 28.435416666666221 ], [ 93.193749999999426, 28.439583333332884 ] ] } },
{ "type": "Feature", "properties": { }, "geometry": { "type": "LineString", "coordinates": [ [ 93.197916666666089, 28.439583333332884 ], [ 93.206249999999415, 28.439583333332884 ], [ 93.210416666666077, 28.443749999999547 ], [ 93.21874999999946, 28.439583333332884 ] ] } },
{ "type": "Feature", "properties": { }, "geometry": { "type": "LineString", "coordinates": [ [ 93.447916666666089, 28.510416666666195 ], [ 93.460416666666077, 28.497916666666221 ] ] } },
{ "type": "Feature", "properties": { }, "geometry": { "type": "LineString", "coordinates": [ [ 93.422916666666168, 28.564583333332884 ], [ 93.439583333332877, 28.543749999999555 ], [ 93.443749999999426, 28.514583333332858 ], [ 93.447916666666089, 28.510416666666195 ] ] } },
{ "type": "Feature", "properties": { }, "geometry": { "type": "LineString", "coordinates": [ [ 93.40624999999946, 28.581249999999521 ], [ 93.422916666666168, 28.564583333332884 ] ] } },
{ "type": "Feature", "properties": { }, "geometry": { "type": "LineString", "coordinates": [ [ 93.393749999999471, 28.593749999999538 ], [ 93.40624999999946, 28.581249999999521 ] ] } },
{ "type": "Feature", "properties": { }, "geometry": { "type": "LineString", "coordinates": [ [ 94.043749999999449, 28.627083333332898 ], [ 94.052083333332774, 28.61874999999953 ], [ 94.068749999999483, 28.61874999999953 ] ] } },
{ "type": "Feature", "properties": { }, "geometry": { "type": "LineString", "coordinates": [ [ 94.039583333332786, 28.631249999999547 ], [ 94.043749999999449, 28.627083333332898 ] ] } },
{ "type": "Feature", "properties": { }, "geometry": { "type": "LineString", "coordinates": [ [ 94.014583333332752, 28.656249999999538 ], [ 94.022916666666077, 28.647916666666227 ], [ 94.02708333333274, 28.647916666666227 ], [ 94.039583333332786, 28.631249999999547 ] ] } },
{ "type": "Feature", "properties": { }, "geometry": { "type": "LineString", "coordinates": [ [ 93.997916666666043, 28.664583333332907 ], [ 94.006249999999369, 28.664583333332907 ], [ 94.014583333332752, 28.656249999999538 ] ] } },
{ "type": "Feature", "properties": { }, "geometry": { "type": "LineString", "coordinates": [ [ 93.972916666666066, 28.672916666666218 ], [ 93.977083333332729, 28.668749999999513 ], [ 93.997916666666043, 28.664583333332907 ] ] } },
{ "type": "Feature", "properties": { }, "geometry": { "type": "LineString", "coordinates": [ [ 93.943749999999369, 28.68124999999953 ], [ 93.947916666666146, 28.677083333332881 ], [ 93.960416666666191, 28.677083333332881 ], [ 93.964583333332854, 28.672916666666218 ], [ 93.972916666666066, 28.672916666666218 ] ] } },
{ "type": "Feature", "properties": { }, "geometry": { "type": "LineString", "coordinates": [ [ 94.231249999999392, 28.831249999999535 ], [ 94.243749999999494, 28.814583333332855 ] ] } },
{ "type": "Feature", "properties": { }, "geometry": { "type": "LineString", "coordinates": [ [ 94.21874999999946, 29.056249999999558 ], [ 94.22291666666618, 29.06458333333287 ] ] } },
{ "type": "Feature", "properties": { }, "geometry": { "type": "LineString", "coordinates": [ [ 94.22291666666618, 29.06458333333287 ], [ 94.22291666666618, 29.077083333332844 ], [ 94.227083333332729, 29.08124999999955 ], [ 94.22291666666618, 29.08894695904327 ] ] } },
{ "type": "Feature", "properties": { }, "geometry": { "type": "LineString", "coordinates": [ [ 95.102083333332729, 28.497916666666221 ], [ 95.102083333332729, 28.493749999999572 ] ] } },
{ "type": "Feature", "properties": { }, "geometry": { "type": "LineString", "coordinates": [ [ 95.097916666666066, 28.502083333332884 ], [ 95.102083333332729, 28.497916666666221 ] ] } },
{ "type": "Feature", "properties": { }, "geometry": { "type": "LineString", "coordinates": [ [ 95.177083333332718, 28.506249999999547 ], [ 95.185416666666043, 28.497916666666221 ], [ 95.185416666666043, 28.493749999999572 ] ] } },
{ "type": "Feature", "properties": { }, "geometry": { "type": "LineString", "coordinates": [ [ 95.085416666666077, 28.506249999999547 ], [ 95.08958333333274, 28.502083333332884 ], [ 95.097916666666066, 28.502083333332884 ] ] } },
{ "type": "Feature", "properties": { }, "geometry": { "type": "LineString", "coordinates": [ [ 95.177083333332718, 28.510416666666195 ], [ 95.177083333332718, 28.506249999999547 ] ] } },
{ "type": "Feature", "properties": { }, "geometry": { "type": "LineString", "coordinates": [ [ 95.077083333332695, 28.514583333332858 ], [ 95.085416666666077, 28.506249999999547 ] ] } },
{ "type": "Feature", "properties": { }, "geometry": { "type": "LineString", "coordinates": [ [ 95.177083333332718, 28.518749999999564 ], [ 95.177083333332718, 28.510416666666195 ] ] } },
{ "type": "Feature", "properties": { }, "geometry": { "type": "LineString", "coordinates": [ [ 95.177083333332718, 28.522916666666227 ], [ 95.177083333332718, 28.518749999999564 ] ] } },
{ "type": "Feature", "properties": { }, "geometry": { "type": "LineString", "coordinates": [ [ 95.081249999999415, 28.531249999999538 ], [ 95.081249999999415, 28.518749999999564 ], [ 95.077083333332695, 28.514583333332858 ] ] } },
{ "type": "Feature", "properties": { }, "geometry": { "type": "LineString", "coordinates": [ [ 95.193749999999369, 28.527083333332875 ], [ 95.18124999999938, 28.527083333332875 ], [ 95.177083333332718, 28.522916666666227 ] ] } },
{ "type": "Feature", "properties": { }, "geometry": { "type": "LineString", "coordinates": [ [ 95.202083333332695, 28.535416666666201 ], [ 95.193749999999369, 28.531249999999538 ], [ 95.193749999999369, 28.527083333332875 ] ] } },
{ "type": "Feature", "properties": { }, "geometry": { "type": "LineString", "coordinates": [ [ 95.172916666666055, 28.543749999999555 ], [ 95.177083333332718, 28.535416666666201 ], [ 95.177083333332718, 28.522916666666227 ] ] } },
{ "type": "Feature", "properties": { }, "geometry": { "type": "LineString", "coordinates": [ [ 95.081249999999415, 28.543749999999555 ], [ 95.081249999999415, 28.531249999999538 ] ] } },
{ "type": "Feature", "properties": { }, "geometry": { "type": "LineString", "coordinates": [ [ 95.222916666666066, 28.543749999999555 ], [ 95.202083333332695, 28.535416666666201 ] ] } },
{ "type": "Feature", "properties": { }, "geometry": { "type": "LineString", "coordinates": [ [ 95.168749999999392, 28.547916666666218 ], [ 95.172916666666055, 28.543749999999555 ] ] } },
{ "type": "Feature", "properties": { }, "geometry": { "type": "LineString", "coordinates": [ [ 95.164583333332843, 28.552083333332867 ], [ 95.168749999999392, 28.547916666666218 ] ] } },
{ "type": "Feature", "properties": { }, "geometry": { "type": "LineString", "coordinates": [ [ 95.077083333332695, 28.55624999999953 ], [ 95.077083333332695, 28.547916666666218 ], [ 95.081249999999415, 28.543749999999555 ] ] } },
{ "type": "Feature", "properties": { }, "geometry": { "type": "LineString", "coordinates": [ [ 95.16041666666618, 28.560416666666235 ], [ 95.164583333332843, 28.552083333332867 ] ] } },
{ "type": "Feature", "properties": { }, "geometry": { "type": "LineString", "coordinates": [ [ 95.077083333332695, 28.560416666666235 ], [ 95.077083333332695, 28.55624999999953 ] ] } },
{ "type": "Feature", "properties": { }, "geometry": { "type": "LineString", "coordinates": [ [ 95.16041666666618, 28.564583333332884 ], [ 95.16041666666618, 28.560416666666235 ] ] } },
{ "type": "Feature", "properties": { }, "geometry": { "type": "LineString", "coordinates": [ [ 95.15624999999946, 28.568749999999547 ], [ 95.16041666666618, 28.564583333332884 ] ] } },
{ "type": "Feature", "properties": { }, "geometry": { "type": "LineString", "coordinates": [ [ 95.072916666666089, 28.57291666666621 ], [ 95.072916666666089, 28.564583333332884 ], [ 95.077083333332695, 28.560416666666235 ] ] } },
{ "type": "Feature", "properties": { }, "geometry": { "type": "LineString", "coordinates": [ [ 95.152083333332797, 28.57291666666621 ], [ 95.15624999999946, 28.568749999999547 ] ] } },
{ "type": "Feature", "properties": { }, "geometry": { "type": "LineString", "coordinates": [ [ 95.068749999999369, 28.581249999999521 ], [ 95.072916666666089, 28.57291666666621 ] ] } },
{ "type": "Feature", "properties": { }, "geometry": { "type": "LineString", "coordinates": [ [ 95.139583333332695, 28.581249999999521 ], [ 95.147916666666021, 28.57291666666621 ], [ 95.152083333332797, 28.57291666666621 ] ] } },
{ "type": "Feature", "properties": { }, "geometry": { "type": "LineString", "coordinates": [ [ 95.135416666666146, 28.585416666666227 ], [ 95.139583333332695, 28.581249999999521 ] ] } },
{ "type": "Feature", "properties": { }, "geometry": { "type": "LineString", "coordinates": [ [ 95.064583333332763, 28.589583333332875 ], [ 95.068749999999369, 28.581249999999521 ] ] } },
{ "type": "Feature", "properties": { }, "geometry": { "type": "LineString", "coordinates": [ [ 95.135416666666146, 28.589583333332875 ], [ 95.135416666666146, 28.585416666666227 ] ] } },
{ "type": "Feature", "properties": { }, "geometry": { "type": "LineString", "coordinates": [ [ 95.060416666666043, 28.593749999999538 ], [ 95.064583333332763, 28.589583333332875 ] ] } },
{ "type": "Feature", "properties": { }, "geometry": { "type": "LineString", "coordinates": [ [ 95.05624999999938, 28.593749999999538 ], [ 95.060416666666043, 28.593749999999538 ] ] } },
{ "type": "Feature", "properties": { }, "geometry": { "type": "LineString", "coordinates": [ [ 95.231249999999392, 28.564583333332884 ], [ 95.235416666666055, 28.560416666666235 ], [ 95.235416666666055, 28.552083333332867 ] ] } },
{ "type": "Feature", "properties": { }, "geometry": { "type": "LineString", "coordinates": [ [ 95.239583333332774, 28.57291666666621 ], [ 95.231249999999392, 28.564583333332884 ] ] } },
{ "type": "Feature", "properties": { }, "geometry": { "type": "LineString", "coordinates": [ [ 95.239583333332774, 28.581249999999521 ], [ 95.239583333332774, 28.57291666666621 ] ] } },
{ "type": "Feature", "properties": { }, "geometry": { "type": "LineString", "coordinates": [ [ 95.2479166666661, 28.593749999999538 ], [ 95.2479166666661, 28.589583333332875 ], [ 95.239583333332774, 28.581249999999521 ] ] } },
{ "type": "Feature", "properties": { }, "geometry": { "type": "LineString", "coordinates": [ [ 95.260416666666089, 28.60208333333285 ], [ 95.2479166666661, 28.593749999999538 ] ] } },
{ "type": "Feature", "properties": { }, "geometry": { "type": "LineString", "coordinates": [ [ 95.260416666666089, 28.610416666666218 ], [ 95.260416666666089, 28.60208333333285 ] ] } },
{ "type": "Feature", "properties": { }, "geometry": { "type": "LineString", "coordinates": [ [ 95.268749999999471, 28.614583333332867 ], [ 95.260416666666089, 28.610416666666218 ] ] } },
{ "type": "Feature", "properties": { }, "geometry": { "type": "LineString", "coordinates": [ [ 95.277083333332797, 28.622916666666235 ], [ 95.268749999999471, 28.614583333332867 ] ] } },
{ "type": "Feature", "properties": { }, "geometry": { "type": "LineString", "coordinates": [ [ 95.252083333332763, 28.627083333332898 ], [ 95.260416666666089, 28.610416666666218 ] ] } },
{ "type": "Feature", "properties": { }, "geometry": { "type": "LineString", "coordinates": [ [ 95.252083333332763, 28.631249999999547 ], [ 95.252083333332763, 28.627083333332898 ] ] } },
{ "type": "Feature", "properties": { }, "geometry": { "type": "LineString", "coordinates": [ [ 95.539583333332786, 28.57291666666621 ], [ 95.543749999999449, 28.57291666666621 ] ] } },
{ "type": "Feature", "properties": { }, "geometry": { "type": "LineString", "coordinates": [ [ 95.531249999999346, 28.581249999999521 ], [ 95.539583333332786, 28.57291666666621 ] ] } },
{ "type": "Feature", "properties": { }, "geometry": { "type": "LineString", "coordinates": [ [ 95.527083333332797, 28.589583333332875 ], [ 95.531249999999346, 28.581249999999521 ] ] } },
{ "type": "Feature", "properties": { }, "geometry": { "type": "LineString", "coordinates": [ [ 95.522916666666077, 28.589583333332875 ], [ 95.527083333332797, 28.589583333332875 ] ] } },
{ "type": "Feature", "properties": { }, "geometry": { "type": "LineString", "coordinates": [ [ 95.502083333332763, 28.597916666666201 ], [ 95.514583333332752, 28.589583333332875 ], [ 95.522916666666077, 28.589583333332875 ] ] } },
{ "type": "Feature", "properties": { }, "geometry": { "type": "LineString", "coordinates": [ [ 95.497916666666043, 28.606249999999513 ], [ 95.502083333332763, 28.597916666666201 ] ] } },
{ "type": "Feature", "properties": { }, "geometry": { "type": "LineString", "coordinates": [ [ 95.552083333332831, 28.756249999999561 ], [ 95.560416666666043, 28.747916666666192 ] ] } },
{ "type": "Feature", "properties": { }, "geometry": { "type": "LineString", "coordinates": [ [ 95.539583333332786, 28.76041666666621 ], [ 95.547916666666111, 28.76041666666621 ], [ 95.552083333332831, 28.756249999999561 ] ] } },
{ "type": "Feature", "properties": { }, "geometry": { "type": "LineString", "coordinates": [ [ 95.552083333332831, 28.76041666666621 ], [ 95.552083333332831, 28.756249999999561 ] ] } },
{ "type": "Feature", "properties": { }, "geometry": { "type": "LineString", "coordinates": [ [ 95.564583333332706, 28.764583333332872 ], [ 95.552083333332831, 28.76041666666621 ] ] } },
{ "type": "Feature", "properties": { }, "geometry": { "type": "LineString", "coordinates": [ [ 95.285416666666123, 28.639583333332872 ], [ 95.277083333332797, 28.622916666666235 ] ] } },
{ "type": "Feature", "properties": { }, "geometry": { "type": "LineString", "coordinates": [ [ 95.239583333332774, 28.639583333332872 ], [ 95.243749999999437, 28.639583333332872 ], [ 95.252083333332763, 28.631249999999547 ] ] } },
{ "type": "Feature", "properties": { }, "geometry": { "type": "LineString", "coordinates": [ [ 95.297916666666055, 28.643749999999564 ], [ 95.285416666666123, 28.639583333332872 ] ] } },
{ "type": "Feature", "properties": { }, "geometry": { "type": "LineString", "coordinates": [ [ 95.235416666666055, 28.643749999999564 ], [ 95.239583333332774, 28.639583333332872 ] ] } },
{ "type": "Feature", "properties": { }, "geometry": { "type": "LineString", "coordinates": [ [ 95.302083333332718, 28.647916666666227 ], [ 95.297916666666055, 28.643749999999564 ] ] } },
{ "type": "Feature", "properties": { }, "geometry": { "type": "LineString", "coordinates": [ [ 95.227083333332729, 28.656249999999538 ], [ 95.227083333332729, 28.652083333332889 ], [ 95.235416666666055, 28.643749999999564 ] ] } },
{ "type": "Feature", "properties": { }, "geometry": { "type": "LineString", "coordinates": [ [ 95.222916666666066, 28.664583333332907 ], [ 95.227083333332729, 28.656249999999538 ] ] } },
{ "type": "Feature", "properties": { }, "geometry": { "type": "LineString", "coordinates": [ [ 95.256249999999426, 28.785416666666201 ], [ 95.252083333332763, 28.789583333332864 ], [ 95.235416666666055, 28.789583333332864 ] ] } },
{ "type": "Feature", "properties": { }, "geometry": { "type": "LineString", "coordinates": [ [ 95.235416666666055, 28.789583333332864 ], [ 95.231249999999392, 28.789583333332864 ] ] } },
{ "type": "Feature", "properties": { }, "geometry": { "type": "LineString", "coordinates": [ [ 95.231249999999392, 28.789583333332864 ], [ 95.222916666666066, 28.797916666666218 ] ] } },
{ "type": "Feature", "properties": { }, "geometry": { "type": "LineString", "coordinates": [ [ 95.047916666666055, 28.593749999999538 ], [ 95.05624999999938, 28.593749999999538 ] ] } },
{ "type": "Feature", "properties": { }, "geometry": { "type": "LineString", "coordinates": [ [ 95.222916666666066, 28.797916666666218 ], [ 95.210416666666021, 28.810416666666192 ] ] } },
{ "type": "Feature", "properties": { }, "geometry": { "type": "LineString", "coordinates": [ [ 95.210416666666021, 28.810416666666192 ], [ 95.202083333332695, 28.810416666666192 ] ] } },
{ "type": "Feature", "properties": { }, "geometry": { "type": "LineString", "coordinates": [ [ 95.202083333332695, 28.810416666666192 ], [ 95.189583333332877, 28.814583333332855 ] ] } },
{ "type": "Feature", "properties": { }, "geometry": { "type": "LineString", "coordinates": [ [ 95.189583333332877, 28.814583333332855 ], [ 95.185416666666043, 28.814583333332855 ] ] } },
{ "type": "Feature", "properties": { }, "geometry": { "type": "LineString", "coordinates": [ [ 95.185416666666043, 28.814583333332855 ], [ 95.18124999999938, 28.822916666666224 ], [ 95.172916666666055, 28.827083333332872 ] ] } },
{ "type": "Feature", "properties": { }, "geometry": { "type": "LineString", "coordinates": [ [ 95.172916666666055, 28.827083333332872 ], [ 95.15624999999946, 28.835416666666241 ] ] } },
{ "type": "Feature", "properties": { }, "geometry": { "type": "LineString", "coordinates": [ [ 95.15624999999946, 28.835416666666241 ], [ 95.152083333332797, 28.839583333332889 ] ] } },
{ "type": "Feature", "properties": { }, "geometry": { "type": "LineString", "coordinates": [ [ 95.152083333332797, 28.839583333332889 ], [ 95.143749999999471, 28.843749999999552 ] ] } },
{ "type": "Feature", "properties": { }, "geometry": { "type": "LineString", "coordinates": [ [ 95.143749999999471, 28.843749999999552 ], [ 95.135416666666146, 28.843749999999552 ] ] } },
{ "type": "Feature", "properties": { }, "geometry": { "type": "LineString", "coordinates": [ [ 95.535416666666123, 28.768749999999578 ], [ 95.539583333332786, 28.76041666666621 ] ] } },
{ "type": "Feature", "properties": { }, "geometry": { "type": "LineString", "coordinates": [ [ 95.527083333332797, 28.772916666666184 ], [ 95.535416666666123, 28.768749999999578 ] ] } },
{ "type": "Feature", "properties": { }, "geometry": { "type": "LineString", "coordinates": [ [ 95.522916666666077, 28.777083333332889 ], [ 95.527083333332797, 28.772916666666184 ] ] } },
{ "type": "Feature", "properties": { }, "geometry": { "type": "LineString", "coordinates": [ [ 95.510416666666089, 28.785416666666201 ], [ 95.518749999999415, 28.777083333332889 ], [ 95.522916666666077, 28.777083333332889 ] ] } },
{ "type": "Feature", "properties": { }, "geometry": { "type": "LineString", "coordinates": [ [ 95.502083333332763, 28.793749999999527 ], [ 95.510416666666089, 28.785416666666201 ] ] } },
{ "type": "Feature", "properties": { }, "geometry": { "type": "LineString", "coordinates": [ [ 95.443749999999369, 28.793749999999527 ], [ 95.447916666666202, 28.789583333332864 ] ] } },
{ "type": "Feature", "properties": { }, "geometry": { "type": "LineString", "coordinates": [ [ 95.447916666666202, 28.789583333332864 ], [ 95.456249999999415, 28.793749999999527 ], [ 95.46458333333274, 28.793749999999527 ], [ 95.472916666666066, 28.802083333332881 ] ] } },
{ "type": "Feature", "properties": { }, "geometry": { "type": "LineString", "coordinates": [ [ 95.497916666666043, 28.797916666666218 ], [ 95.502083333332763, 28.793749999999527 ] ] } },
{ "type": "Feature", "properties": { }, "geometry": { "type": "LineString", "coordinates": [ [ 95.485416666666055, 28.793749999999527 ], [ 95.49374999999938, 28.797916666666218 ] ] } },
{ "type": "Feature", "properties": { }, "geometry": { "type": "LineString", "coordinates": [ [ 95.472916666666066, 28.802083333332881 ], [ 95.477083333332729, 28.802083333332881 ], [ 95.485416666666055, 28.793749999999527 ] ] } },
{ "type": "Feature", "properties": { }, "geometry": { "type": "LineString", "coordinates": [ [ 95.49374999999938, 28.797916666666218 ], [ 95.497916666666043, 28.797916666666218 ] ] } },
{ "type": "Feature", "properties": { }, "geometry": { "type": "LineString", "coordinates": [ [ 95.49374999999938, 28.814583333332855 ], [ 95.49374999999938, 28.806249999999544 ], [ 95.489583333332718, 28.802083333332881 ], [ 95.49374999999938, 28.797916666666218 ] ] } },
{ "type": "Feature", "properties": { }, "geometry": { "type": "LineString", "coordinates": [ [ 95.49374999999938, 28.818749999999561 ], [ 95.49374999999938, 28.814583333332855 ] ] } },
{ "type": "Feature", "properties": { }, "geometry": { "type": "LineString", "coordinates": [ [ 95.489583333332718, 28.831249999999535 ], [ 95.49374999999938, 28.818749999999561 ] ] } },
{ "type": "Feature", "properties": { }, "geometry": { "type": "LineString", "coordinates": [ [ 95.485416666666055, 28.852083333332864 ], [ 95.489583333332718, 28.847916666666215 ], [ 95.485416666666055, 28.843749999999552 ], [ 95.489583333332718, 28.831249999999535 ] ] } },
{ "type": "Feature", "properties": { }, "geometry": { "type": "LineString", "coordinates": [ [ 95.489583333332718, 28.864583333332881 ], [ 95.489583333332718, 28.856249999999527 ], [ 95.485416666666055, 28.852083333332864 ] ] } },
{ "type": "Feature", "properties": { }, "geometry": { "type": "LineString", "coordinates": [ [ 95.481249999999392, 28.877083333332855 ], [ 95.481249999999392, 28.872916666666207 ], [ 95.489583333332718, 28.864583333332881 ] ] } },
{ "type": "Feature", "properties": { }, "geometry": { "type": "LineString", "coordinates": [ [ 95.472916666666066, 28.893749999999535 ], [ 95.481249999999392, 28.885416666666224 ], [ 95.481249999999392, 28.877083333332855 ] ] } },
{ "type": "Feature", "properties": { }, "geometry": { "type": "LineString", "coordinates": [ [ 95.477083333332729, 28.902083333332889 ], [ 95.472916666666066, 28.893749999999535 ] ] } },
{ "type": "Feature", "properties": { }, "geometry": { "type": "LineString", "coordinates": [ [ 95.46458333333274, 28.914583333332864 ], [ 95.477083333332729, 28.902083333332889 ] ] } },
{ "type": "Feature", "properties": { }, "geometry": { "type": "LineString", "coordinates": [ [ 95.135416666666146, 28.843749999999552 ], [ 95.131249999999426, 28.843749999999552 ] ] } },
{ "type": "Feature", "properties": { }, "geometry": { "type": "LineString", "coordinates": [ [ 95.131249999999426, 28.843749999999552 ], [ 95.1229166666661, 28.847916666666215 ] ] } },
{ "type": "Feature", "properties": { }, "geometry": { "type": "LineString", "coordinates": [ [ 95.1229166666661, 28.847916666666215 ], [ 95.106249999999392, 28.856249999999527 ] ] } },
{ "type": "Feature", "properties": { }, "geometry": { "type": "LineString", "coordinates": [ [ 95.106249999999392, 28.856249999999527 ], [ 95.102083333332729, 28.864583333332881 ] ] } },
{ "type": "Feature", "properties": { }, "geometry": { "type": "LineString", "coordinates": [ [ 95.102083333332729, 28.864583333332881 ], [ 95.093749999999403, 28.868749999999544 ] ] } },
{ "type": "Feature", "properties": { }, "geometry": { "type": "LineString", "coordinates": [ [ 95.093749999999403, 28.868749999999544 ], [ 95.081249999999415, 28.881249999999518 ] ] } },
{ "type": "Feature", "properties": { }, "geometry": { "type": "LineString", "coordinates": [ [ 95.081249999999415, 28.881249999999518 ], [ 95.077083333332695, 28.881249999999518 ] ] } },
{ "type": "Feature", "properties": { }, "geometry": { "type": "LineString", "coordinates": [ [ 95.068749999999369, 28.885416666666224 ], [ 95.05624999999938, 28.885416666666224 ], [ 95.052083333332718, 28.881249999999518 ] ] } },
{ "type": "Feature", "properties": { }, "geometry": { "type": "LineString", "coordinates": [ [ 95.077083333332695, 28.881249999999518 ], [ 95.068749999999369, 28.885416666666224 ] ] } },
{ "type": "Feature", "properties": { }, "geometry": { "type": "LineString", "coordinates": [ [ 95.064583333332763, 29.00208333333287 ], [ 95.060416666666043, 29.00208333333287 ] ] } },
{ "type": "Feature", "properties": { }, "geometry": { "type": "LineString", "coordinates": [ [ 94.489583333332718, 28.518749999999564 ], [ 94.493749999999494, 28.522916666666227 ], [ 94.514583333332695, 28.522916666666227 ] ] } },
{ "type": "Feature", "properties": { }, "geometry": { "type": "LineString", "coordinates": [ [ 94.418749999999392, 28.522916666666227 ], [ 94.431249999999437, 28.518749999999564 ] ] } },
{ "type": "Feature", "properties": { }, "geometry": { "type": "LineString", "coordinates": [ [ 94.414583333332729, 28.527083333332875 ], [ 94.418749999999392, 28.522916666666227 ] ] } },
{ "type": "Feature", "properties": { }, "geometry": { "type": "LineString", "coordinates": [ [ 94.514583333332695, 28.522916666666227 ], [ 94.518749999999415, 28.527083333332875 ] ] } },
{ "type": "Feature", "properties": { }, "geometry": { "type": "LineString", "coordinates": [ [ 94.518749999999415, 28.527083333332875 ], [ 94.535416666666066, 28.535416666666201 ] ] } },
{ "type": "Feature", "properties": { }, "geometry": { "type": "LineString", "coordinates": [ [ 94.397916666666077, 28.535416666666201 ], [ 94.414583333332729, 28.527083333332875 ] ] } },
{ "type": "Feature", "properties": { }, "geometry": { "type": "LineString", "coordinates": [ [ 94.535416666666066, 28.535416666666201 ], [ 94.543749999999392, 28.535416666666201 ] ] } },
{ "type": "Feature", "properties": { }, "geometry": { "type": "LineString", "coordinates": [ [ 94.543749999999392, 28.535416666666201 ], [ 94.547916666666055, 28.535416666666201 ] ] } },
{ "type": "Feature", "properties": { }, "geometry": { "type": "LineString", "coordinates": [ [ 94.547916666666055, 28.535416666666201 ], [ 94.55624999999938, 28.539583333332892 ], [ 94.564583333332763, 28.539583333332892 ] ] } },
{ "type": "Feature", "properties": { }, "geometry": { "type": "LineString", "coordinates": [ [ 94.543749999999392, 28.935416666666207 ], [ 94.547916666666055, 28.931249999999544 ] ] } },
{ "type": "Feature", "properties": { }, "geometry": { "type": "LineString", "coordinates": [ [ 94.322916666666089, 28.702083333332915 ], [ 94.322916666666089, 28.693749999999547 ], [ 94.327083333332808, 28.689583333332898 ] ] } },
{ "type": "Feature", "properties": { }, "geometry": { "type": "LineString", "coordinates": [ [ 94.314583333332763, 28.710416666666227 ], [ 94.322916666666089, 28.702083333332915 ] ] } },
{ "type": "Feature", "properties": { }, "geometry": { "type": "LineString", "coordinates": [ [ 94.297916666666111, 28.727083333332864 ], [ 94.314583333332763, 28.710416666666227 ] ] } },
{ "type": "Feature", "properties": { }, "geometry": { "type": "LineString", "coordinates": [ [ 94.289583333332729, 28.739583333332881 ], [ 94.297916666666111, 28.731249999999569 ], [ 94.297916666666111, 28.727083333332864 ] ] } },
{ "type": "Feature", "properties": { }, "geometry": { "type": "LineString", "coordinates": [ [ 94.285416666666066, 28.743749999999544 ], [ 94.289583333332729, 28.739583333332881 ] ] } },
{ "type": "Feature", "properties": { }, "geometry": { "type": "LineString", "coordinates": [ [ 94.281249999999403, 28.747916666666192 ], [ 94.285416666666066, 28.743749999999544 ] ] } },
{ "type": "Feature", "properties": { }, "geometry": { "type": "LineString", "coordinates": [ [ 94.27708333333274, 28.756249999999561 ], [ 94.281249999999403, 28.747916666666192 ] ] } },
{ "type": "Feature", "properties": { }, "geometry": { "type": "LineString", "coordinates": [ [ 94.27708333333274, 28.76041666666621 ], [ 94.27708333333274, 28.756249999999561 ] ] } },
{ "type": "Feature", "properties": { }, "geometry": { "type": "LineString", "coordinates": [ [ 94.268749999999415, 28.772916666666184 ], [ 94.27708333333274, 28.76041666666621 ] ] } },
{ "type": "Feature", "properties": { }, "geometry": { "type": "LineString", "coordinates": [ [ 94.268749999999415, 28.781249999999552 ], [ 94.268749999999415, 28.772916666666184 ] ] } },
{ "type": "Feature", "properties": { }, "geometry": { "type": "LineString", "coordinates": [ [ 94.660416666666066, 28.69791666666621 ], [ 94.664583333332729, 28.693749999999547 ], [ 94.664583333332729, 28.68124999999953 ] ] } },
{ "type": "Feature", "properties": { }, "geometry": { "type": "LineString", "coordinates": [ [ 94.660416666666066, 28.702083333332915 ], [ 94.660416666666066, 28.69791666666621 ] ] } },
{ "type": "Feature", "properties": { }, "geometry": { "type": "LineString", "coordinates": [ [ 94.656249999999403, 28.710416666666227 ], [ 94.660416666666066, 28.702083333332915 ] ] } },
{ "type": "Feature", "properties": { }, "geometry": { "type": "LineString", "coordinates": [ [ 94.647916666666077, 28.722916666666201 ], [ 94.656249999999403, 28.710416666666227 ] ] } },
{ "type": "Feature", "properties": { }, "geometry": { "type": "LineString", "coordinates": [ [ 94.643749999999415, 28.722916666666201 ], [ 94.647916666666077, 28.722916666666201 ] ] } },
{ "type": "Feature", "properties": { }, "geometry": { "type": "LineString", "coordinates": [ [ 94.635416666666146, 28.731249999999569 ], [ 94.643749999999415, 28.722916666666201 ] ] } },
{ "type": "Feature", "properties": { }, "geometry": { "type": "LineString", "coordinates": [ [ 94.62708333333282, 28.743749999999544 ], [ 94.635416666666146, 28.735416666666218 ], [ 94.635416666666146, 28.731249999999569 ] ] } },
{ "type": "Feature", "properties": { }, "geometry": { "type": "LineString", "coordinates": [ [ 94.664583333332729, 28.852083333332864 ], [ 94.668749999999392, 28.852083333332864 ] ] } },
{ "type": "Feature", "properties": { }, "geometry": { "type": "LineString", "coordinates": [ [ 94.643749999999415, 28.860416666666232 ], [ 94.65208333333274, 28.860416666666232 ], [ 94.664583333332729, 28.852083333332864 ] ] } },
{ "type": "Feature", "properties": { }, "geometry": { "type": "LineString", "coordinates": [ [ 94.635416666666146, 28.868749999999544 ], [ 94.643749999999415, 28.860416666666232 ] ] } },
{ "type": "Feature", "properties": { }, "geometry": { "type": "LineString", "coordinates": [ [ 94.531249999999403, 28.947916666666181 ], [ 94.539583333332729, 28.935416666666207 ], [ 94.543749999999392, 28.935416666666207 ] ] } },
{ "type": "Feature", "properties": { }, "geometry": { "type": "LineString", "coordinates": [ [ 94.518749999999415, 28.956249999999535 ], [ 94.522916666666077, 28.956249999999535 ], [ 94.531249999999403, 28.947916666666181 ] ] } },
{ "type": "Feature", "properties": { }, "geometry": { "type": "LineString", "coordinates": [ [ 94.514583333332695, 28.98541666666619 ], [ 94.518749999999415, 28.956249999999535 ] ] } },
{ "type": "Feature", "properties": { }, "geometry": { "type": "LineString", "coordinates": [ [ 94.514583333332695, 28.993749999999544 ], [ 94.514583333332695, 28.98541666666619 ] ] } },
{ "type": "Feature", "properties": { }, "geometry": { "type": "LineString", "coordinates": [ [ 94.510416666666202, 28.997916666666207 ], [ 94.514583333332695, 28.993749999999544 ] ] } },
{ "type": "Feature", "properties": { }, "geometry": { "type": "LineString", "coordinates": [ [ 94.510416666666202, 29.006249999999518 ], [ 94.510416666666202, 28.997916666666207 ] ] } },
{ "type": "Feature", "properties": { }, "geometry": { "type": "LineString", "coordinates": [ [ 94.506249999999369, 29.010416666666181 ], [ 94.510416666666202, 29.006249999999518 ] ] } },
{ "type": "Feature", "properties": { }, "geometry": { "type": "LineString", "coordinates": [ [ 94.50208333333282, 29.018749999999535 ], [ 94.506249999999369, 29.010416666666181 ] ] } },
{ "type": "Feature", "properties": { }, "geometry": { "type": "LineString", "coordinates": [ [ 94.497916666666043, 29.022916666666198 ], [ 94.50208333333282, 29.018749999999535 ] ] } },
{ "type": "Feature", "properties": { }, "geometry": { "type": "LineString", "coordinates": [ [ 94.493749999999494, 29.04791666666619 ], [ 94.493749999999494, 29.035416666666215 ], [ 94.497916666666043, 29.031249999999567 ], [ 94.497916666666043, 29.022916666666198 ] ] } },
{ "type": "Feature", "properties": { }, "geometry": { "type": "LineString", "coordinates": [ [ 94.268749999999415, 28.785416666666201 ], [ 94.268749999999415, 28.781249999999552 ] ] } },
{ "type": "Feature", "properties": { }, "geometry": { "type": "LineString", "coordinates": [ [ 94.268749999999415, 28.789583333332864 ], [ 94.268749999999415, 28.785416666666201 ] ] } },
{ "type": "Feature", "properties": { }, "geometry": { "type": "LineString", "coordinates": [ [ 94.268749999999415, 28.793749999999527 ], [ 94.268749999999415, 28.789583333332864 ] ] } },
{ "type": "Feature", "properties": { }, "geometry": { "type": "LineString", "coordinates": [ [ 94.268749999999415, 28.797916666666218 ], [ 94.268749999999415, 28.793749999999527 ] ] } },
{ "type": "Feature", "properties": { }, "geometry": { "type": "LineString", "coordinates": [ [ 94.252083333332763, 28.810416666666192 ], [ 94.268749999999415, 28.797916666666218 ] ] } },
{ "type": "Feature", "properties": { }, "geometry": { "type": "LineString", "coordinates": [ [ 94.631249999999369, 28.872916666666207 ], [ 94.635416666666146, 28.868749999999544 ] ] } },
{ "type": "Feature", "properties": { }, "geometry": { "type": "LineString", "coordinates": [ [ 94.602083333332786, 28.881249999999518 ], [ 94.631249999999369, 28.872916666666207 ] ] } },
{ "type": "Feature", "properties": { }, "geometry": { "type": "LineString", "coordinates": [ [ 94.59374999999946, 28.889583333332872 ], [ 94.602083333332786, 28.881249999999518 ] ] } },
{ "type": "Feature", "properties": { }, "geometry": { "type": "LineString", "coordinates": [ [ 94.552083333332718, 28.897916666666198 ], [ 94.5604166666661, 28.897916666666198 ], [ 94.564583333332763, 28.893749999999535 ] ] } },
{ "type": "Feature", "properties": { }, "geometry": { "type": "LineString", "coordinates": [ [ 94.577083333332752, 28.906249999999552 ], [ 94.59374999999946, 28.889583333332872 ] ] } },
{ "type": "Feature", "properties": { }, "geometry": { "type": "LineString", "coordinates": [ [ 94.564583333332763, 28.893749999999535 ], [ 94.572916666666089, 28.902083333332889 ] ] } },
{ "type": "Feature", "properties": { }, "geometry": { "type": "LineString", "coordinates": [ [ 94.572916666666089, 28.902083333332889 ], [ 94.577083333332752, 28.906249999999552 ] ] } },
{ "type": "Feature", "properties": { }, "geometry": { "type": "LineString", "coordinates": [ [ 94.572916666666089, 28.910416666666215 ], [ 94.577083333332752, 28.906249999999552 ] ] } },
{ "type": "Feature", "properties": { }, "geometry": { "type": "LineString", "coordinates": [ [ 94.547916666666055, 28.931249999999544 ], [ 94.55624999999938, 28.92291666666619 ], [ 94.55624999999938, 28.914583333332864 ], [ 94.5604166666661, 28.910416666666215 ], [ 94.572916666666089, 28.910416666666215 ] ] } },
{ "type": "Feature", "properties": { }, "geometry": { "type": "LineString", "coordinates": [ [ 94.489583333332718, 29.056249999999558 ], [ 94.493749999999494, 29.04791666666619 ] ] } },
{ "type": "Feature", "properties": { }, "geometry": { "type": "LineString", "coordinates": [ [ 94.489583333332718, 29.060416666666207 ], [ 94.489583333332718, 29.056249999999558 ] ] } },
{ "type": "Feature", "properties": { }, "geometry": { "type": "LineString", "coordinates": [ [ 94.485416666666168, 29.06458333333287 ], [ 94.489583333332718, 29.060416666666207 ] ] } },
{ "type": "Feature", "properties": { }, "geometry": { "type": "LineString", "coordinates": [ [ 94.87708333333282, 28.822916666666224 ], [ 94.885416666666146, 28.822916666666224 ] ] } },
{ "type": "Feature", "properties": { }, "geometry": { "type": "LineString", "coordinates": [ [ 94.831249999999415, 28.822916666666224 ], [ 94.83958333333274, 28.822916666666224 ] ] } },
{ "type": "Feature", "properties": { }, "geometry": { "type": "LineString", "coordinates": [ [ 94.814583333332763, 28.927083333332895 ], [ 94.80624999999938, 28.927083333332895 ] ] } },
{ "type": "Feature", "properties": { }, "geometry": { "type": "LineString", "coordinates": [ [ 94.822916666666089, 28.93958333333287 ], [ 94.814583333332763, 28.927083333332895 ] ] } },
{ "type": "Feature", "properties": { }, "geometry": { "type": "LineString", "coordinates": [ [ 94.843749999999403, 28.943749999999518 ], [ 94.827083333332752, 28.943749999999518 ], [ 94.822916666666089, 28.93958333333287 ] ] } },
{ "type": "Feature", "properties": { }, "geometry": { "type": "LineString", "coordinates": [ [ 94.852083333332786, 28.947916666666181 ], [ 94.843749999999403, 28.943749999999518 ] ] } },
{ "type": "Feature", "properties": { }, "geometry": { "type": "LineString", "coordinates": [ [ 94.864583333332774, 28.960416666666198 ], [ 94.852083333332786, 28.947916666666181 ] ] } },
{ "type": "Feature", "properties": { }, "geometry": { "type": "LineString", "coordinates": [ [ 94.881249999999369, 28.964583333332904 ], [ 94.872916666666157, 28.960416666666198 ], [ 94.864583333332774, 28.960416666666198 ] ] } },
{ "type": "Feature", "properties": { }, "geometry": { "type": "LineString", "coordinates": [ [ 94.843749999999403, 28.972916666666215 ], [ 94.864583333332774, 28.960416666666198 ] ] } },
{ "type": "Feature", "properties": { }, "geometry": { "type": "LineString", "coordinates": [ [ 94.885416666666146, 28.968749999999552 ], [ 94.881249999999369, 28.964583333332904 ] ] } },
{ "type": "Feature", "properties": { }, "geometry": { "type": "LineString", "coordinates": [ [ 94.981249999999449, 28.956249999999535 ], [ 94.972916666666066, 28.956249999999535 ], [ 94.968749999999403, 28.960416666666198 ] ] } },
{ "type": "Feature", "properties": { }, "geometry": { "type": "LineString", "coordinates": [ [ 94.96458333333274, 28.960416666666198 ], [ 94.960416666666077, 28.960416666666198 ] ] } },
{ "type": "Feature", "properties": { }, "geometry": { "type": "LineString", "coordinates": [ [ 94.968749999999403, 28.960416666666198 ], [ 94.96458333333274, 28.960416666666198 ] ] } },
{ "type": "Feature", "properties": { }, "geometry": { "type": "LineString", "coordinates": [ [ 94.935416666666043, 28.960416666666198 ], [ 94.93124999999938, 28.960416666666198 ] ] } },
{ "type": "Feature", "properties": { }, "geometry": { "type": "LineString", "coordinates": [ [ 94.960416666666077, 28.960416666666198 ], [ 94.952083333332752, 28.960416666666198 ], [ 94.947916666666089, 28.964583333332904 ], [ 94.935416666666043, 28.960416666666198 ] ] } },
{ "type": "Feature", "properties": { }, "geometry": { "type": "LineString", "coordinates": [ [ 94.93124999999938, 28.960416666666198 ], [ 94.927083333332718, 28.968749999999552 ] ] } },
{ "type": "Feature", "properties": { }, "geometry": { "type": "LineString", "coordinates": [ [ 94.993749999999437, 28.981249999999527 ], [ 94.989583333332774, 28.972916666666215 ], [ 94.989583333332774, 28.964583333332904 ], [ 94.981249999999449, 28.956249999999535 ] ] } },
{ "type": "Feature", "properties": { }, "geometry": { "type": "LineString", "coordinates": [ [ 94.9979166666661, 28.993749999999544 ], [ 94.993749999999437, 28.989583333332895 ], [ 94.993749999999437, 28.981249999999527 ] ] } },
{ "type": "Feature", "properties": { }, "geometry": { "type": "LineString", "coordinates": [ [ 95.018749999999471, 28.993749999999544 ], [ 94.9979166666661, 28.993749999999544 ] ] } },
{ "type": "Feature", "properties": { }, "geometry": { "type": "LineString", "coordinates": [ [ 95.022916666666021, 28.997916666666207 ], [ 95.018749999999471, 28.993749999999544 ] ] } },
{ "type": "Feature", "properties": { }, "geometry": { "type": "LineString", "coordinates": [ [ 94.893749999999471, 28.968749999999552 ], [ 94.885416666666146, 28.968749999999552 ] ] } },
{ "type": "Feature", "properties": { }, "geometry": { "type": "LineString", "coordinates": [ [ 94.885416666666146, 28.977083333332878 ], [ 94.885416666666146, 28.968749999999552 ] ] } },
{ "type": "Feature", "properties": { }, "geometry": { "type": "LineString", "coordinates": [ [ 94.927083333332718, 28.968749999999552 ], [ 94.918749999999392, 28.968749999999552 ], [ 94.910416666666066, 28.977083333332878 ], [ 94.893749999999471, 28.968749999999552 ] ] } },
{ "type": "Feature", "properties": { }, "geometry": { "type": "LineString", "coordinates": [ [ 94.843749999999403, 28.977083333332878 ], [ 94.843749999999403, 28.972916666666215 ] ] } },
{ "type": "Feature", "properties": { }, "geometry": { "type": "LineString", "coordinates": [ [ 94.889583333332695, 28.981249999999527 ], [ 94.885416666666146, 28.977083333332878 ] ] } },
{ "type": "Feature", "properties": { }, "geometry": { "type": "LineString", "coordinates": [ [ 94.831249999999415, 28.993749999999544 ], [ 94.843749999999403, 28.981249999999527 ], [ 94.843749999999403, 28.977083333332878 ] ] } },
{ "type": "Feature", "properties": { }, "geometry": { "type": "LineString", "coordinates": [ [ 94.902083333332854, 29.00208333333287 ], [ 94.906249999999403, 28.989583333332895 ], [ 94.897916666666021, 28.981249999999527 ], [ 94.889583333332695, 28.981249999999527 ] ] } },
{ "type": "Feature", "properties": { }, "geometry": { "type": "LineString", "coordinates": [ [ 94.827083333332752, 28.997916666666207 ], [ 94.831249999999415, 28.993749999999544 ] ] } },
{ "type": "Feature", "properties": { }, "geometry": { "type": "LineString", "coordinates": [ [ 94.822916666666089, 29.00208333333287 ], [ 94.827083333332752, 28.997916666666207 ] ] } },
{ "type": "Feature", "properties": { }, "geometry": { "type": "LineString", "coordinates": [ [ 94.902083333332854, 29.006249999999518 ], [ 94.902083333332854, 29.00208333333287 ] ] } },
{ "type": "Feature", "properties": { }, "geometry": { "type": "LineString", "coordinates": [ [ 95.031249999999517, 29.006249999999518 ], [ 95.022916666666021, 28.997916666666207 ] ] } },
{ "type": "Feature", "properties": { }, "geometry": { "type": "LineString", "coordinates": [ [ 95.052083333332718, 29.006249999999518 ], [ 95.031249999999517, 29.006249999999518 ] ] } },
{ "type": "Feature", "properties": { }, "geometry": { "type": "LineString", "coordinates": [ [ 94.93124999999938, 29.068749999999532 ], [ 94.93124999999938, 29.060416666666207 ], [ 94.927083333332718, 29.056249999999558 ] ] } },
{ "type": "Feature", "properties": { }, "geometry": { "type": "LineString", "coordinates": [ [ 94.935416666666043, 29.077083333332844 ], [ 94.93124999999938, 29.068749999999532 ] ] } },
{ "type": "Feature", "properties": { }, "geometry": { "type": "LineString", "coordinates": [ [ 94.952083333332752, 29.093749999999567 ], [ 94.935416666666043, 29.077083333332844 ] ] } },
{ "type": "Feature", "properties": { }, "geometry": { "type": "LineString", "coordinates": [ [ 94.952083333332752, 29.102083333332878 ], [ 94.952083333332752, 29.093749999999567 ] ] } },
{ "type": "Feature", "properties": { }, "geometry": { "type": "LineString", "coordinates": [ [ 94.956249999999415, 29.106249999999541 ], [ 94.952083333332752, 29.102083333332878 ] ] } },
{ "type": "Feature", "properties": { }, "geometry": { "type": "LineString", "coordinates": [ [ 94.960416666666077, 29.114583333332853 ], [ 94.956249999999415, 29.106249999999541 ] ] } },
{ "type": "Feature", "properties": { }, "geometry": { "type": "LineString", "coordinates": [ [ 94.96458333333274, 29.122916666666221 ], [ 94.960416666666077, 29.114583333332853 ] ] } },
{ "type": "Feature", "properties": { }, "geometry": { "type": "LineString", "coordinates": [ [ 95.022916666666021, 29.122916666666221 ], [ 95.018749999999471, 29.118749999999558 ] ] } },
{ "type": "Feature", "properties": { }, "geometry": { "type": "LineString", "coordinates": [ [ 94.902083333332854, 29.018749999999535 ], [ 94.902083333332854, 29.006249999999518 ] ] } },
{ "type": "Feature", "properties": { }, "geometry": { "type": "LineString", "coordinates": [ [ 94.802083333332718, 29.022916666666198 ], [ 94.822916666666089, 29.006249999999518 ], [ 94.822916666666089, 29.00208333333287 ] ] } },
{ "type": "Feature", "properties": { }, "geometry": { "type": "LineString", "coordinates": [ [ 94.897916666666021, 29.022916666666198 ], [ 94.902083333332854, 29.018749999999535 ] ] } },
{ "type": "Feature", "properties": { }, "geometry": { "type": "LineString", "coordinates": [ [ 94.902083333332854, 29.039583333332878 ], [ 94.897916666666021, 29.031249999999567 ], [ 94.897916666666021, 29.022916666666198 ] ] } },
{ "type": "Feature", "properties": { }, "geometry": { "type": "LineString", "coordinates": [ [ 94.906249999999403, 29.04791666666619 ], [ 94.902083333332854, 29.039583333332878 ] ] } },
{ "type": "Feature", "properties": { }, "geometry": { "type": "LineString", "coordinates": [ [ 94.927083333332718, 29.056249999999558 ], [ 94.918749999999392, 29.04791666666619 ], [ 94.906249999999403, 29.04791666666619 ] ] } },
{ "type": "Feature", "properties": { }, "geometry": { "type": "LineString", "coordinates": [ [ 94.985416666666111, 29.118749999999558 ], [ 94.968749999999403, 29.118749999999558 ], [ 94.96458333333274, 29.122916666666221 ] ] } },
{ "type": "Feature", "properties": { }, "geometry": { "type": "LineString", "coordinates": [ [ 95.018749999999471, 29.118749999999558 ], [ 95.00208333333282, 29.118749999999558 ], [ 94.9979166666661, 29.122916666666221 ], [ 94.993749999999437, 29.118749999999558 ], [ 94.985416666666111, 29.118749999999558 ] ] } },
{ "type": "Feature", "properties": { }, "geometry": { "type": "LineString", "coordinates": [ [ 95.022916666666021, 29.12708333333287 ], [ 95.022916666666021, 29.122916666666221 ] ] } },
{ "type": "Feature", "properties": { }, "geometry": { "type": "MultiLineString", "coordinates": [ [ [ 95.010416666666146, 29.152083333332861 ], [ 95.014583333332695, 29.147105837374525 ] ], [ [ 95.018302713032071, 29.131697286966826 ], [ 95.022916666666021, 29.12708333333287 ] ] ] } },
{ "type": "Feature", "properties": { }, "geometry": { "type": "LineString", "coordinates": [ [ 94.989583333332774, 29.172916666666204 ], [ 95.010416666666146, 29.152083333332861 ] ] } },
{ "type": "Feature", "properties": { }, "geometry": { "type": "LineString", "coordinates": [ [ 94.987111203300529, 29.172916666666204 ], [ 94.989583333332774, 29.172916666666204 ] ] } },
{ "type": "Feature", "properties": { }, "geometry": { "type": "LineString", "coordinates": [ [ 94.989583333332774, 29.173397158725141 ], [ 94.989583333332774, 29.172916666666204 ] ] } },
{ "type": "Feature", "properties": { }, "geometry": { "type": "LineString", "coordinates": [ [ 94.793749999999392, 28.931249999999544 ], [ 94.785416666666066, 28.927083333332895 ] ] } },
{ "type": "Feature", "properties": { }, "geometry": { "type": "LineString", "coordinates": [ [ 94.80624999999938, 28.927083333332895 ], [ 94.797916666666055, 28.931249999999544 ] ] } },
{ "type": "Feature", "properties": { }, "geometry": { "type": "LineString", "coordinates": [ [ 94.797916666666055, 28.931249999999544 ], [ 94.793749999999392, 28.931249999999544 ] ] } },
{ "type": "Feature", "properties": { }, "geometry": { "type": "LineString", "coordinates": [ [ 94.797916666666055, 29.027083333332861 ], [ 94.802083333332718, 29.022916666666198 ] ] } },
{ "type": "Feature", "properties": { }, "geometry": { "type": "LineString", "coordinates": [ [ 94.793749999999392, 29.031249999999567 ], [ 94.797916666666055, 29.027083333332861 ] ] } },
{ "type": "Feature", "properties": { }, "geometry": { "type": "LineString", "coordinates": [ [ 94.789583333332729, 29.035416666666215 ], [ 94.793749999999392, 29.031249999999567 ] ] } },
{ "type": "Feature", "properties": { }, "geometry": { "type": "LineString", "coordinates": [ [ 94.785416666666066, 29.039583333332878 ], [ 94.789583333332729, 29.035416666666215 ] ] } },
{ "type": "Feature", "properties": { }, "geometry": { "type": "LineString", "coordinates": [ [ 94.785416666666066, 29.043749999999541 ], [ 94.785416666666066, 29.039583333332878 ] ] } },
{ "type": "Feature", "properties": { }, "geometry": { "type": "LineString", "coordinates": [ [ 94.760416666666146, 29.056249999999558 ], [ 94.77708333333274, 29.043749999999541 ], [ 94.785416666666066, 29.043749999999541 ] ] } },
{ "type": "Feature", "properties": { }, "geometry": { "type": "LineString", "coordinates": [ [ 95.460416666666021, 28.914583333332864 ], [ 95.46458333333274, 28.914583333332864 ] ] } },
{ "type": "Feature", "properties": { }, "geometry": { "type": "LineString", "coordinates": [ [ 95.456249999999415, 28.918749999999527 ], [ 95.460416666666021, 28.914583333332864 ] ] } },
{ "type": "Feature", "properties": { }, "geometry": { "type": "LineString", "coordinates": [ [ 95.452083333332695, 28.943749999999518 ], [ 95.452083333332695, 28.935416666666207 ], [ 95.460416666666021, 28.927083333332895 ], [ 95.456249999999415, 28.918749999999527 ] ] } },
{ "type": "Feature", "properties": { }, "geometry": { "type": "LineString", "coordinates": [ [ 95.447916666666202, 28.960416666666198 ], [ 95.452083333332695, 28.956249999999535 ], [ 95.452083333332695, 28.943749999999518 ] ] } },
{ "type": "Feature", "properties": { }, "geometry": { "type": "LineString", "coordinates": [ [ 95.443749999999369, 28.977083333332878 ], [ 95.447916666666202, 28.968749999999552 ], [ 95.447916666666202, 28.960416666666198 ] ] } },
{ "type": "Feature", "properties": { }, "geometry": { "type": "LineString", "coordinates": [ [ 95.422916666666168, 28.981249999999527 ], [ 95.43124999999938, 28.977083333332878 ], [ 95.435416666666043, 28.981249999999527 ] ] } },
{ "type": "Feature", "properties": { }, "geometry": { "type": "LineString", "coordinates": [ [ 95.435416666666043, 28.981249999999527 ], [ 95.443749999999369, 28.977083333332878 ] ] } },
{ "type": "Feature", "properties": { }, "geometry": { "type": "LineString", "coordinates": [ [ 95.418749999999449, 28.981249999999527 ], [ 95.422916666666168, 28.981249999999527 ] ] } },
{ "type": "Feature", "properties": { }, "geometry": { "type": "LineString", "coordinates": [ [ 95.414583333332786, 28.98541666666619 ], [ 95.418749999999449, 28.981249999999527 ] ] } },
{ "type": "Feature", "properties": { }, "geometry": { "type": "LineString", "coordinates": [ [ 95.389583333332752, 28.98541666666619 ], [ 95.393749999999471, 28.989583333332895 ] ] } },
{ "type": "Feature", "properties": { }, "geometry": { "type": "LineString", "coordinates": [ [ 95.060416666666043, 29.00208333333287 ], [ 95.052083333332718, 29.006249999999518 ] ] } },
{ "type": "Feature", "properties": { }, "geometry": { "type": "LineString", "coordinates": [ [ 95.081249999999415, 29.010416666666181 ], [ 95.077083333332695, 29.006249999999518 ], [ 95.072916666666089, 29.010416666666181 ], [ 95.064583333332763, 29.00208333333287 ] ] } },
{ "type": "Feature", "properties": { }, "geometry": { "type": "LineString", "coordinates": [ [ 95.085416666666077, 29.010416666666181 ], [ 95.081249999999415, 29.010416666666181 ] ] } },
{ "type": "Feature", "properties": { }, "geometry": { "type": "LineString", "coordinates": [ [ 95.08958333333274, 29.014583333332887 ], [ 95.085416666666077, 29.010416666666181 ] ] } },
{ "type": "Feature", "properties": { }, "geometry": { "type": "LineString", "coordinates": [ [ 95.093749999999403, 29.014583333332887 ], [ 95.08958333333274, 29.014583333332887 ] ] } },
{ "type": "Feature", "properties": { }, "geometry": { "type": "LineString", "coordinates": [ [ 95.106249999999392, 29.022916666666198 ], [ 95.102083333332729, 29.022916666666198 ], [ 95.093749999999403, 29.014583333332887 ] ] } },
{ "type": "Feature", "properties": { }, "geometry": { "type": "LineString", "coordinates": [ [ 95.110416666666111, 29.027083333332861 ], [ 95.106249999999392, 29.022916666666198 ] ] } },
{ "type": "Feature", "properties": { }, "geometry": { "type": "LineString", "coordinates": [ [ 95.110416666666111, 29.039583333332878 ], [ 95.110416666666111, 29.027083333332861 ] ] } },
{ "type": "Feature", "properties": { }, "geometry": { "type": "LineString", "coordinates": [ [ 95.114583333332774, 29.043749999999541 ], [ 95.110416666666111, 29.039583333332878 ] ] } },
{ "type": "Feature", "properties": { }, "geometry": { "type": "LineString", "coordinates": [ [ 95.364583333332718, 28.997916666666207 ], [ 95.377083333332763, 28.997916666666207 ], [ 95.381249999999426, 28.993749999999544 ] ] } },
{ "type": "Feature", "properties": { }, "geometry": { "type": "LineString", "coordinates": [ [ 95.352083333332729, 29.00208333333287 ], [ 95.360416666666055, 28.993749999999544 ], [ 95.364583333332718, 28.997916666666207 ] ] } },
{ "type": "Feature", "properties": { }, "geometry": { "type": "LineString", "coordinates": [ [ 95.393749999999471, 28.989583333332895 ], [ 95.414583333332786, 28.98541666666619 ] ] } },
{ "type": "Feature", "properties": { }, "geometry": { "type": "LineString", "coordinates": [ [ 95.381249999999426, 28.993749999999544 ], [ 95.385416666666089, 28.98541666666619 ], [ 95.389583333332752, 28.98541666666619 ] ] } },
{ "type": "Feature", "properties": { }, "geometry": { "type": "LineString", "coordinates": [ [ 95.735416666666055, 28.627083333332898 ], [ 95.739583333332718, 28.627083333332898 ], [ 95.752083333332706, 28.614583333332867 ] ] } },
{ "type": "Feature", "properties": { }, "geometry": { "type": "LineString", "coordinates": [ [ 95.731249999999392, 28.627083333332898 ], [ 95.735416666666055, 28.627083333332898 ] ] } },
{ "type": "Feature", "properties": { }, "geometry": { "type": "LineString", "coordinates": [ [ 95.727083333332729, 28.631249999999547 ], [ 95.731249999999392, 28.627083333332898 ] ] } },
{ "type": "Feature", "properties": { }, "geometry": { "type": "LineString", "coordinates": [ [ 95.71458333333274, 28.63541666666621 ], [ 95.722916666666066, 28.63541666666621 ], [ 95.727083333332729, 28.631249999999547 ] ] } },
{ "type": "Feature", "properties": { }, "geometry": { "type": "LineString", "coordinates": [ [ 95.710416666666021, 28.639583333332872 ], [ 95.71458333333274, 28.63541666666621 ] ] } },
{ "type": "Feature", "properties": { }, "geometry": { "type": "LineString", "coordinates": [ [ 95.706249999999528, 28.643749999999564 ], [ 95.710416666666021, 28.639583333332872 ] ] } },
{ "type": "Feature", "properties": { }, "geometry": { "type": "LineString", "coordinates": [ [ 95.702083333332695, 28.652083333332889 ], [ 95.706249999999528, 28.643749999999564 ] ] } },
{ "type": "Feature", "properties": { }, "geometry": { "type": "LineString", "coordinates": [ [ 95.697916666666146, 28.656249999999538 ], [ 95.702083333332695, 28.652083333332889 ] ] } },
{ "type": "Feature", "properties": { }, "geometry": { "type": "LineString", "coordinates": [ [ 95.681249999999494, 28.664583333332907 ], [ 95.697916666666146, 28.656249999999538 ] ] } },
{ "type": "Feature", "properties": { }, "geometry": { "type": "LineString", "coordinates": [ [ 95.677083333332774, 28.668749999999513 ], [ 95.681249999999494, 28.664583333332907 ] ] } },
{ "type": "Feature", "properties": { }, "geometry": { "type": "LineString", "coordinates": [ [ 95.952083333332695, 28.643749999999564 ], [ 95.947916666666032, 28.63541666666621 ], [ 95.939583333332763, 28.63541666666621 ], [ 95.9354166666661, 28.631249999999547 ] ] } },
{ "type": "Feature", "properties": { }, "geometry": { "type": "LineString", "coordinates": [ [ 95.968749999999346, 28.639583333332872 ], [ 95.960416666666021, 28.639583333332872 ] ] } },
{ "type": "Feature", "properties": { }, "geometry": { "type": "LineString", "coordinates": [ [ 95.989583333332718, 28.643749999999564 ], [ 95.977083333332672, 28.643749999999564 ], [ 95.968749999999346, 28.639583333332872 ] ] } },
{ "type": "Feature", "properties": { }, "geometry": { "type": "LineString", "coordinates": [ [ 95.960416666666021, 28.639583333332872 ], [ 95.952083333332695, 28.643749999999564 ] ] } },
{ "type": "Feature", "properties": { }, "geometry": { "type": "LineString", "coordinates": [ [ 95.99374999999938, 28.647916666666227 ], [ 95.989583333332718, 28.643749999999564 ] ] } },
{ "type": "Feature", "properties": { }, "geometry": { "type": "LineString", "coordinates": [ [ 95.997916666666043, 28.652083333332889 ], [ 95.99374999999938, 28.647916666666227 ] ] } },
{ "type": "Feature", "properties": { }, "geometry": { "type": "LineString", "coordinates": [ [ 96.018749999999415, 28.660416666666201 ], [ 96.014583333332695, 28.656249999999538 ], [ 96.006249999999369, 28.660416666666201 ], [ 95.997916666666043, 28.652083333332889 ] ] } },
{ "type": "Feature", "properties": { }, "geometry": { "type": "LineString", "coordinates": [ [ 96.02708333333274, 28.660416666666201 ], [ 96.018749999999415, 28.660416666666201 ] ] } },
{ "type": "Feature", "properties": { }, "geometry": { "type": "LineString", "coordinates": [ [ 96.039583333332729, 28.668749999999513 ], [ 96.02708333333274, 28.660416666666201 ] ] } },
{ "type": "Feature", "properties": { }, "geometry": { "type": "LineString", "coordinates": [ [ 96.09791666666618, 28.664583333332907 ], [ 96.093749999999346, 28.664583333332907 ] ] } },
{ "type": "Feature", "properties": { }, "geometry": { "type": "LineString", "coordinates": [ [ 96.0604166666661, 28.664583333332907 ], [ 96.047916666666111, 28.668749999999513 ] ] } },
{ "type": "Feature", "properties": { }, "geometry": { "type": "LineString", "coordinates": [ [ 96.047916666666111, 28.668749999999513 ], [ 96.043749999999392, 28.664583333332907 ] ] } },
{ "type": "Feature", "properties": { }, "geometry": { "type": "LineString", "coordinates": [ [ 96.064583333332763, 28.668749999999513 ], [ 96.0604166666661, 28.664583333332907 ] ] } },
{ "type": "Feature", "properties": { }, "geometry": { "type": "LineString", "coordinates": [ [ 96.114583333332718, 28.668749999999513 ], [ 96.102083333332672, 28.668749999999513 ], [ 96.09791666666618, 28.664583333332907 ] ] } },
{ "type": "Feature", "properties": { }, "geometry": { "type": "LineString", "coordinates": [ [ 96.043749999999392, 28.664583333332907 ], [ 96.039583333332729, 28.668749999999513 ] ] } },
{ "type": "Feature", "properties": { }, "geometry": { "type": "LineString", "coordinates": [ [ 96.093749999999346, 28.664583333332907 ], [ 96.077083333332808, 28.672916666666218 ] ] } },
{ "type": "Feature", "properties": { }, "geometry": { "type": "LineString", "coordinates": [ [ 96.077083333332808, 28.672916666666218 ], [ 96.068749999999426, 28.672916666666218 ], [ 96.064583333332763, 28.668749999999513 ] ] } },
{ "type": "Feature", "properties": { }, "geometry": { "type": "LineString", "coordinates": [ [ 96.102083333332672, 28.68124999999953 ], [ 96.093749999999346, 28.664583333332907 ] ] } },
{ "type": "Feature", "properties": { }, "geometry": { "type": "LineString", "coordinates": [ [ 96.089583333332797, 28.702083333332915 ], [ 96.089583333332797, 28.69791666666621 ], [ 96.102083333332672, 28.68124999999953 ] ] } },
{ "type": "Feature", "properties": { }, "geometry": { "type": "LineString", "coordinates": [ [ 96.093749999999346, 28.710416666666227 ], [ 96.089583333332797, 28.702083333332915 ] ] } },
{ "type": "Feature", "properties": { }, "geometry": { "type": "LineString", "coordinates": [ [ 95.672916666666111, 28.672916666666218 ], [ 95.677083333332774, 28.668749999999513 ] ] } },
{ "type": "Feature", "properties": { }, "geometry": { "type": "LineString", "coordinates": [ [ 95.664583333332786, 28.677083333332881 ], [ 95.672916666666111, 28.672916666666218 ] ] } },
{ "type": "Feature", "properties": { }, "geometry": { "type": "LineString", "coordinates": [ [ 95.660416666666123, 28.68124999999953 ], [ 95.664583333332786, 28.677083333332881 ] ] } },
{ "type": "Feature", "properties": { }, "geometry": { "type": "LineString", "coordinates": [ [ 95.660416666666123, 28.685416666666192 ], [ 95.660416666666123, 28.68124999999953 ] ] } },
{ "type": "Feature", "properties": { }, "geometry": { "type": "LineString", "coordinates": [ [ 95.660416666666123, 28.689583333332898 ], [ 95.660416666666123, 28.685416666666192 ] ] } },
{ "type": "Feature", "properties": { }, "geometry": { "type": "LineString", "coordinates": [ [ 95.65624999999946, 28.693749999999547 ], [ 95.660416666666123, 28.689583333332898 ] ] } },
{ "type": "Feature", "properties": { }, "geometry": { "type": "LineString", "coordinates": [ [ 95.647916666666077, 28.69791666666621 ], [ 95.65624999999946, 28.693749999999547 ] ] } },
{ "type": "Feature", "properties": { }, "geometry": { "type": "LineString", "coordinates": [ [ 95.639583333332752, 28.706249999999521 ], [ 95.647916666666077, 28.69791666666621 ] ] } },
{ "type": "Feature", "properties": { }, "geometry": { "type": "LineString", "coordinates": [ [ 95.635416666666089, 28.710416666666227 ], [ 95.639583333332752, 28.706249999999521 ] ] } },
{ "type": "Feature", "properties": { }, "geometry": { "type": "LineString", "coordinates": [ [ 95.61874999999938, 28.727083333332864 ], [ 95.635416666666089, 28.710416666666227 ] ] } },
{ "type": "Feature", "properties": { }, "geometry": { "type": "LineString", "coordinates": [ [ 95.852083333332672, 28.668749999999513 ], [ 95.852083333332672, 28.660416666666201 ] ] } },
{ "type": "Feature", "properties": { }, "geometry": { "type": "LineString", "coordinates": [ [ 95.847916666666066, 28.672916666666218 ], [ 95.852083333332672, 28.668749999999513 ] ] } },
{ "type": "Feature", "properties": { }, "geometry": { "type": "LineString", "coordinates": [ [ 95.843749999999346, 28.685416666666192 ], [ 95.843749999999346, 28.677083333332881 ], [ 95.847916666666066, 28.672916666666218 ] ] } },
{ "type": "Feature", "properties": { }, "geometry": { "type": "LineString", "coordinates": [ [ 95.843749999999346, 28.689583333332898 ], [ 95.843749999999346, 28.685416666666192 ] ] } },
{ "type": "Feature", "properties": { }, "geometry": { "type": "LineString", "coordinates": [ [ 95.860416666666055, 28.706249999999521 ], [ 95.852083333332672, 28.702083333332915 ], [ 95.843749999999346, 28.689583333332898 ] ] } },
{ "type": "Feature", "properties": { }, "geometry": { "type": "LineString", "coordinates": [ [ 95.86874999999938, 28.718749999999552 ], [ 95.860416666666055, 28.706249999999521 ] ] } },
{ "type": "Feature", "properties": { }, "geometry": { "type": "LineString", "coordinates": [ [ 95.860416666666055, 28.731249999999569 ], [ 95.86874999999938, 28.722916666666201 ], [ 95.86874999999938, 28.718749999999552 ] ] } },
{ "type": "Feature", "properties": { }, "geometry": { "type": "LineString", "coordinates": [ [ 95.860416666666055, 28.735416666666218 ], [ 95.860416666666055, 28.731249999999569 ] ] } },
{ "type": "Feature", "properties": { }, "geometry": { "type": "LineString", "coordinates": [ [ 95.860416666666055, 28.739583333332881 ], [ 95.860416666666055, 28.735416666666218 ] ] } },
{ "type": "Feature", "properties": { }, "geometry": { "type": "LineString", "coordinates": [ [ 95.860416666666055, 28.743749999999544 ], [ 95.860416666666055, 28.739583333332881 ] ] } },
{ "type": "Feature", "properties": { }, "geometry": { "type": "LineString", "coordinates": [ [ 95.864583333332718, 28.764583333332872 ], [ 95.860416666666055, 28.76041666666621 ], [ 95.864583333332718, 28.747916666666192 ], [ 95.860416666666055, 28.743749999999544 ] ] } },
{ "type": "Feature", "properties": { }, "geometry": { "type": "LineString", "coordinates": [ [ 95.864583333332718, 28.768749999999578 ], [ 95.864583333332718, 28.764583333332872 ] ] } },
{ "type": "Feature", "properties": { }, "geometry": { "type": "LineString", "coordinates": [ [ 95.864583333332718, 28.772916666666184 ], [ 95.864583333332718, 28.768749999999578 ] ] } },
{ "type": "Feature", "properties": { }, "geometry": { "type": "LineString", "coordinates": [ [ 95.860416666666055, 28.781249999999552 ], [ 95.864583333332718, 28.772916666666184 ] ] } },
{ "type": "Feature", "properties": { }, "geometry": { "type": "LineString", "coordinates": [ [ 95.889583333332695, 28.777083333332889 ], [ 95.885416666666032, 28.781249999999552 ] ] } },
{ "type": "Feature", "properties": { }, "geometry": { "type": "LineString", "coordinates": [ [ 95.906249999999403, 28.781249999999552 ], [ 95.897916666666077, 28.777083333332889 ], [ 95.889583333332695, 28.777083333332889 ] ] } },
{ "type": "Feature", "properties": { }, "geometry": { "type": "LineString", "coordinates": [ [ 95.885416666666032, 28.781249999999552 ], [ 95.872916666666043, 28.781249999999552 ], [ 95.86874999999938, 28.785416666666201 ], [ 95.860416666666055, 28.785416666666201 ] ] } },
{ "type": "Feature", "properties": { }, "geometry": { "type": "LineString", "coordinates": [ [ 95.860416666666055, 28.785416666666201 ], [ 95.860416666666055, 28.781249999999552 ] ] } },
{ "type": "Feature", "properties": { }, "geometry": { "type": "LineString", "coordinates": [ [ 95.914583333332729, 28.789583333332864 ], [ 95.906249999999403, 28.781249999999552 ] ] } },
{ "type": "Feature", "properties": { }, "geometry": { "type": "LineString", "coordinates": [ [ 95.860416666666055, 28.789583333332864 ], [ 95.860416666666055, 28.785416666666201 ] ] } },
{ "type": "Feature", "properties": { }, "geometry": { "type": "LineString", "coordinates": [ [ 96.09791666666618, 28.718749999999552 ], [ 96.093749999999346, 28.710416666666227 ] ] } },
{ "type": "Feature", "properties": { }, "geometry": { "type": "LineString", "coordinates": [ [ 96.089583333332797, 28.727083333332864 ], [ 96.09791666666618, 28.718749999999552 ] ] } },
{ "type": "Feature", "properties": { }, "geometry": { "type": "LineString", "coordinates": [ [ 95.931249999999437, 28.810416666666192 ], [ 95.931249999999437, 28.802083333332881 ], [ 95.927083333332774, 28.793749999999527 ] ] } },
{ "type": "Feature", "properties": { }, "geometry": { "type": "LineString", "coordinates": [ [ 95.939583333332763, 28.814583333332855 ], [ 95.931249999999437, 28.810416666666192 ] ] } },
{ "type": "Feature", "properties": { }, "geometry": { "type": "LineString", "coordinates": [ [ 95.947916666666032, 28.822916666666224 ], [ 95.939583333332763, 28.814583333332855 ] ] } },
{ "type": "Feature", "properties": { }, "geometry": { "type": "LineString", "coordinates": [ [ 95.952083333332695, 28.827083333332872 ], [ 95.947916666666032, 28.822916666666224 ] ] } },
{ "type": "Feature", "properties": { }, "geometry": { "type": "LineString", "coordinates": [ [ 95.964583333332797, 28.839583333332889 ], [ 95.960416666666021, 28.839583333332889 ], [ 95.952083333332695, 28.827083333332872 ] ] } },
{ "type": "Feature", "properties": { }, "geometry": { "type": "LineString", "coordinates": [ [ 95.968749999999346, 28.847916666666215 ], [ 95.964583333332797, 28.839583333332889 ] ] } },
{ "type": "Feature", "properties": { }, "geometry": { "type": "LineString", "coordinates": [ [ 95.97291666666618, 28.852083333332864 ], [ 95.968749999999346, 28.847916666666215 ] ] } },
{ "type": "Feature", "properties": { }, "geometry": { "type": "LineString", "coordinates": [ [ 95.981249999999392, 28.864583333332881 ], [ 95.97291666666618, 28.856249999999527 ], [ 95.97291666666618, 28.852083333332864 ] ] } },
{ "type": "Feature", "properties": { }, "geometry": { "type": "LineString", "coordinates": [ [ 95.922916666666111, 28.789583333332864 ], [ 95.914583333332729, 28.789583333332864 ] ] } },
{ "type": "Feature", "properties": { }, "geometry": { "type": "LineString", "coordinates": [ [ 95.927083333332774, 28.793749999999527 ], [ 95.922916666666111, 28.789583333332864 ] ] } },
{ "type": "Feature", "properties": { }, "geometry": { "type": "LineString", "coordinates": [ [ 95.86874999999938, 28.797916666666218 ], [ 95.860416666666055, 28.789583333332864 ] ] } },
{ "type": "Feature", "properties": { }, "geometry": { "type": "LineString", "coordinates": [ [ 95.86874999999938, 28.814583333332855 ], [ 95.872916666666043, 28.810416666666192 ], [ 95.872916666666043, 28.802083333332881 ], [ 95.86874999999938, 28.797916666666218 ] ] } },
{ "type": "Feature", "properties": { }, "geometry": { "type": "LineString", "coordinates": [ [ 95.86874999999938, 28.827083333332872 ], [ 95.872916666666043, 28.822916666666224 ], [ 95.86874999999938, 28.814583333332855 ] ] } },
{ "type": "Feature", "properties": { }, "geometry": { "type": "LineString", "coordinates": [ [ 95.86874999999938, 28.835416666666241 ], [ 95.86874999999938, 28.827083333332872 ] ] } },
{ "type": "Feature", "properties": { }, "geometry": { "type": "LineString", "coordinates": [ [ 95.864583333332718, 28.847916666666215 ], [ 95.86874999999938, 28.835416666666241 ] ] } },
{ "type": "Feature", "properties": { }, "geometry": { "type": "LineString", "coordinates": [ [ 95.856249999999392, 28.860416666666232 ], [ 95.856249999999392, 28.856249999999527 ], [ 95.864583333332718, 28.847916666666215 ] ] } },
{ "type": "Feature", "properties": { }, "geometry": { "type": "LineString", "coordinates": [ [ 95.797916666666111, 28.864583333332881 ], [ 95.802083333332774, 28.868749999999544 ] ] } },
{ "type": "Feature", "properties": { }, "geometry": { "type": "LineString", "coordinates": [ [ 95.843749999999346, 28.881249999999518 ], [ 95.856249999999392, 28.864583333332881 ], [ 95.856249999999392, 28.860416666666232 ] ] } },
{ "type": "Feature", "properties": { }, "geometry": { "type": "LineString", "coordinates": [ [ 95.610416666666055, 28.731249999999569 ], [ 95.61874999999938, 28.727083333332864 ] ] } },
{ "type": "Feature", "properties": { }, "geometry": { "type": "LineString", "coordinates": [ [ 95.597916666666066, 28.735416666666218 ], [ 95.610416666666055, 28.731249999999569 ] ] } },
{ "type": "Feature", "properties": { }, "geometry": { "type": "LineString", "coordinates": [ [ 95.593749999999346, 28.739583333332881 ], [ 95.597916666666066, 28.735416666666218 ] ] } },
{ "type": "Feature", "properties": { }, "geometry": { "type": "LineString", "coordinates": [ [ 95.58958333333274, 28.739583333332881 ], [ 95.593749999999346, 28.739583333332881 ] ] } },
{ "type": "Feature", "properties": { }, "geometry": { "type": "LineString", "coordinates": [ [ 95.577083333332695, 28.743749999999544 ], [ 95.581249999999528, 28.739583333332881 ], [ 95.58958333333274, 28.739583333332881 ] ] } },
{ "type": "Feature", "properties": { }, "geometry": { "type": "LineString", "coordinates": [ [ 95.560416666666043, 28.747916666666192 ], [ 95.564583333332706, 28.752083333332855 ], [ 95.577083333332695, 28.743749999999544 ] ] } },
{ "type": "Feature", "properties": { }, "geometry": { "type": "LineString", "coordinates": [ [ 95.568749999999369, 28.785416666666201 ], [ 95.564583333332706, 28.777083333332889 ], [ 95.568749999999369, 28.768749999999578 ], [ 95.564583333332706, 28.764583333332872 ] ] } },
{ "type": "Feature", "properties": { }, "geometry": { "type": "LineString", "coordinates": [ [ 95.764583333332752, 28.98541666666619 ], [ 95.768749999999415, 28.98541666666619 ] ] } },
{ "type": "Feature", "properties": { }, "geometry": { "type": "LineString", "coordinates": [ [ 95.747916666666043, 28.997916666666207 ], [ 95.764583333332752, 28.98541666666619 ] ] } },
{ "type": "Feature", "properties": { }, "geometry": { "type": "LineString", "coordinates": [ [ 95.739583333332718, 29.00208333333287 ], [ 95.747916666666043, 28.997916666666207 ] ] } },
{ "type": "Feature", "properties": { }, "geometry": { "type": "LineString", "coordinates": [ [ 96.006249999999369, 28.860416666666232 ], [ 95.997916666666043, 28.860416666666232 ], [ 95.99374999999938, 28.864583333332881 ], [ 95.981249999999392, 28.864583333332881 ] ] } },
{ "type": "Feature", "properties": { }, "geometry": { "type": "LineString", "coordinates": [ [ 96.02708333333274, 28.872916666666207 ], [ 96.018749999999415, 28.872916666666207 ], [ 96.006249999999369, 28.860416666666232 ] ] } },
{ "type": "Feature", "properties": { }, "geometry": { "type": "LineString", "coordinates": [ [ 95.981249999999392, 28.877083333332855 ], [ 95.981249999999392, 28.864583333332881 ] ] } },
{ "type": "Feature", "properties": { }, "geometry": { "type": "LineString", "coordinates": [ [ 95.977083333332672, 28.885416666666224 ], [ 95.981249999999392, 28.877083333332855 ] ] } },
{ "type": "Feature", "properties": { }, "geometry": { "type": "LineString", "coordinates": [ [ 95.968749999999346, 28.897916666666198 ], [ 95.977083333332672, 28.885416666666224 ] ] } },
{ "type": "Feature", "properties": { }, "geometry": { "type": "LineString", "coordinates": [ [ 95.968749999999346, 28.906249999999552 ], [ 95.968749999999346, 28.897916666666198 ] ] } },
{ "type": "Feature", "properties": { }, "geometry": { "type": "LineString", "coordinates": [ [ 95.97291666666618, 28.927083333332895 ], [ 95.968749999999346, 28.906249999999552 ] ] } },
{ "type": "Feature", "properties": { }, "geometry": { "type": "LineString", "coordinates": [ [ 95.97291666666618, 28.935416666666207 ], [ 95.97291666666618, 28.927083333332895 ] ] } },
{ "type": "Feature", "properties": { }, "geometry": { "type": "LineString", "coordinates": [ [ 95.968749999999346, 28.947916666666181 ], [ 95.968749999999346, 28.93958333333287 ], [ 95.97291666666618, 28.935416666666207 ] ] } },
{ "type": "Feature", "properties": { }, "geometry": { "type": "LineString", "coordinates": [ [ 95.968749999999346, 28.952083333332887 ], [ 95.968749999999346, 28.947916666666181 ] ] } },
{ "type": "Feature", "properties": { }, "geometry": { "type": "LineString", "coordinates": [ [ 96.24374999999938, 28.772916666666184 ], [ 96.231249999999505, 28.76041666666621 ] ] } },
{ "type": "Feature", "properties": { }, "geometry": { "type": "LineString", "coordinates": [ [ 96.256249999999369, 28.781249999999552 ], [ 96.24374999999938, 28.772916666666184 ] ] } },
{ "type": "Feature", "properties": { }, "geometry": { "type": "LineString", "coordinates": [ [ 96.264583333332695, 28.785416666666201 ], [ 96.256249999999369, 28.781249999999552 ] ] } },
{ "type": "Feature", "properties": { }, "geometry": { "type": "LineString", "coordinates": [ [ 96.27708333333274, 28.789583333332864 ], [ 96.268749999999415, 28.789583333332864 ], [ 96.264583333332695, 28.785416666666201 ] ] } },
{ "type": "Feature", "properties": { }, "geometry": { "type": "LineString", "coordinates": [ [ 96.285416666666066, 28.793749999999527 ], [ 96.27708333333274, 28.789583333332864 ] ] } },
{ "type": "Feature", "properties": { }, "geometry": { "type": "LineString", "coordinates": [ [ 96.293749999999392, 28.793749999999527 ], [ 96.285416666666066, 28.793749999999527 ] ] } },
{ "type": "Feature", "properties": { }, "geometry": { "type": "LineString", "coordinates": [ [ 96.30624999999938, 28.797916666666218 ], [ 96.297916666666055, 28.797916666666218 ], [ 96.293749999999392, 28.793749999999527 ] ] } },
{ "type": "Feature", "properties": { }, "geometry": { "type": "LineString", "coordinates": [ [ 96.3104166666661, 28.802083333332881 ], [ 96.30624999999938, 28.797916666666218 ] ] } },
{ "type": "Feature", "properties": { }, "geometry": { "type": "LineString", "coordinates": [ [ 96.127083333332706, 29.143749999999507 ], [ 96.114583333332718, 29.135416666666195 ] ] } },
{ "type": "Feature", "properties": { }, "geometry": { "type": "LineString", "coordinates": [ [ 96.147916666666021, 29.156249999999524 ], [ 96.139583333332695, 29.147916666666212 ], [ 96.131249999999369, 29.147916666666212 ], [ 96.127083333332706, 29.143749999999507 ] ] } },
{ "type": "Feature", "properties": { }, "geometry": { "type": "LineString", "coordinates": [ [ 96.15208333333274, 29.160416666666229 ], [ 96.147916666666021, 29.156249999999524 ] ] } },
{ "type": "Feature", "properties": { }, "geometry": { "type": "LineString", "coordinates": [ [ 96.181249999999437, 29.156249999999524 ], [ 96.172916666666055, 29.160416666666229 ], [ 96.164583333332729, 29.160416666666229 ] ] } },
{ "type": "Feature", "properties": { }, "geometry": { "type": "LineString", "coordinates": [ [ 96.189583333332763, 29.160416666666229 ], [ 96.181249999999437, 29.156249999999524 ] ] } },
{ "type": "Feature", "properties": { }, "geometry": { "type": "LineString", "coordinates": [ [ 96.164583333332729, 29.160416666666229 ], [ 96.15208333333274, 29.160416666666229 ] ] } },
{ "type": "Feature", "properties": { }, "geometry": { "type": "LineString", "coordinates": [ [ 96.222916666666123, 29.164583333332878 ], [ 96.214583333332797, 29.164583333332878 ] ] } },
{ "type": "Feature", "properties": { }, "geometry": { "type": "LineString", "coordinates": [ [ 96.206249999999471, 29.168749999999541 ], [ 96.189583333332763, 29.160416666666229 ] ] } },
{ "type": "Feature", "properties": { }, "geometry": { "type": "LineString", "coordinates": [ [ 96.214583333332797, 29.164583333332878 ], [ 96.206249999999471, 29.168749999999541 ] ] } },
{ "type": "Feature", "properties": { }, "geometry": { "type": "LineString", "coordinates": [ [ 96.147916666666021, 29.185416666666221 ], [ 96.147916666666021, 29.181249999999515 ], [ 96.156249999999403, 29.172916666666204 ], [ 96.156249999999403, 29.164583333332878 ], [ 96.15208333333274, 29.160416666666229 ] ] } },
{ "type": "Feature", "properties": { }, "geometry": { "type": "LineString", "coordinates": [ [ 96.135416666666032, 29.202083333332887 ], [ 96.147916666666021, 29.18958333333287 ], [ 96.147916666666021, 29.185416666666221 ] ] } },
{ "type": "Feature", "properties": { }, "geometry": { "type": "LineString", "coordinates": [ [ 96.135416666666032, 29.20624999999955 ], [ 96.135416666666032, 29.202083333332887 ] ] } },
{ "type": "Feature", "properties": { }, "geometry": { "type": "LineString", "coordinates": [ [ 96.139583333332695, 29.222916666666229 ], [ 96.135416666666032, 29.218749999999524 ], [ 96.135416666666032, 29.20624999999955 ] ] } },
{ "type": "Feature", "properties": { }, "geometry": { "type": "LineString", "coordinates": [ [ 96.360416666665998, 29.218749999999524 ], [ 96.368067517473563, 29.21109914919203 ] ] } },
{ "type": "Feature", "properties": { }, "geometry": { "type": "LineString", "coordinates": [ [ 96.356249999999449, 29.218749999999524 ], [ 96.360416666665998, 29.218749999999524 ] ] } },
{ "type": "Feature", "properties": { }, "geometry": { "type": "LineString", "coordinates": [ [ 96.343749999999346, 29.235416666666204 ], [ 96.343749999999346, 29.231249999999541 ], [ 96.356249999999449, 29.218749999999524 ] ] } },
{ "type": "Feature", "properties": { }, "geometry": { "type": "LineString", "coordinates": [ [ 96.339583333332797, 29.239583333332867 ], [ 96.343749999999346, 29.235416666666204 ] ] } },
{ "type": "Feature", "properties": { }, "geometry": { "type": "LineString", "coordinates": [ [ 96.335416666666134, 29.243749999999515 ], [ 96.339583333332797, 29.239583333332867 ] ] } },
{ "type": "Feature", "properties": { }, "geometry": { "type": "LineString", "coordinates": [ [ 96.322916666666089, 29.256249999999532 ], [ 96.335416666666134, 29.243749999999515 ] ] } },
{ "type": "Feature", "properties": { }, "geometry": { "type": "LineString", "coordinates": [ [ 96.318749999999426, 29.260416666666195 ], [ 96.322916666666089, 29.256249999999532 ] ] } },
{ "type": "Feature", "properties": { }, "geometry": { "type": "LineString", "coordinates": [ [ 96.318749999999426, 29.261174061666551 ], [ 96.318749999999426, 29.260416666666195 ] ] } },
{ "type": "Feature", "properties": { }, "geometry": { "type": "LineString", "coordinates": [ [ 95.802083333332774, 28.868749999999544 ], [ 95.806249999999437, 28.877083333332855 ], [ 95.806249999999437, 28.885416666666224 ], [ 95.810416666666157, 28.889583333332872 ] ] } },
{ "type": "Feature", "properties": { }, "geometry": { "type": "LineString", "coordinates": [ [ 95.827083333332695, 28.885416666666224 ], [ 95.831249999999471, 28.881249999999518 ], [ 95.839583333332854, 28.885416666666224 ] ] } },
{ "type": "Feature", "properties": { }, "geometry": { "type": "LineString", "coordinates": [ [ 95.839583333332854, 28.885416666666224 ], [ 95.843749999999346, 28.881249999999518 ] ] } },
{ "type": "Feature", "properties": { }, "geometry": { "type": "LineString", "coordinates": [ [ 95.827083333332695, 28.902083333332889 ], [ 95.831249999999471, 28.897916666666198 ], [ 95.827083333332695, 28.885416666666224 ] ] } },
{ "type": "Feature", "properties": { }, "geometry": { "type": "LineString", "coordinates": [ [ 95.810416666666157, 28.889583333332872 ], [ 95.822916666666146, 28.902083333332889 ], [ 95.822916666666146, 28.906249999999552 ] ] } },
{ "type": "Feature", "properties": { }, "geometry": { "type": "LineString", "coordinates": [ [ 95.822916666666146, 28.906249999999552 ], [ 95.827083333332695, 28.902083333332889 ] ] } },
{ "type": "Feature", "properties": { }, "geometry": { "type": "LineString", "coordinates": [ [ 95.827083333332695, 28.927083333332895 ], [ 95.822916666666146, 28.92291666666619 ], [ 95.822916666666146, 28.906249999999552 ] ] } },
{ "type": "Feature", "properties": { }, "geometry": { "type": "LineString", "coordinates": [ [ 95.822916666666146, 28.931249999999544 ], [ 95.827083333332695, 28.927083333332895 ] ] } },
{ "type": "Feature", "properties": { }, "geometry": { "type": "LineString", "coordinates": [ [ 95.818749999999369, 28.947916666666181 ], [ 95.818749999999369, 28.935416666666207 ], [ 95.822916666666146, 28.931249999999544 ] ] } },
{ "type": "Feature", "properties": { }, "geometry": { "type": "LineString", "coordinates": [ [ 95.810416666666157, 28.960416666666198 ], [ 95.818749999999369, 28.952083333332887 ], [ 95.818749999999369, 28.947916666666181 ] ] } },
{ "type": "Feature", "properties": { }, "geometry": { "type": "LineString", "coordinates": [ [ 95.968749999999346, 28.964583333332904 ], [ 95.968749999999346, 28.952083333332887 ] ] } },
{ "type": "Feature", "properties": { }, "geometry": { "type": "LineString", "coordinates": [ [ 95.968749999999346, 28.968749999999552 ], [ 95.968749999999346, 28.964583333332904 ] ] } },
{ "type": "Feature", "properties": { }, "geometry": { "type": "LineString", "coordinates": [ [ 95.968749999999346, 28.972916666666215 ], [ 95.968749999999346, 28.968749999999552 ] ] } },
{ "type": "Feature", "properties": { }, "geometry": { "type": "LineString", "coordinates": [ [ 95.964583333332797, 28.98541666666619 ], [ 95.968749999999346, 28.972916666666215 ] ] } },
{ "type": "Feature", "properties": { }, "geometry": { "type": "LineString", "coordinates": [ [ 95.968749999999346, 28.989583333332895 ], [ 95.964583333332797, 28.98541666666619 ] ] } },
{ "type": "Feature", "properties": { }, "geometry": { "type": "LineString", "coordinates": [ [ 95.968749999999346, 29.00208333333287 ], [ 95.968749999999346, 28.989583333332895 ] ] } },
{ "type": "Feature", "properties": { }, "geometry": { "type": "LineString", "coordinates": [ [ 95.968749999999346, 29.006249999999518 ], [ 95.968749999999346, 29.00208333333287 ] ] } },
{ "type": "Feature", "properties": { }, "geometry": { "type": "LineString", "coordinates": [ [ 95.97291666666618, 29.018749999999535 ], [ 95.97291666666618, 29.010416666666181 ], [ 95.968749999999346, 29.006249999999518 ] ] } },
{ "type": "Feature", "properties": { }, "geometry": { "type": "LineString", "coordinates": [ [ 95.977083333332672, 29.022916666666198 ], [ 95.97291666666618, 29.018749999999535 ] ] } },
{ "type": "Feature", "properties": { }, "geometry": { "type": "LineString", "coordinates": [ [ 95.985416666666055, 29.027083333332861 ], [ 95.977083333332672, 29.022916666666198 ] ] } },
{ "type": "Feature", "properties": { }, "geometry": { "type": "LineString", "coordinates": [ [ 95.810416666666157, 28.964583333332904 ], [ 95.810416666666157, 28.960416666666198 ] ] } },
{ "type": "Feature", "properties": { }, "geometry": { "type": "LineString", "coordinates": [ [ 95.810416666666157, 28.968749999999552 ], [ 95.810416666666157, 28.964583333332904 ] ] } },
{ "type": "Feature", "properties": { }, "geometry": { "type": "LineString", "coordinates": [ [ 95.785416666666123, 28.968749999999552 ], [ 95.789583333332786, 28.964583333332904 ], [ 95.802083333332774, 28.964583333332904 ], [ 95.810416666666157, 28.968749999999552 ] ] } },
{ "type": "Feature", "properties": { }, "geometry": { "type": "LineString", "coordinates": [ [ 95.781249999999403, 28.972916666666215 ], [ 95.785416666666123, 28.968749999999552 ] ] } },
{ "type": "Feature", "properties": { }, "geometry": { "type": "LineString", "coordinates": [ [ 95.810416666666157, 28.977083333332878 ], [ 95.810416666666157, 28.968749999999552 ] ] } },
{ "type": "Feature", "properties": { }, "geometry": { "type": "LineString", "coordinates": [ [ 95.77708333333274, 28.98541666666619 ], [ 95.781249999999403, 28.981249999999527 ], [ 95.781249999999403, 28.972916666666215 ] ] } },
{ "type": "Feature", "properties": { }, "geometry": { "type": "LineString", "coordinates": [ [ 95.768749999999415, 28.98541666666619 ], [ 95.77708333333274, 28.98541666666619 ] ] } },
{ "type": "Feature", "properties": { }, "geometry": { "type": "LineString", "coordinates": [ [ 95.810416666666157, 29.014583333332887 ], [ 95.810416666666157, 29.006249999999518 ], [ 95.806249999999437, 29.00208333333287 ], [ 95.806249999999437, 28.981249999999527 ], [ 95.810416666666157, 28.977083333332878 ] ] } },
{ "type": "Feature", "properties": { }, "geometry": { "type": "LineString", "coordinates": [ [ 95.81458333333282, 29.027083333332861 ], [ 95.810416666666157, 29.022916666666198 ], [ 95.810416666666157, 29.014583333332887 ] ] } },
{ "type": "Feature", "properties": { }, "geometry": { "type": "LineString", "coordinates": [ [ 95.81458333333282, 29.039583333332878 ], [ 95.81458333333282, 29.027083333332861 ] ] } },
{ "type": "Feature", "properties": { }, "geometry": { "type": "LineString", "coordinates": [ [ 96.002083333332706, 29.043749999999541 ], [ 95.99374999999938, 29.035416666666215 ], [ 95.989583333332718, 29.035416666666215 ], [ 95.985416666666055, 29.027083333332861 ] ] } },
{ "type": "Feature", "properties": { }, "geometry": { "type": "LineString", "coordinates": [ [ 96.002083333332706, 29.04791666666619 ], [ 96.002083333332706, 29.043749999999541 ] ] } },
{ "type": "Feature", "properties": { }, "geometry": { "type": "LineString", "coordinates": [ [ 96.014583333332695, 29.056249999999558 ], [ 96.002083333332706, 29.04791666666619 ] ] } },
{ "type": "Feature", "properties": { }, "geometry": { "type": "LineString", "coordinates": [ [ 96.018749999999415, 29.06458333333287 ], [ 96.014583333332695, 29.056249999999558 ] ] } },
{ "type": "Feature", "properties": { }, "geometry": { "type": "LineString", "coordinates": [ [ 96.031249999999403, 29.072916666666181 ], [ 96.018749999999415, 29.06458333333287 ] ] } },
{ "type": "Feature", "properties": { }, "geometry": { "type": "LineString", "coordinates": [ [ 96.039583333332729, 29.077083333332844 ], [ 96.031249999999403, 29.072916666666181 ] ] } },
{ "type": "Feature", "properties": { }, "geometry": { "type": "LineString", "coordinates": [ [ 96.0604166666661, 29.093749999999567 ], [ 96.039583333332729, 29.077083333332844 ] ] } },
{ "type": "Feature", "properties": { }, "geometry": { "type": "LineString", "coordinates": [ [ 96.064583333332763, 29.093749999999567 ], [ 96.0604166666661, 29.093749999999567 ] ] } },
{ "type": "Feature", "properties": { }, "geometry": { "type": "LineString", "coordinates": [ [ 96.077083333332808, 29.102083333332878 ], [ 96.064583333332763, 29.093749999999567 ] ] } },
{ "type": "Feature", "properties": { }, "geometry": { "type": "LineString", "coordinates": [ [ 96.085416666666021, 29.11041666666619 ], [ 96.077083333332808, 29.102083333332878 ] ] } },
{ "type": "Feature", "properties": { }, "geometry": { "type": "LineString", "coordinates": [ [ 95.835416666666021, 29.052083333332853 ], [ 95.831249999999471, 29.052083333332853 ], [ 95.818749999999369, 29.039583333332878 ], [ 95.81458333333282, 29.039583333332878 ] ] } },
{ "type": "Feature", "properties": { }, "geometry": { "type": "LineString", "coordinates": [ [ 95.852083333332672, 29.077083333332844 ], [ 95.835416666666021, 29.052083333332853 ] ] } },
{ "type": "Feature", "properties": { }, "geometry": { "type": "LineString", "coordinates": [ [ 95.860416666666055, 29.097916666666215 ], [ 95.856249999999392, 29.093749999999567 ], [ 95.856249999999392, 29.085416666666198 ], [ 95.852083333332672, 29.077083333332844 ] ] } },
{ "type": "Feature", "properties": { }, "geometry": { "type": "LineString", "coordinates": [ [ 95.860416666666055, 29.114583333332853 ], [ 95.860416666666055, 29.097916666666215 ] ] } },
{ "type": "Feature", "properties": { }, "geometry": { "type": "LineString", "coordinates": [ [ 95.856249999999392, 29.118749999999558 ], [ 95.860416666666055, 29.114583333332853 ] ] } },
{ "type": "Feature", "properties": { }, "geometry": { "type": "LineString", "coordinates": [ [ 95.856249999999392, 29.12708333333287 ], [ 95.856249999999392, 29.118749999999558 ] ] } },
{ "type": "Feature", "properties": { }, "geometry": { "type": "LineString", "coordinates": [ [ 95.872916666666043, 29.156249999999524 ], [ 95.860416666666055, 29.143749999999507 ], [ 95.860416666666055, 29.131249999999532 ], [ 95.856249999999392, 29.12708333333287 ] ] } },
{ "type": "Feature", "properties": { }, "geometry": { "type": "LineString", "coordinates": [ [ 95.872916666666043, 29.160416666666229 ], [ 95.872916666666043, 29.156249999999524 ] ] } },
{ "type": "Feature", "properties": { }, "geometry": { "type": "LineString", "coordinates": [ [ 95.885416666666032, 29.177083333332853 ], [ 95.872916666666043, 29.160416666666229 ] ] } },
{ "type": "Feature", "properties": { }, "geometry": { "type": "LineString", "coordinates": [ [ 95.889583333332695, 29.185416666666221 ], [ 95.885416666666032, 29.177083333332853 ] ] } },
{ "type": "Feature", "properties": { }, "geometry": { "type": "LineString", "coordinates": [ [ 95.731249999999392, 29.006249999999518 ], [ 95.739583333332718, 29.00208333333287 ] ] } },
{ "type": "Feature", "properties": { }, "geometry": { "type": "LineString", "coordinates": [ [ 95.727083333332729, 29.010416666666181 ], [ 95.731249999999392, 29.006249999999518 ] ] } },
{ "type": "Feature", "properties": { }, "geometry": { "type": "LineString", "coordinates": [ [ 95.702083333332695, 29.014583333332887 ], [ 95.718749999999346, 29.014583333332887 ], [ 95.727083333332729, 29.010416666666181 ] ] } },
{ "type": "Feature", "properties": { }, "geometry": { "type": "LineString", "coordinates": [ [ 95.697916666666146, 29.018749999999535 ], [ 95.702083333332695, 29.014583333332887 ] ] } },
{ "type": "Feature", "properties": { }, "geometry": { "type": "LineString", "coordinates": [ [ 95.681249999999494, 29.022916666666198 ], [ 95.689583333332706, 29.022916666666198 ], [ 95.697916666666146, 29.018749999999535 ] ] } },
{ "type": "Feature", "properties": { }, "geometry": { "type": "LineString", "coordinates": [ [ 95.668749999999449, 29.031249999999567 ], [ 95.681249999999494, 29.022916666666198 ] ] } },
{ "type": "Feature", "properties": { }, "geometry": { "type": "LineString", "coordinates": [ [ 95.65208333333274, 29.027083333332861 ], [ 95.664583333332786, 29.027083333332861 ], [ 95.668749999999449, 29.031249999999567 ] ] } },
{ "type": "Feature", "properties": { }, "geometry": { "type": "LineString", "coordinates": [ [ 95.639583333332752, 29.035416666666215 ], [ 95.65208333333274, 29.027083333332861 ] ] } },
{ "type": "Feature", "properties": { }, "geometry": { "type": "LineString", "coordinates": [ [ 96.09791666666618, 29.122916666666221 ], [ 96.085416666666021, 29.11041666666619 ] ] } },
{ "type": "Feature", "properties": { }, "geometry": { "type": "LineString", "coordinates": [ [ 96.110416666666055, 29.131249999999532 ], [ 96.09791666666618, 29.122916666666221 ] ] } },
{ "type": "Feature", "properties": { }, "geometry": { "type": "LineString", "coordinates": [ [ 96.114583333332718, 29.135416666666195 ], [ 96.110416666666055, 29.131249999999532 ] ] } },
{ "type": "Feature", "properties": { }, "geometry": { "type": "LineString", "coordinates": [ [ 95.864583333332718, 29.197916666666195 ], [ 95.889583333332695, 29.185416666666221 ] ] } },
{ "type": "Feature", "properties": { }, "geometry": { "type": "LineString", "coordinates": [ [ 95.856249999999392, 29.210416666666212 ], [ 95.864583333332718, 29.197916666666195 ] ] } },
{ "type": "Feature", "properties": { }, "geometry": { "type": "LineString", "coordinates": [ [ 95.856249999999392, 29.214583333332861 ], [ 95.856249999999392, 29.210416666666212 ] ] } },
{ "type": "Feature", "properties": { }, "geometry": { "type": "LineString", "coordinates": [ [ 95.852083333332672, 29.239583333332867 ], [ 95.852083333332672, 29.222916666666229 ], [ 95.856249999999392, 29.214583333332861 ] ] } },
{ "type": "Feature", "properties": { }, "geometry": { "type": "LineString", "coordinates": [ [ 95.847916666666066, 29.243749999999515 ], [ 95.852083333332672, 29.239583333332867 ] ] } },
{ "type": "Feature", "properties": { }, "geometry": { "type": "LineString", "coordinates": [ [ 95.818749999999369, 29.252083333332884 ], [ 95.831249999999471, 29.243749999999515 ], [ 95.847916666666066, 29.243749999999515 ] ] } }
]
}
