{
"type": "FeatureCollection",
"name": "roads",
"crs": { "type": "name", "properties": { "name": "urn:ogc:def:crs:OGC:1.3:CRS84" } },
"features": [
{ "type": "Feature", "properties": { "highway": "trunk_link" }, "geometry": { "type": "LineString", "coordinates": [ [ 93.5909698, 26.9558921 ], [ 93.5910792, 26.9559165 ] ] } },
{ "type": "Feature", "properties": { "highway": "trunk_link" }, "geometry": { "type": "LineString", "coordinates": [ [ 93.5908013, 26.9568438 ], [ 93.5906955, 26.956819 ] ] } },
{ "type": "Feature", "properties": { "highway": "trunk" }, "geometry": { "type": "LineString", "coordinates": [ [ 93.5985376, 26.9727659 ], [ 93.5961071, 26.9662164 ], [ 93.5904708, 26.9595051 ], [ 93.591709413958213, 26.954281666813213 ] ] } },
{ "type": "Feature", "properties": { "highway": "trunk" }, "geometry": { "type": "LineString", "coordinates": [ [ 93.591593475134005, 26.954256376606399 ], [ 93.5904008, 26.9596492 ], [ 93.5957446, 26.9658527 ], [ 93.5984157, 26.9728171 ] ] } },
{ "type": "Feature", "properties": { "highway": "secondary" }, "geometry": { "type": "LineString", "coordinates": [ [ 93.6104567, 26.9715891 ], [ 93.6104015, 26.971586 ] ] } },
{ "type": "Feature", "properties": { "highway": "secondary" }, "geometry": { "type": "LineString", "coordinates": [ [ 93.6116604, 26.9716549 ], [ 93.6104567, 26.9715891 ] ] } },
{ "type": "Feature", "properties": { "highway": "secondary" }, "geometry": { "type": "LineString", "coordinates": [ [ 93.6117204, 26.9716578 ], [ 93.6116604, 26.9716549 ] ] } },
{ "type": "Feature", "properties": { "highway": "secondary" }, "geometry": { "type": "LineString", "coordinates": [ [ 93.6103966, 26.9716756 ], [ 93.6104517, 26.97168 ] ] } },
{ "type": "Feature", "properties": { "highway": "secondary" }, "geometry": { "type": "LineString", "coordinates": [ [ 93.6104517, 26.97168 ], [ 93.6117056, 26.9717451 ] ] } },
{ "type": "Feature", "properties": { "highway": "secondary" }, "geometry": { "type": "LineString", "coordinates": [ [ 93.6117056, 26.9717451 ], [ 93.6117643, 26.9717478 ] ] } },
{ "type": "Feature", "properties": { "highway": "secondary" }, "geometry": { "type": "LineString", "coordinates": [ [ 93.6291548, 26.9734367 ], [ 93.6117204, 26.9716578 ] ] } },
{ "type": "Feature", "properties": { "highway": "secondary" }, "geometry": { "type": "LineString", "coordinates": [ [ 93.6117643, 26.9717478 ], [ 93.6291569, 26.9735195 ] ] } },
{ "type": "Feature", "properties": { "highway": "trunk" }, "geometry": { "type": "LineString", "coordinates": [ [ 93.5986435, 26.9729399 ], [ 93.5985376, 26.9727659 ] ] } },
{ "type": "Feature", "properties": { "highway": "trunk" }, "geometry": { "type": "LineString", "coordinates": [ [ 93.5984157, 26.9728171 ], [ 93.5985175, 26.9729915 ] ] } },
{ "type": "Feature", "properties": { "highway": "secondary" }, "geometry": { "type": "LineString", "coordinates": [ [ 93.6292583, 26.9734368 ], [ 93.6291548, 26.9734367 ] ] } },
{ "type": "Feature", "properties": { "highway": "secondary" }, "geometry": { "type": "LineString", "coordinates": [ [ 93.6291569, 26.9735195 ], [ 93.6292604, 26.9735196 ] ] } },
{ "type": "Feature", "properties": { "highway": "secondary" }, "geometry": { "type": "LineString", "coordinates": [ [ 93.6104015, 26.971586 ], [ 93.6063059, 26.9714796 ], [ 93.6017022, 26.9758138 ] ] } },
{ "type": "Feature", "properties": { "highway": "secondary" }, "geometry": { "type": "LineString", "coordinates": [ [ 93.6018354, 26.9760287 ], [ 93.6063895, 26.9715441 ], [ 93.6103966, 26.9716756 ] ] } },
{ "type": "Feature", "properties": { "highway": "secondary" }, "geometry": { "type": "LineString", "coordinates": [ [ 93.638766, 26.9742942 ], [ 93.6292583, 26.9734368 ] ] } },
{ "type": "Feature", "properties": { "highway": "trunk" }, "geometry": { "type": "LineString", "coordinates": [ [ 93.6008695, 26.9748898 ], [ 93.5986435, 26.9729399 ] ] } },
{ "type": "Feature", "properties": { "highway": "secondary" }, "geometry": { "type": "LineString", "coordinates": [ [ 93.6292604, 26.9735196 ], [ 93.6387455, 26.9743912 ] ] } },
{ "type": "Feature", "properties": { "highway": "trunk" }, "geometry": { "type": "LineString", "coordinates": [ [ 93.5985175, 26.9729915 ], [ 93.6007381, 26.9749563 ] ] } },
{ "type": "Feature", "properties": { "highway": "secondary" }, "geometry": { "type": "LineString", "coordinates": [ [ 93.6402384, 26.9735979 ], [ 93.638766, 26.9742942 ] ] } },
{ "type": "Feature", "properties": { "highway": "secondary" }, "geometry": { "type": "LineString", "coordinates": [ [ 93.6387455, 26.9743912 ], [ 93.640358, 26.9735339 ] ] } },
{ "type": "Feature", "properties": { "highway": "trunk" }, "geometry": { "type": "LineString", "coordinates": [ [ 93.6010819, 26.9752083 ], [ 93.6008695, 26.9748898 ] ] } },
{ "type": "Feature", "properties": { "highway": "trunk" }, "geometry": { "type": "LineString", "coordinates": [ [ 93.6007381, 26.9749563 ], [ 93.6009407, 26.9752753 ] ] } },
{ "type": "Feature", "properties": { "highway": "secondary" }, "geometry": { "type": "LineString", "coordinates": [ [ 93.6017022, 26.9758138 ], [ 93.6014493, 26.9757846 ] ] } },
{ "type": "Feature", "properties": { "highway": "secondary" }, "geometry": { "type": "LineString", "coordinates": [ [ 93.6017022, 26.9758138 ], [ 93.6015007, 26.9760852 ] ] } },
{ "type": "Feature", "properties": { "highway": "secondary" }, "geometry": { "type": "LineString", "coordinates": [ [ 93.6015007, 26.9760852 ], [ 93.6018354, 26.9760287 ] ] } },
{ "type": "Feature", "properties": { "highway": "secondary" }, "geometry": { "type": "LineString", "coordinates": [ [ 93.6017815, 26.9762722 ], [ 93.6018354, 26.9760287 ] ] } },
{ "type": "Feature", "properties": { "highway": "trunk" }, "geometry": { "type": "LineString", "coordinates": [ [ 93.6009407, 26.9752753 ], [ 93.60844, 26.981987 ], [ 93.6056201, 26.9874455 ], [ 93.6113842, 26.9898422 ], [ 93.6168676, 26.9956847 ], [ 93.6133543, 27.0024987 ], [ 93.6156933, 27.0122932 ] ] } },
{ "type": "Feature", "properties": { "highway": "trunk" }, "geometry": { "type": "LineString", "coordinates": [ [ 93.6158459, 27.0124591 ], [ 93.6135014, 27.0025272 ], [ 93.6169102, 26.9953617 ], [ 93.6118749, 26.9916004 ], [ 93.611551, 26.9897808 ], [ 93.6055754, 26.987182 ], [ 93.6085147, 26.9818569 ], [ 93.6010819, 26.9752083 ] ] } },
{ "type": "Feature", "properties": { "highway": "trunk" }, "geometry": { "type": "LineString", "coordinates": [ [ 93.6156933, 27.0122932 ], [ 93.6188659, 27.016689 ], [ 93.619441, 27.0210351 ], [ 93.6222906, 27.023989 ] ] } },
{ "type": "Feature", "properties": { "highway": "trunk" }, "geometry": { "type": "LineString", "coordinates": [ [ 93.6223756, 27.0240154 ], [ 93.6195195, 27.0210028 ], [ 93.6189465, 27.0166626 ], [ 93.6158459, 27.0124591 ] ] } },
{ "type": "Feature", "properties": { "highway": "trunk" }, "geometry": { "type": "LineString", "coordinates": [ [ 93.6222906, 27.023989 ], [ 93.6223247, 27.0242612 ] ] } },
{ "type": "Feature", "properties": { "highway": "trunk" }, "geometry": { "type": "LineString", "coordinates": [ [ 93.6224101, 27.024253 ], [ 93.6223756, 27.0240154 ] ] } },
{ "type": "Feature", "properties": { "highway": "trunk" }, "geometry": { "type": "LineString", "coordinates": [ [ 93.6223247, 27.0242612 ], [ 93.623677, 27.0262799 ], [ 93.6228861, 27.0316825 ], [ 93.6255351, 27.0351357 ], [ 93.6237387, 27.040166 ], [ 93.624683, 27.0421035 ], [ 93.6215295, 27.0472465 ], [ 93.6199601, 27.0459383 ], [ 93.6188827, 27.0503699 ], [ 93.6145664, 27.0534069 ], [ 93.6097827, 27.0641283 ], [ 93.6060729, 27.0674221 ] ] } },
{ "type": "Feature", "properties": { "highway": "trunk" }, "geometry": { "type": "LineString", "coordinates": [ [ 93.6060955, 27.0675251 ], [ 93.6098605, 27.0641612 ], [ 93.6146364, 27.0534514 ], [ 93.6189574, 27.0504076 ], [ 93.6200294, 27.0459842 ], [ 93.6215849, 27.0473063 ], [ 93.6247648, 27.0421283 ], [ 93.6238251, 27.0401681 ], [ 93.6256209, 27.0351284 ], [ 93.6229679, 27.031659 ], [ 93.623762, 27.0262602 ], [ 93.6224101, 27.024253 ] ] } },
{ "type": "Feature", "properties": { "highway": "trunk" }, "geometry": { "type": "LineString", "coordinates": [ [ 93.6060729, 27.0674221 ], [ 93.6053916, 27.0674472 ] ] } },
{ "type": "Feature", "properties": { "highway": "trunk" }, "geometry": { "type": "LineString", "coordinates": [ [ 93.6054163, 27.067525 ], [ 93.6060955, 27.0675251 ] ] } },
{ "type": "Feature", "properties": { "highway": "trunk_link" }, "geometry": { "type": "LineString", "coordinates": [ [ 93.5986941, 27.069693 ], [ 93.5986558, 27.0696197 ] ] } },
{ "type": "Feature", "properties": { "highway": "secondary" }, "geometry": { "type": "LineString", "coordinates": [ [ 93.6251959, 27.0739246 ], [ 93.6251383, 27.0739628 ] ] } },
{ "type": "Feature", "properties": { "highway": "secondary" }, "geometry": { "type": "LineString", "coordinates": [ [ 93.6553037, 27.077015 ], [ 93.6534552, 27.0756271 ], [ 93.6431761, 27.076748 ], [ 93.6399171, 27.0745137 ], [ 93.6348031, 27.074599 ], [ 93.6287982, 27.0717554 ], [ 93.6251959, 27.0739246 ] ] } },
{ "type": "Feature", "properties": { "highway": "trunk" }, "geometry": { "type": "LineString", "coordinates": [ [ 93.6053916, 27.0674472 ], [ 93.6040321, 27.0690246 ], [ 93.5960584, 27.0699079 ], [ 93.592733, 27.0752613 ], [ 93.5944231, 27.081574 ], [ 93.5977992, 27.0829225 ] ] } },
{ "type": "Feature", "properties": { "highway": "trunk" }, "geometry": { "type": "LineString", "coordinates": [ [ 93.5977992, 27.0829225 ], [ 93.5945053, 27.0815371 ], [ 93.5928197, 27.0752885 ], [ 93.5960956, 27.0699881 ], [ 93.6040592, 27.069102 ], [ 93.6054163, 27.067525 ] ] } },
{ "type": "Feature", "properties": { "highway": "secondary" }, "geometry": { "type": "LineString", "coordinates": [ [ 93.6251383, 27.0739628 ], [ 93.6225593, 27.0768001 ], [ 93.6172009, 27.0780838 ] ] } },
{ "type": "Feature", "properties": { "highway": "secondary" }, "geometry": { "type": "LineString", "coordinates": [ [ 93.6553522, 27.07705 ], [ 93.6553037, 27.077015 ] ] } },
{ "type": "Feature", "properties": { "highway": "secondary" }, "geometry": { "type": "LineString", "coordinates": [ [ 93.6172009, 27.0780838 ], [ 93.6171533, 27.0780587 ] ] } },
{ "type": "Feature", "properties": { "highway": "secondary" }, "geometry": { "type": "LineString", "coordinates": [ [ 93.6584376, 27.0814983 ], [ 93.6553522, 27.07705 ] ] } },
{ "type": "Feature", "properties": { "highway": "secondary" }, "geometry": { "type": "LineString", "coordinates": [ [ 93.6585949, 27.0814729 ], [ 93.6584376, 27.0814983 ] ] } },
{ "type": "Feature", "properties": { "highway": "secondary" }, "geometry": { "type": "LineString", "coordinates": [ [ 93.6630842, 27.0829892 ], [ 93.6585949, 27.0814729 ] ] } },
{ "type": "Feature", "properties": { "highway": "secondary" }, "geometry": { "type": "LineString", "coordinates": [ [ 93.6171533, 27.0780587 ], [ 93.6127082, 27.0831484 ], [ 93.6143987, 27.0857126 ], [ 93.6120015, 27.0856983 ], [ 93.6114583, 27.0873395 ] ] } },
{ "type": "Feature", "properties": { "highway": "trunk" }, "geometry": { "type": "LineString", "coordinates": [ [ 93.5977992, 27.0829225 ], [ 93.5982113, 27.0829383 ] ] } },
{ "type": "Feature", "properties": { "highway": "trunk" }, "geometry": { "type": "LineString", "coordinates": [ [ 93.5982113, 27.0829383 ], [ 93.5986679, 27.0829702 ] ] } },
{ "type": "Feature", "properties": { "highway": "trunk" }, "geometry": { "type": "LineString", "coordinates": [ [ 93.8284765, 27.0961861 ], [ 93.829258576257587, 27.095496560299793 ] ] } },
{ "type": "Feature", "properties": { "highway": "trunk" }, "geometry": { "type": "LineString", "coordinates": [ [ 93.8283223, 27.0963401 ], [ 93.8284765, 27.0961861 ] ] } },
{ "type": "Feature", "properties": { "highway": "secondary" }, "geometry": { "type": "LineString", "coordinates": [ [ 93.6632121, 27.0830608 ], [ 93.6630842, 27.0829892 ] ] } },
{ "type": "Feature", "properties": { "highway": "trunk" }, "geometry": { "type": "LineString", "coordinates": [ [ 93.5986679, 27.0829702 ], [ 93.600374, 27.0842842 ] ] } },
{ "type": "Feature", "properties": { "highway": "trunk" }, "geometry": { "type": "LineString", "coordinates": [ [ 93.600374, 27.0842842 ], [ 93.6005506, 27.084166 ] ] } },
{ "type": "Feature", "properties": { "highway": "trunk" }, "geometry": { "type": "LineString", "coordinates": [ [ 93.6005506, 27.084166 ], [ 93.6032018, 27.0817019 ], [ 93.6034826, 27.0838843 ], [ 93.6090249, 27.0869807 ] ] } },
{ "type": "Feature", "properties": { "highway": "secondary" }, "geometry": { "type": "LineString", "coordinates": [ [ 93.6636939, 27.0911657 ], [ 93.6693285, 27.0881388 ], [ 93.6669284, 27.0847058 ], [ 93.6632121, 27.0830608 ] ] } },
{ "type": "Feature", "properties": { "highway": "secondary" }, "geometry": { "type": "LineString", "coordinates": [ [ 93.6635549, 27.0911755 ], [ 93.6636939, 27.0911657 ] ] } },
{ "type": "Feature", "properties": { "highway": "trunk" }, "geometry": { "type": "LineString", "coordinates": [ [ 93.6090249, 27.0869807 ], [ 93.6126378, 27.0880027 ], [ 93.6246274, 27.096794 ] ] } },
{ "type": "Feature", "properties": { "highway": "secondary" }, "geometry": { "type": "LineString", "coordinates": [ [ 93.6150812, 27.093959 ], [ 93.6152301, 27.0905547 ] ] } },
{ "type": "Feature", "properties": { "highway": "secondary" }, "geometry": { "type": "LineString", "coordinates": [ [ 93.6698029, 27.0988915 ], [ 93.6677277, 27.0978623 ], [ 93.6659293, 27.0936151 ], [ 93.6622306, 27.0920949 ], [ 93.6635549, 27.0911755 ] ] } },
{ "type": "Feature", "properties": { "highway": "secondary" }, "geometry": { "type": "LineString", "coordinates": [ [ 93.6158189, 27.0992192 ], [ 93.6150812, 27.093959 ] ] } },
{ "type": "Feature", "properties": { "highway": "secondary" }, "geometry": { "type": "LineString", "coordinates": [ [ 95.5264261, 26.8760668 ], [ 95.5256637, 26.8761754 ] ] } },
{ "type": "Feature", "properties": { "highway": "secondary" }, "geometry": { "type": "LineString", "coordinates": [ [ 95.5772849, 26.8968736 ], [ 95.5756775, 26.8936069 ], [ 95.5706477, 26.8913132 ], [ 95.5685804, 26.8854198 ], [ 95.5650034, 26.887876 ], [ 95.563513, 26.8910429 ], [ 95.5623899, 26.8858833 ], [ 95.5561766, 26.886905 ], [ 95.5576131, 26.8842262 ], [ 95.5554938, 26.8798205 ], [ 95.5543238, 26.8835119 ], [ 95.5477296, 26.8866356 ], [ 95.5407594, 26.8831815 ], [ 95.539273, 26.8805019 ], [ 95.5264261, 26.8760668 ] ] } },
{ "type": "Feature", "properties": { "highway": "secondary" }, "geometry": { "type": "MultiLineString", "coordinates": [ [ [ 95.215257054482763, 26.886215160142697 ], [ 95.2216279, 26.8852489 ], [ 95.223110853784505, 26.886345528025227 ] ], [ [ 95.229294226401848, 26.88573245317782 ], [ 95.2302593, 26.8849857 ], [ 95.2375174, 26.8902726 ], [ 95.2381074, 26.8934254 ], [ 95.2398777, 26.8916648 ] ] ] } },
{ "type": "Feature", "properties": { "highway": "trunk" }, "geometry": { "type": "LineString", "coordinates": [ [ 95.2903442, 26.8959015 ], [ 95.2904435, 26.8955929 ] ] } },
{ "type": "Feature", "properties": { "highway": "trunk" }, "geometry": { "type": "LineString", "coordinates": [ [ 95.288169, 26.8977087 ], [ 95.2903442, 26.8959015 ] ] } },
{ "type": "Feature", "properties": { "highway": "trunk" }, "geometry": { "type": "LineString", "coordinates": [ [ 95.2882093, 26.8979288 ], [ 95.288169, 26.8977087 ] ] } },
{ "type": "Feature", "properties": { "highway": "trunk" }, "geometry": { "type": "LineString", "coordinates": [ [ 95.275065, 26.9507671 ], [ 95.2735764, 26.9454687 ], [ 95.2762962, 26.9404809 ], [ 95.2710578, 26.9375829 ], [ 95.2706823, 26.9355742 ], [ 95.2668146, 26.9346656 ], [ 95.2674529, 26.9334604 ], [ 95.2704785, 26.9343308 ], [ 95.2724257, 26.9330252 ], [ 95.2732948, 26.9307247 ], [ 95.2697543, 26.9332882 ], [ 95.2700279, 26.9285438 ], [ 95.2649451, 26.9267502 ], [ 95.2675119, 26.9253536 ], [ 95.2662459, 26.9242823 ], [ 95.2670613, 26.9232013 ], [ 95.2702371, 26.9223212 ], [ 95.270119, 26.9175764 ], [ 95.2729421, 26.9176888 ], [ 95.2731264, 26.9143618 ], [ 95.2818435, 26.9150291 ], [ 95.2818765, 26.9114609 ], [ 95.2832168, 26.9140054 ], [ 95.2844131, 26.9117907 ], [ 95.2830352, 26.9096096 ], [ 95.2846446, 26.9068447 ], [ 95.2857067, 26.9078588 ], [ 95.2882093, 26.8979288 ] ] } },
{ "type": "Feature", "properties": { "highway": "trunk" }, "geometry": { "type": "LineString", "coordinates": [ [ 95.275065, 26.9507671 ], [ 95.2768916, 26.9543223 ], [ 95.2744173, 26.9541143 ], [ 95.2719336, 26.9565673 ], [ 95.274251, 26.9602013 ], [ 95.2746962, 26.963639 ], [ 95.2735375, 26.9644758 ], [ 95.2760212, 26.9670337 ], [ 95.2751495, 26.9701462 ] ] } },
{ "type": "Feature", "properties": { "highway": "trunk" }, "geometry": { "type": "LineString", "coordinates": [ [ 95.2751495, 26.9701462 ], [ 95.2747633, 26.9702657 ] ] } },
{ "type": "Feature", "properties": { "highway": "trunk" }, "geometry": { "type": "LineString", "coordinates": [ [ 95.2747633, 26.9702657 ], [ 95.2757503, 26.9763517 ], [ 95.2779873, 26.9776378 ], [ 95.2730842, 26.9789237 ], [ 95.2725585, 26.9803723 ] ] } },
{ "type": "Feature", "properties": { "highway": "secondary" }, "geometry": { "type": "LineString", "coordinates": [ [ 95.5256637, 26.8761754 ], [ 95.5332302, 26.8837244 ], [ 95.5303931, 26.882527 ], [ 95.5308417, 26.8837602 ], [ 95.5343896, 26.8855945 ], [ 95.5327602, 26.8883355 ], [ 95.5365937, 26.8872494 ], [ 95.5382265, 26.8924154 ], [ 95.5403486, 26.8942183 ], [ 95.5420283, 26.8925136 ], [ 95.5431299, 26.8935571 ], [ 95.5429927, 26.89697 ], [ 95.5457939, 26.8964555 ], [ 95.5430284, 26.8973512 ], [ 95.5424584, 26.8968887 ], [ 95.5422, 26.8970372 ], [ 95.5433651, 26.897575 ], [ 95.5456171, 26.897038 ], [ 95.5485744, 26.8986436 ], [ 95.5500588, 26.9045423 ], [ 95.5535697, 26.9083122 ], [ 95.5463191, 26.9127664 ], [ 95.5502346, 26.9176938 ], [ 95.5465165, 26.9174413 ], [ 95.5456254, 26.9211563 ], [ 95.5414652, 26.9226761 ], [ 95.5427213, 26.9215454 ], [ 95.5431275, 26.9206453 ], [ 95.5396213, 26.9238408 ], [ 95.5408457, 26.9304734 ], [ 95.5392283, 26.932561 ], [ 95.5358648, 26.9329484 ], [ 95.5361545, 26.9357844 ], [ 95.531804, 26.9348357 ], [ 95.5292223, 26.9372903 ], [ 95.5232356, 26.9348531 ], [ 95.5226603, 26.9377536 ], [ 95.5204307, 26.9393109 ], [ 95.5162156, 26.9387453 ], [ 95.5168775, 26.9409793 ], [ 95.5144313, 26.9448755 ], [ 95.5229031, 26.9460304 ], [ 95.521625, 26.9486545 ], [ 95.5252996, 26.9486055 ], [ 95.5236447, 26.9507245 ], [ 95.5246867, 26.9526916 ], [ 95.5169807, 26.9530233 ], [ 95.5193045, 26.9525657 ], [ 95.5208264, 26.9514931 ], [ 95.5165368, 26.9517041 ], [ 95.515185, 26.9548493 ], [ 95.5119, 26.9547429 ], [ 95.5135924, 26.9583954 ], [ 95.5091406, 26.9617777 ], [ 95.5063954, 26.9680817 ], [ 95.5033937, 26.9697007 ], [ 95.5032237, 26.9725663 ], [ 95.5065885, 26.9700061 ], [ 95.5038084, 26.9769449 ], [ 95.4991467, 26.9787048 ], [ 95.4966979, 26.9824773 ] ] } },
{ "type": "Feature", "properties": { "highway": "trunk" }, "geometry": { "type": "LineString", "coordinates": [ [ 95.4695548, 26.9772031 ], [ 95.4700452, 26.9775142 ] ] } },
{ "type": "Feature", "properties": { "highway": "secondary" }, "geometry": { "type": "LineString", "coordinates": [ [ 95.4966979, 26.9824773 ], [ 95.5000298, 26.986497 ], [ 95.4979934, 26.9874118 ], [ 95.4963626, 26.9918914 ], [ 95.4982696, 26.9903068 ], [ 95.5019966, 26.9906486 ], [ 95.503917, 26.9878104 ] ] } },
{ "type": "Feature", "properties": { "highway": "trunk" }, "geometry": { "type": "LineString", "coordinates": [ [ 95.4700452, 26.9775142 ], [ 95.4714312, 26.9796881 ], [ 95.4707047, 26.9854422 ], [ 95.4734923, 26.9893316 ], [ 95.4736644, 26.9952577 ], [ 95.4755205, 26.9948096 ], [ 95.4769401, 26.9966983 ], [ 95.4817055, 26.9957766 ], [ 95.483092, 26.9975313 ], [ 95.4876217, 26.9947322 ], [ 95.4894094, 26.997429 ], [ 95.4939198, 26.9980098 ], [ 95.4965485, 26.9955907 ], [ 95.4979931, 26.9966535 ] ] } },
{ "type": "Feature", "properties": { "highway": "trunk" }, "geometry": { "type": "LineString", "coordinates": [ [ 95.5089683, 26.9916865 ], [ 95.5087692, 26.9853856 ], [ 95.5106363, 26.9831438 ], [ 95.5119831, 26.9912431 ], [ 95.519726, 26.9961761 ] ] } },
{ "type": "Feature", "properties": { "highway": "secondary" }, "geometry": { "type": "LineString", "coordinates": [ [ 95.503917, 26.9878104 ], [ 95.5066476, 26.9898956 ], [ 95.5076195, 26.98801 ], [ 95.5089683, 26.9916865 ] ] } },
{ "type": "Feature", "properties": { "highway": "trunk" }, "geometry": { "type": "LineString", "coordinates": [ [ 95.4979931, 26.9966535 ], [ 95.5008459, 26.9985296 ], [ 95.5068862, 26.9967084 ], [ 95.5089683, 26.9916865 ] ] } },
{ "type": "Feature", "properties": { "highway": "trunk" }, "geometry": { "type": "LineString", "coordinates": [ [ 95.519726, 26.9961761 ], [ 95.5226524, 26.9969322 ], [ 95.5248619, 26.9996279 ], [ 95.5266997, 26.9977194 ], [ 95.5288187, 26.9981245 ], [ 95.5334452, 27.0034319 ], [ 95.5375491, 27.0012438 ], [ 95.5378363, 26.9995094 ], [ 95.5400243, 27.0006947 ], [ 95.539085, 27.003477 ], [ 95.540119, 27.004249 ], [ 95.5431808, 27.0010082 ], [ 95.5463738, 27.0007184 ] ] } },
{ "type": "Feature", "properties": { "highway": "trunk" }, "geometry": { "type": "LineString", "coordinates": [ [ 95.5463738, 27.0007184 ], [ 95.5465309, 27.0007683 ] ] } },
{ "type": "Feature", "properties": { "highway": "trunk" }, "geometry": { "type": "LineString", "coordinates": [ [ 95.5465309, 27.0007683 ], [ 95.5468471, 27.0008633 ] ] } },
{ "type": "Feature", "properties": { "highway": "trunk" }, "geometry": { "type": "LineString", "coordinates": [ [ 95.303353, 26.8878806 ], [ 95.3101068, 26.8813041 ], [ 95.3145887, 26.882041 ], [ 95.3157367, 26.8849859 ], [ 95.3193792, 26.8873304 ], [ 95.3207793, 26.8859213 ], [ 95.3231992, 26.8863553 ], [ 95.3238115, 26.8830577 ], [ 95.3272367, 26.8822778 ], [ 95.3292301, 26.8840479 ], [ 95.3335163, 26.8807489 ], [ 95.335713, 26.8812548 ], [ 95.3363232, 26.8794701 ], [ 95.3423166, 26.8811496 ], [ 95.3511384, 26.8771028 ], [ 95.3558215, 26.8812441 ], [ 95.3538541, 26.8825276 ], [ 95.3545234, 26.8845419 ], [ 95.3606535, 26.8858816 ], [ 95.360889, 26.8875804 ] ] } },
{ "type": "Feature", "properties": { "highway": "trunk" }, "geometry": { "type": "LineString", "coordinates": [ [ 95.2904435, 26.8955929 ], [ 95.2941905, 26.8939376 ], [ 95.2944333, 26.8862849 ], [ 95.2960056, 26.8843302 ], [ 95.2975506, 26.8841197 ], [ 95.2956515, 26.8879378 ], [ 95.2975291, 26.8914711 ], [ 95.2982131, 26.8893372 ], [ 95.2994978, 26.8901123 ], [ 95.2987522, 26.8892176 ], [ 95.2992296, 26.8874809 ], [ 95.2993181, 26.8890837 ], [ 95.3005305, 26.8875957 ], [ 95.303353, 26.8878806 ] ] } },
{ "type": "Feature", "properties": { "highway": "trunk" }, "geometry": { "type": "LineString", "coordinates": [ [ 95.360889, 26.8875804 ], [ 95.3613537, 26.8920789 ], [ 95.3601253, 26.8932128 ], [ 95.3620082, 26.8951073 ], [ 95.3614932, 26.8929233 ], [ 95.3637677, 26.8906484 ], [ 95.3624293, 26.8935261 ], [ 95.3631776, 26.9005851 ], [ 95.359452, 26.9061654 ], [ 95.3596988, 26.9084329 ], [ 95.3574109, 26.9089662 ], [ 95.3616193, 26.9102267 ], [ 95.3642572, 26.9132212 ] ] } },
{ "type": "Feature", "properties": { "highway": "trunk" }, "geometry": { "type": "LineString", "coordinates": [ [ 95.3642572, 26.9132212 ], [ 95.3653462, 26.9132834 ] ] } },
{ "type": "Feature", "properties": { "highway": "trunk" }, "geometry": { "type": "LineString", "coordinates": [ [ 95.3653462, 26.9132834 ], [ 95.3665505, 26.9164762 ], [ 95.3650404, 26.9223165 ], [ 95.3708554, 26.9232133 ], [ 95.3712578, 26.9265302 ], [ 95.3746132, 26.9268961 ], [ 95.3690423, 26.9289814 ], [ 95.3707347, 26.9369755 ], [ 95.3717003, 26.9378459 ], [ 95.3763003, 26.935426 ], [ 95.3783871, 26.9326641 ], [ 95.3855157, 26.9339829 ], [ 95.3819698, 26.9369958 ], [ 95.3892762, 26.9392746 ], [ 95.3838608, 26.9428015 ], [ 95.3883495, 26.9449726 ], [ 95.3877701, 26.9465411 ], [ 95.3893526, 26.947641 ], [ 95.3938158, 26.9446474 ], [ 95.3932633, 26.9489416 ], [ 95.3946205, 26.9503571 ], [ 95.3911175, 26.9536278 ] ] } },
{ "type": "Feature", "properties": { "highway": "trunk" }, "geometry": { "type": "LineString", "coordinates": [ [ 95.3911175, 26.9536278 ], [ 95.4028482, 26.9521718 ], [ 95.4030332, 26.95358 ], [ 95.3995142, 26.9561406 ], [ 95.402985, 26.9609699 ], [ 95.4012335, 26.9623804 ], [ 95.4041464, 26.9642953 ], [ 95.4034966, 26.966246 ], [ 95.4062485, 26.9661002 ], [ 95.4064899, 26.9679935 ], [ 95.4094511, 26.9696358 ], [ 95.4108592, 26.9683784 ], [ 95.4137319, 26.9711155 ], [ 95.4179108, 26.9710366 ], [ 95.4185116, 26.9733482 ], [ 95.4164543, 26.974694 ], [ 95.4194289, 26.976788 ], [ 95.4173381, 26.9784039 ], [ 95.4202322, 26.9786668 ], [ 95.4223217, 26.9765227 ], [ 95.4243508, 26.9785019 ], [ 95.4302355, 26.9795644 ], [ 95.4303106, 26.9813678 ], [ 95.4375648, 26.9830924 ], [ 95.4393384, 26.9798999 ], [ 95.4414189, 26.9827116 ], [ 95.4477165, 26.9805012 ], [ 95.45181, 26.9856206 ], [ 95.45872, 26.982384 ], [ 95.4625873, 26.9829352 ], [ 95.4642742, 26.981226 ], [ 95.4625267, 26.9800975 ], [ 95.4627923, 26.9783353 ], [ 95.4670182, 26.9778663 ], [ 95.4713183, 26.9732214 ], [ 95.4695548, 26.9772031 ] ] } },
{ "type": "Feature", "properties": { "highway": "trunk" }, "geometry": { "type": "LineString", "coordinates": [ [ 95.4339672, 27.0953319 ], [ 95.4319116, 27.0953315 ] ] } },
{ "type": "Feature", "properties": { "highway": "trunk" }, "geometry": { "type": "LineString", "coordinates": [ [ 95.4319116, 27.0953315 ], [ 95.425767, 27.1008516 ], [ 95.4177189, 27.1025661 ], [ 95.4163438, 27.1072851 ] ] } },
{ "type": "Feature", "properties": { "highway": "trunk" }, "geometry": { "type": "LineString", "coordinates": [ [ 95.4163438, 27.1072851 ], [ 95.4119667, 27.1085788 ], [ 95.4131153, 27.1148492 ] ] } },
{ "type": "Feature", "properties": { "highway": "trunk" }, "geometry": { "type": "LineString", "coordinates": [ [ 95.4131153, 27.1148492 ], [ 95.4137734, 27.1186389 ], [ 95.4206395, 27.1208437 ], [ 95.4238679, 27.1236939 ], [ 95.4256885, 27.122944 ], [ 95.4380116, 27.1264058 ] ] } },
{ "type": "Feature", "properties": { "highway": "trunk" }, "geometry": { "type": "LineString", "coordinates": [ [ 95.2725585, 26.9803723 ], [ 95.2725424, 26.9818877 ], [ 95.2753909, 26.9801141 ], [ 95.2789154, 26.9820646 ], [ 95.2757128, 26.9831019 ], [ 95.2757986, 26.9862283 ], [ 95.2742108, 26.9873087 ], [ 95.2698468, 26.9870266 ], [ 95.2715688, 26.9930616 ], [ 95.2680698, 26.9939961 ], [ 95.268389, 26.9967517 ], [ 95.2661199, 27.0003126 ], [ 95.267343, 27.0044542 ], [ 95.2715433, 27.0052404 ], [ 95.2690314, 27.0098741 ], [ 95.2684467, 27.0064281 ], [ 95.2604913, 26.9984366 ], [ 95.2602338, 27.0003915 ], [ 95.2544831, 27.0002146 ], [ 95.2504437, 27.0020931 ], [ 95.246576, 27.0002624 ], [ 95.2444061, 27.0015482 ], [ 95.2435531, 26.9988476 ], [ 95.240887, 27.0004775 ], [ 95.2390202, 26.9995168 ], [ 95.2374028, 27.0028196 ], [ 95.230472, 27.0016964 ], [ 95.2316736, 27.0042439 ], [ 95.2273821, 27.0048509 ], [ 95.2290665, 27.0064568 ], [ 95.2275162, 27.0069539 ], [ 95.2265506, 27.011413 ], [ 95.224437, 27.0130403 ], [ 95.2204888, 27.0129519 ] ] } },
{ "type": "Feature", "properties": { "highway": "trunk" }, "geometry": { "type": "LineString", "coordinates": [ [ 95.2204888, 27.0129519 ], [ 95.2204244, 27.0133438 ] ] } },
{ "type": "Feature", "properties": { "highway": "trunk" }, "geometry": { "type": "LineString", "coordinates": [ [ 95.2204244, 27.0133438 ], [ 95.2262475, 27.0179651 ], [ 95.2213417, 27.0164311 ], [ 95.2249547, 27.0202495 ], [ 95.2210226, 27.0195255 ], [ 95.2192308, 27.0208086 ], [ 95.2195862, 27.0226699 ], [ 95.2179179, 27.0216712 ], [ 95.2115946, 27.02337 ], [ 95.2134091, 27.0257331 ], [ 95.2109093, 27.0262444 ], [ 95.2120707, 27.0281176 ], [ 95.1978335, 27.0255467 ] ] } },
{ "type": "Feature", "properties": { "highway": "trunk" }, "geometry": { "type": "LineString", "coordinates": [ [ 95.1978335, 27.0255467 ], [ 95.196942754071415, 27.025435423818656 ] ] } },
{ "type": "Feature", "properties": { "highway": "trunk" }, "geometry": { "type": "LineString", "coordinates": [ [ 95.5468471, 27.0008633 ], [ 95.5452257, 27.0059284 ], [ 95.5402543, 27.010349 ], [ 95.5407196, 27.0116314 ], [ 95.5389126, 27.0116313 ], [ 95.5388042, 27.0146244 ], [ 95.5410112, 27.0150471 ], [ 95.5458153, 27.0119071 ], [ 95.5483089, 27.0124021 ], [ 95.5500652, 27.01407 ], [ 95.5492209, 27.0150724 ], [ 95.5543401, 27.017115 ], [ 95.5528204, 27.0191142 ], [ 95.5562233, 27.01983 ], [ 95.5533341, 27.0216005 ], [ 95.5553777, 27.0264918 ], [ 95.5639362, 27.0232067 ], [ 95.5638473, 27.0287143 ], [ 95.561267, 27.0313462 ], [ 95.5645687, 27.0367244 ], [ 95.5685234, 27.036556 ], [ 95.5705297, 27.0295653 ], [ 95.5754274, 27.0335743 ], [ 95.587787, 27.0358344 ], [ 95.5877709, 27.0369573 ], [ 95.5810077, 27.038208 ], [ 95.5768812, 27.0461035 ] ] } },
{ "type": "Feature", "properties": { "highway": "trunk" }, "geometry": { "type": "LineString", "coordinates": [ [ 95.5087672, 26.992171 ], [ 95.5087946, 26.9990792 ], [ 95.5062962, 26.9999928 ], [ 95.5061231, 27.0040751 ], [ 95.5036313, 27.0056753 ], [ 95.4994538, 27.0026855 ], [ 95.4963078, 27.0080487 ], [ 95.4962969, 27.0142083 ], [ 95.4926857, 27.0142907 ], [ 95.4937853, 27.0166238 ], [ 95.4920773, 27.0174819 ], [ 95.4916439, 27.0220657 ], [ 95.4872337, 27.0216686 ], [ 95.4849121, 27.0244368 ], [ 95.4812618, 27.0250638 ], [ 95.4775483, 27.0292897 ], [ 95.4716781, 27.0270614 ], [ 95.4674026, 27.0284112 ], [ 95.4649423, 27.026771 ], [ 95.4636958, 27.0279726 ], [ 95.4622239, 27.0254749 ], [ 95.4591027, 27.0279716 ], [ 95.4591402, 27.0296166 ], [ 95.4617956, 27.0309438 ], [ 95.4591215, 27.032989 ], [ 95.4605943, 27.0354786 ], [ 95.457426, 27.0387503 ], [ 95.4600196, 27.040429 ], [ 95.4596238, 27.0425563 ], [ 95.4550241, 27.0418358 ], [ 95.4572046, 27.0449004 ], [ 95.4549625, 27.0471661 ], [ 95.4567049, 27.0488848 ], [ 95.4548036, 27.0514987 ], [ 95.4569339, 27.0533468 ], [ 95.4536301, 27.0554248 ], [ 95.4548312, 27.0562891 ], [ 95.4535102, 27.0605036 ] ] } },
{ "type": "Feature", "properties": { "highway": "trunk" }, "geometry": { "type": "LineString", "coordinates": [ [ 95.4535102, 27.0605036 ], [ 95.4537195, 27.0607571 ] ] } },
{ "type": "Feature", "properties": { "highway": "trunk" }, "geometry": { "type": "LineString", "coordinates": [ [ 95.5768812, 27.0461035 ], [ 95.5755135, 27.0478033 ], [ 95.5774854, 27.0510323 ], [ 95.5851457, 27.0469369 ], [ 95.5869394, 27.0484937 ], [ 95.5926502, 27.0467563 ], [ 95.5947524, 27.0510044 ], [ 95.5969745, 27.0518438 ], [ 95.5977685, 27.0553134 ], [ 95.6032058, 27.0545129 ], [ 95.6039084, 27.0592694 ], [ 95.6021947, 27.05989 ], [ 95.6038799, 27.063339 ], [ 95.6103177, 27.0596103 ], [ 95.6120614, 27.0551713 ], [ 95.6140164, 27.0541209 ], [ 95.6127037, 27.0598764 ], [ 95.6142626, 27.0614727 ], [ 95.613592, 27.0640373 ], [ 95.6176151, 27.064879 ], [ 95.6152538, 27.0686209 ], [ 95.6187114, 27.0701891 ], [ 95.6207472, 27.0684339 ], [ 95.6311038, 27.0662398 ], [ 95.6315481, 27.0672973 ], [ 95.6276462, 27.0703473 ], [ 95.633495, 27.073534 ], [ 95.6380279, 27.0730219 ], [ 95.636291, 27.0752158 ], [ 95.6370261, 27.0770213 ], [ 95.6352892, 27.0780714 ], [ 95.6380007, 27.0795548 ], [ 95.6408225, 27.0876878 ] ] } },
{ "type": "Feature", "properties": { "highway": "trunk" }, "geometry": { "type": "LineString", "coordinates": [ [ 95.4537195, 27.0607571 ], [ 95.4541808, 27.0639268 ], [ 95.4560798, 27.0649204 ], [ 95.4499027, 27.0647699 ], [ 95.4464072, 27.0671383 ], [ 95.4488058, 27.0684118 ], [ 95.4472045, 27.0705867 ], [ 95.4489355, 27.0755202 ], [ 95.4459867, 27.0785041 ], [ 95.442068, 27.0789757 ], [ 95.4431663, 27.0808242 ], [ 95.4406692, 27.0844708 ], [ 95.4431583, 27.0872398 ], [ 95.4384631, 27.0895191 ], [ 95.4339672, 27.0953319 ] ] } },
{ "type": "Feature", "properties": { "highway": "trunk" }, "geometry": { "type": "LineString", "coordinates": [ [ 95.6408225, 27.0876878 ], [ 95.6390388, 27.0928448 ], [ 95.6360443, 27.0933547 ], [ 95.6350967, 27.0950308 ] ] } },
{ "type": "Feature", "properties": { "highway": "trunk" }, "geometry": { "type": "LineString", "coordinates": [ [ 95.6350056, 27.0958861 ], [ 95.6350967, 27.0950308 ] ] } },
{ "type": "Feature", "properties": { "highway": "trunk" }, "geometry": { "type": "LineString", "coordinates": [ [ 95.6710027, 27.1212565 ], [ 95.6694457, 27.117857 ], [ 95.6711995, 27.1163349 ], [ 95.6707333, 27.1141007 ], [ 95.6663754, 27.1092767 ], [ 95.6620364, 27.1079578 ], [ 95.664254, 27.1095183 ], [ 95.6615598, 27.1091803 ], [ 95.6587808, 27.1060953 ], [ 95.6526129, 27.1057466 ], [ 95.6545679, 27.1019999 ], [ 95.6479195, 27.1036024 ], [ 95.6350056, 27.0958861 ] ] } },
{ "type": "Feature", "properties": { "highway": "trunk" }, "geometry": { "type": "LineString", "coordinates": [ [ 95.672228, 27.1220903 ], [ 95.6710027, 27.1212565 ] ] } },
{ "type": "Feature", "properties": { "highway": "primary" }, "geometry": { "type": "LineString", "coordinates": [ [ 95.7193191, 27.1293257 ], [ 95.7217636, 27.1269368 ], [ 95.7239537, 27.127377 ], [ 95.7260989, 27.1240042 ], [ 95.7272625, 27.1262871 ], [ 95.737189, 27.1268415 ] ] } },
{ "type": "Feature", "properties": { "highway": "trunk" }, "geometry": { "type": "LineString", "coordinates": [ [ 95.6942925, 27.1293267 ], [ 95.6922832, 27.1308781 ], [ 95.6877798, 27.1306303 ], [ 95.6882122, 27.1329286 ], [ 95.6855476, 27.1331407 ], [ 95.6855782, 27.1295798 ], [ 95.6834455, 27.1282911 ], [ 95.6854007, 27.1278329 ], [ 95.6839452, 27.1258153 ], [ 95.6849116, 27.1232957 ], [ 95.6765746, 27.1205311 ], [ 95.672228, 27.1220903 ] ] } },
{ "type": "Feature", "properties": { "highway": "trunk" }, "geometry": { "type": "LineString", "coordinates": [ [ 95.737189, 27.1268415 ], [ 95.7372042, 27.1269909 ] ] } },
{ "type": "Feature", "properties": { "highway": "primary" }, "geometry": { "type": "LineString", "coordinates": [ [ 95.7192246, 27.1296928 ], [ 95.7193191, 27.1293257 ] ] } },
{ "type": "Feature", "properties": { "highway": "trunk" }, "geometry": { "type": "LineString", "coordinates": [ [ 95.7372042, 27.1269909 ], [ 95.7355107, 27.1277966 ], [ 95.7343052, 27.1326879 ] ] } },
{ "type": "Feature", "properties": { "highway": "trunk" }, "geometry": { "type": "LineString", "coordinates": [ [ 95.7167605, 27.1340897 ], [ 95.7139862, 27.1323522 ], [ 95.7100604, 27.1328032 ], [ 95.7074562, 27.1313368 ], [ 95.7058738, 27.1323484 ], [ 95.7054737, 27.1284612 ], [ 95.7015515, 27.127932 ], [ 95.6992751, 27.1296656 ], [ 95.6992002, 27.1277809 ], [ 95.696094, 27.1255412 ], [ 95.6942925, 27.1293267 ] ] } },
{ "type": "Feature", "properties": { "highway": "trunk" }, "geometry": { "type": "LineString", "coordinates": [ [ 95.7650922, 27.137665 ], [ 95.7609308, 27.1350483 ], [ 95.7609656, 27.1333347 ], [ 95.7568886, 27.1330469 ], [ 95.7534384, 27.1279204 ], [ 95.7530034, 27.1294299 ], [ 95.7456349, 27.1277468 ], [ 95.7457705, 27.1259965 ], [ 95.7437548, 27.1246931 ], [ 95.737189, 27.1268415 ] ] } },
{ "type": "Feature", "properties": { "highway": "primary" }, "geometry": { "type": "LineString", "coordinates": [ [ 95.7157928, 27.1329333 ], [ 95.7226551, 27.1348668 ], [ 95.7195694, 27.1324625 ], [ 95.7192246, 27.1296928 ] ] } },
{ "type": "Feature", "properties": { "highway": "trunk" }, "geometry": { "type": "LineString", "coordinates": [ [ 95.7343052, 27.1326879 ], [ 95.7339806, 27.1333047 ] ] } },
{ "type": "Feature", "properties": { "highway": "trunk" }, "geometry": { "type": "LineString", "coordinates": [ [ 95.7339806, 27.1333047 ], [ 95.7332612, 27.1346452 ] ] } },
{ "type": "Feature", "properties": { "highway": "trunk" }, "geometry": { "type": "LineString", "coordinates": [ [ 95.7332612, 27.1346452 ], [ 95.7324226, 27.1345641 ] ] } },
{ "type": "Feature", "properties": { "highway": "trunk" }, "geometry": { "type": "LineString", "coordinates": [ [ 95.7274286, 27.1392643 ], [ 95.7271848, 27.1380313 ], [ 95.7230891, 27.1379398 ], [ 95.7167605, 27.1340897 ] ] } },
{ "type": "Feature", "properties": { "highway": "trunk" }, "geometry": { "type": "LineString", "coordinates": [ [ 95.7324226, 27.1345641 ], [ 95.7274286, 27.1392643 ] ] } },
{ "type": "Feature", "properties": { "highway": "trunk" }, "geometry": { "type": "LineString", "coordinates": [ [ 95.4380116, 27.1264058 ], [ 95.438578186406446, 27.133063745481532 ] ] } },
{ "type": "Feature", "properties": { "highway": "secondary" }, "geometry": { "type": "LineString", "coordinates": [ [ 95.466164754612137, 27.196567743652622 ], [ 95.4713631, 27.204024 ], [ 95.4694372, 27.2090085 ] ] } },
{ "type": "Feature", "properties": { "highway": "secondary" }, "geometry": { "type": "LineString", "coordinates": [ [ 95.4694372, 27.2090085 ], [ 95.4697457, 27.2091146 ] ] } },
{ "type": "Feature", "properties": { "highway": "secondary" }, "geometry": { "type": "LineString", "coordinates": [ [ 95.4697457, 27.2091146 ], [ 95.4781082, 27.2268022 ] ] } },
{ "type": "Feature", "properties": { "highway": "secondary" }, "geometry": { "type": "LineString", "coordinates": [ [ 95.4781082, 27.2268022 ], [ 95.4785212, 27.2267819 ] ] } },
{ "type": "Feature", "properties": { "highway": "secondary" }, "geometry": { "type": "LineString", "coordinates": [ [ 95.4785212, 27.2267819 ], [ 95.4803471, 27.2279309 ], [ 95.4816721, 27.2342539 ], [ 95.4842457, 27.2362763 ], [ 95.4861192, 27.2408718 ], [ 95.4900447, 27.2427461 ] ] } },
{ "type": "Feature", "properties": { "highway": "secondary" }, "geometry": { "type": "LineString", "coordinates": [ [ 95.4900447, 27.2427461 ], [ 95.4902472, 27.2430848 ] ] } },
{ "type": "Feature", "properties": { "highway": "secondary" }, "geometry": { "type": "LineString", "coordinates": [ [ 95.5664755, 27.2445263 ], [ 95.566666, 27.2449603 ] ] } },
{ "type": "Feature", "properties": { "highway": "primary" }, "geometry": { "type": "LineString", "coordinates": [ [ 95.566666, 27.2449603 ], [ 95.5668725, 27.2454122 ] ] } },
{ "type": "Feature", "properties": { "highway": "secondary" }, "geometry": { "type": "LineString", "coordinates": [ [ 95.4902472, 27.2430848 ], [ 95.4959656, 27.2450449 ], [ 95.5054271, 27.2453704 ], [ 95.5091004, 27.2485753 ], [ 95.5201283, 27.2512031 ], [ 95.5281132, 27.2575624 ] ] } },
{ "type": "Feature", "properties": { "highway": "secondary" }, "geometry": { "type": "LineString", "coordinates": [ [ 95.5283962, 27.2577877 ], [ 95.5310369, 27.2589286 ], [ 95.5362967, 27.2580655 ], [ 95.5444398, 27.2523524 ], [ 95.5482204, 27.2459702 ], [ 95.5641662, 27.2436714 ], [ 95.5664755, 27.2445263 ] ] } },
{ "type": "Feature", "properties": { "highway": "secondary" }, "geometry": { "type": "LineString", "coordinates": [ [ 95.5281132, 27.2575624 ], [ 95.5283962, 27.2577877 ] ] } },
{ "type": "Feature", "properties": { "highway": "primary" }, "geometry": { "type": "LineString", "coordinates": [ [ 95.5668725, 27.2454122 ], [ 95.57449928258734, 27.251023315660078 ] ] } },
{ "type": "Feature", "properties": { "highway": "trunk" }, "geometry": { "type": "LineString", "coordinates": [ [ 95.7676972, 27.1378828 ], [ 95.7650922, 27.137665 ] ] } },
{ "type": "Feature", "properties": { "highway": "trunk" }, "geometry": { "type": "LineString", "coordinates": [ [ 95.7748311, 27.1476292 ], [ 95.7728919, 27.1437376 ], [ 95.7739895, 27.1426738 ], [ 95.7689544, 27.1423544 ], [ 95.767607, 27.1390836 ], [ 95.7692881, 27.1366779 ], [ 95.7676972, 27.1378828 ] ] } },
{ "type": "Feature", "properties": { "highway": "secondary" }, "geometry": { "type": "LineString", "coordinates": [ [ 95.7122347, 27.2100938 ], [ 95.7071714, 27.206092 ], [ 95.7083117, 27.1996688 ], [ 95.7042862, 27.1998776 ], [ 95.7052559, 27.1967378 ], [ 95.7101691, 27.1993295 ], [ 95.7105633, 27.1979803 ], [ 95.7019574, 27.1882556 ], [ 95.7095473, 27.1860442 ], [ 95.7105092, 27.1902453 ], [ 95.7154852, 27.1917694 ], [ 95.7207831, 27.1866473 ], [ 95.7210921, 27.1902098 ], [ 95.7194523, 27.1928437 ], [ 95.7301175, 27.1972053 ], [ 95.7321294, 27.1919966 ], [ 95.7304269, 27.1891565 ], [ 95.732488, 27.1873691 ], [ 95.7377165, 27.1882163 ], [ 95.7346808, 27.1843653 ], [ 95.7340223, 27.1789399 ], [ 95.738721, 27.1768977 ], [ 95.7421016, 27.1788502 ], [ 95.7449145, 27.1765273 ], [ 95.7469517, 27.1788333 ], [ 95.7546021, 27.1723192 ], [ 95.7500989, 27.1698111 ], [ 95.7488905, 27.1643808 ], [ 95.7461091, 27.1651383 ], [ 95.7459532, 27.157548 ], [ 95.7441557, 27.1564285 ], [ 95.7454928, 27.1552837 ], [ 95.743361, 27.1544251 ], [ 95.7446792, 27.1529267 ], [ 95.743175, 27.1525367 ], [ 95.7480219, 27.1485802 ], [ 95.7455335, 27.1445196 ], [ 95.7426757, 27.1447993 ], [ 95.7432064, 27.1400369 ], [ 95.7359754, 27.1407129 ], [ 95.7361924, 27.1388371 ], [ 95.7324383, 27.1402795 ], [ 95.7274286, 27.1392643 ] ] } },
{ "type": "Feature", "properties": { "highway": "trunk" }, "geometry": { "type": "LineString", "coordinates": [ [ 95.8636066, 27.2013755 ], [ 95.8602944, 27.2009264 ], [ 95.8581721, 27.2023825 ], [ 95.8554313, 27.1971034 ], [ 95.8516924, 27.1964048 ], [ 95.8490761, 27.1930798 ], [ 95.8432181, 27.1912297 ], [ 95.8434096, 27.1897769 ], [ 95.8364089, 27.1883314 ], [ 95.8352327, 27.1843205 ], [ 95.8329801, 27.184355 ], [ 95.8309185, 27.181456 ], [ 95.8301069, 27.1847254 ], [ 95.8287084, 27.1847864 ], [ 95.8275416, 27.1814751 ], [ 95.8212176, 27.1782643 ], [ 95.8198102, 27.1757879 ], [ 95.822601, 27.1751926 ], [ 95.8202036, 27.1737778 ], [ 95.8114484, 27.1780332 ], [ 95.8079745, 27.1752307 ], [ 95.8062603, 27.1708935 ], [ 95.8027728, 27.1691215 ], [ 95.7855353, 27.1679652 ], [ 95.7833664, 27.1657518 ], [ 95.7859885, 27.1611391 ], [ 95.7832125, 27.1628706 ], [ 95.7802192, 27.1617074 ], [ 95.7801219, 27.1589269 ], [ 95.775556, 27.1538539 ], [ 95.7761639, 27.1526806 ], [ 95.773315, 27.1519851 ], [ 95.7748311, 27.1476292 ] ] } },
{ "type": "Feature", "properties": { "highway": "trunk" }, "geometry": { "type": "LineString", "coordinates": [ [ 95.9089137, 27.22879 ], [ 95.9088362, 27.2274492 ], [ 95.9054288, 27.2283693 ], [ 95.9049436, 27.2224817 ], [ 95.9086275, 27.2201673 ], [ 95.9067178, 27.2193972 ], [ 95.9076175, 27.2184988 ], [ 95.9032583, 27.2177715 ], [ 95.9047943, 27.2145111 ], [ 95.897956, 27.2126269 ], [ 95.8979199, 27.2107917 ], [ 95.8949072, 27.2084472 ], [ 95.8927891, 27.207186 ], [ 95.8908581, 27.2080066 ], [ 95.8890157, 27.2043545 ], [ 95.8847234, 27.2032349 ], [ 95.8822476, 27.2072219 ], [ 95.8826708, 27.2038672 ], [ 95.8781108, 27.2043539 ], [ 95.8768567, 27.2021359 ], [ 95.8724419, 27.207157 ], [ 95.8711168, 27.203522 ], [ 95.8675391, 27.2061902 ], [ 95.8667337, 27.2048064 ], [ 95.8635628, 27.2054764 ], [ 95.8636066, 27.2013755 ] ] } },
{ "type": "Feature", "properties": { "highway": "secondary" }, "geometry": { "type": "LineString", "coordinates": [ [ 95.7046275, 27.249582 ], [ 95.7084979, 27.2494632 ], [ 95.7127426, 27.2449456 ], [ 95.7159643, 27.2479347 ], [ 95.7153566, 27.2451221 ], [ 95.7213755, 27.2432162 ], [ 95.7204257, 27.241235 ], [ 95.7230524, 27.2400296 ], [ 95.7239934, 27.2330785 ], [ 95.7298669, 27.2313694 ], [ 95.7319853, 27.2295493 ], [ 95.7317222, 27.2275189 ], [ 95.7347191, 27.2257225 ], [ 95.7319675, 27.2242354 ], [ 95.7311959, 27.2204837 ], [ 95.7274765, 27.2228275 ], [ 95.7243279, 27.2227641 ], [ 95.7237348, 27.2208089 ], [ 95.7184099, 27.2181915 ], [ 95.7201135, 27.2147054 ], [ 95.7122347, 27.2100938 ] ] } },
{ "type": "Feature", "properties": { "highway": "trunk" }, "geometry": { "type": "LineString", "coordinates": [ [ 95.9140985, 27.2338233 ], [ 95.9102225, 27.2320323 ], [ 95.9089137, 27.22879 ] ] } },
{ "type": "Feature", "properties": { "highway": "trunk" }, "geometry": { "type": "LineString", "coordinates": [ [ 95.9196182, 27.2478329 ], [ 95.9161034, 27.243732 ], [ 95.9182512, 27.2382764 ], [ 95.9161691, 27.237161 ], [ 95.9167227, 27.2348901 ], [ 95.9140985, 27.2338233 ] ] } },
{ "type": "Feature", "properties": { "highway": "trunk" }, "geometry": { "type": "LineString", "coordinates": [ [ 95.9400579, 27.2590122 ], [ 95.9360803, 27.2572964 ], [ 95.9343377, 27.2590167 ], [ 95.9314802, 27.2578614 ], [ 95.9273806, 27.2521438 ], [ 95.9255052, 27.2509068 ], [ 95.924619, 27.252778 ], [ 95.9234452, 27.2523529 ], [ 95.9213681, 27.2507846 ], [ 95.9222612, 27.2487256 ], [ 95.9196182, 27.2478329 ] ] } },
{ "type": "Feature", "properties": { "highway": "primary" }, "geometry": { "type": "LineString", "coordinates": [ [ 95.705057368836776, 27.25644737193451 ], [ 95.7066748, 27.2561822 ], [ 95.7087117, 27.2523707 ], [ 95.7040548, 27.2507065 ], [ 95.7046275, 27.249582 ] ] } },
{ "type": "Feature", "properties": { "highway": "trunk" }, "geometry": { "type": "LineString", "coordinates": [ [ 96.151431480596855, 27.249893600793417 ], [ 96.152525458528146, 27.25030297858536 ] ] } },
{ "type": "Feature", "properties": { "highway": "trunk" }, "geometry": { "type": "LineString", "coordinates": [ [ 96.1231387, 27.2929635 ], [ 96.1268225, 27.2926476 ], [ 96.1245724, 27.2921128 ], [ 96.1242775, 27.2882446 ], [ 96.1212032, 27.2857259 ], [ 96.1221708, 27.2830607 ], [ 96.1171934, 27.2821759 ], [ 96.1199073, 27.2805878 ], [ 96.1236387, 27.2809696 ], [ 96.128154, 27.2756481 ], [ 96.1299339, 27.2755724 ], [ 96.1288898, 27.2715101 ], [ 96.133351, 27.2691558 ], [ 96.1280087, 27.2653781 ], [ 96.1288973, 27.2595721 ], [ 96.1347303, 27.2569055 ], [ 96.1390711, 27.2524176 ], [ 96.141641890085367, 27.245555679117466 ] ] } },
{ "type": "Feature", "properties": { "highway": "trunk" }, "geometry": { "type": "LineString", "coordinates": [ [ 96.0467947, 27.3025015 ], [ 96.0473122, 27.2993927 ], [ 96.0436437, 27.2978843 ], [ 96.0423093, 27.2956103 ], [ 96.0328487, 27.292205 ], [ 96.0279534, 27.2944647 ], [ 96.0218432, 27.2916216 ], [ 96.0181805, 27.2931078 ], [ 96.0142019, 27.292373 ], [ 96.014894, 27.2946498 ], [ 96.0118922, 27.3018363 ], [ 96.0110353, 27.3000392 ], [ 96.0092269, 27.3002795 ], [ 96.0105288, 27.2972214 ], [ 96.0076961, 27.2968722 ], [ 96.0033973, 27.300167 ], [ 96.0026447, 27.2976027 ], [ 95.9978725, 27.2967302 ], [ 95.9958389, 27.2992698 ], [ 95.9925596, 27.2973061 ], [ 95.9923736, 27.3017104 ], [ 95.9896403, 27.3018245 ], [ 95.9894144, 27.3000448 ], [ 95.9863951, 27.2989451 ], [ 95.9879869, 27.2966165 ], [ 95.9865881, 27.29594 ], [ 95.9886385, 27.2940554 ], [ 95.9862915, 27.2936607 ], [ 95.9866418, 27.2915935 ], [ 95.9831401, 27.2938558 ], [ 95.9824066, 27.2912924 ], [ 95.9794182, 27.2915694 ], [ 95.9796773, 27.2882484 ], [ 95.9766759, 27.2851925 ], [ 95.9795802, 27.2832551 ], [ 95.9767442, 27.2813511 ], [ 95.9775878, 27.2780192 ], [ 95.9758356, 27.2791379 ], [ 95.9749433, 27.2772839 ], [ 95.9765796, 27.2742323 ], [ 95.9721905, 27.2743413 ], [ 95.9700718, 27.2761099 ], [ 95.9633017, 27.2756051 ], [ 95.9630447, 27.2721955 ], [ 95.9606655, 27.2728383 ], [ 95.9574128, 27.2707499 ], [ 95.9579018, 27.2679565 ], [ 95.9549856, 27.2686238 ], [ 95.9513828, 27.2642238 ], [ 95.9461936, 27.2633807 ], [ 95.945009, 27.2616895 ], [ 95.9431425, 27.26293 ], [ 95.9399283, 27.2606243 ], [ 95.9400579, 27.2590122 ] ] } },
{ "type": "Feature", "properties": { "highway": "trunk" }, "geometry": { "type": "LineString", "coordinates": [ [ 96.0917445, 27.2923041 ], [ 96.0939138, 27.2930125 ], [ 96.0967273, 27.2903984 ], [ 96.1010241, 27.293553 ], [ 96.1055108, 27.2922015 ], [ 96.1075223, 27.2935502 ], [ 96.1120808, 27.291405 ], [ 96.1174925, 27.292469 ] ] } },
{ "type": "Feature", "properties": { "highway": "trunk" }, "geometry": { "type": "LineString", "coordinates": [ [ 96.0912031, 27.291938 ], [ 96.0917445, 27.2923041 ] ] } },
{ "type": "Feature", "properties": { "highway": "trunk" }, "geometry": { "type": "LineString", "coordinates": [ [ 96.1231135, 27.2930672 ], [ 96.1231387, 27.2929635 ] ] } },
{ "type": "Feature", "properties": { "highway": "trunk" }, "geometry": { "type": "LineString", "coordinates": [ [ 96.1174925, 27.292469 ], [ 96.1201666, 27.2941736 ], [ 96.1231135, 27.2930672 ] ] } },
{ "type": "Feature", "properties": { "highway": "trunk" }, "geometry": { "type": "LineString", "coordinates": [ [ 96.0474181, 27.3017225 ], [ 96.0490694, 27.299773 ], [ 96.0474792, 27.2966449 ], [ 96.0494228, 27.2890718 ], [ 96.0540711, 27.285883 ], [ 96.0570476, 27.2856655 ], [ 96.063952, 27.2888302 ], [ 96.0844488, 27.2883766 ], [ 96.0912031, 27.291938 ] ] } },
{ "type": "Feature", "properties": { "highway": "trunk" }, "geometry": { "type": "LineString", "coordinates": [ [ 96.0470505, 27.3021373 ], [ 96.0474181, 27.3017225 ] ] } },
{ "type": "Feature", "properties": { "highway": "trunk" }, "geometry": { "type": "LineString", "coordinates": [ [ 96.0467947, 27.3025015 ], [ 96.0470505, 27.3021373 ] ] } },
{ "type": "Feature", "properties": { "highway": "trunk" }, "geometry": { "type": "LineString", "coordinates": [ [ 96.0481285, 27.332161 ], [ 96.0473124, 27.3271541 ], [ 96.0533382, 27.3230567 ], [ 96.0547506, 27.3201822 ], [ 96.0514751, 27.311862 ], [ 96.0467181, 27.3093501 ], [ 96.0467947, 27.3025015 ] ] } },
{ "type": "Feature", "properties": { "highway": "trunk" }, "geometry": { "type": "LineString", "coordinates": [ [ 96.0481285, 27.332161 ], [ 96.0508329, 27.3328471 ] ] } },
{ "type": "Feature", "properties": { "highway": "trunk" }, "geometry": { "type": "LineString", "coordinates": [ [ 96.0508329, 27.3328471 ], [ 96.0513398, 27.333114 ] ] } },
{ "type": "Feature", "properties": { "highway": "trunk" }, "geometry": { "type": "LineString", "coordinates": [ [ 96.0513398, 27.333114 ], [ 96.05528, 27.3375816 ] ] } },
{ "type": "Feature", "properties": { "highway": "secondary" }, "geometry": { "type": "LineString", "coordinates": [ [ 96.0350401, 27.3405179 ], [ 96.0450995, 27.338482 ], [ 96.0481285, 27.332161 ] ] } },
{ "type": "Feature", "properties": { "highway": "secondary" }, "geometry": { "type": "LineString", "coordinates": [ [ 96.0331158, 27.3402846 ], [ 96.0349182, 27.3404916 ] ] } },
{ "type": "Feature", "properties": { "highway": "secondary" }, "geometry": { "type": "LineString", "coordinates": [ [ 96.0349182, 27.3404916 ], [ 96.0350401, 27.3405179 ] ] } },
{ "type": "Feature", "properties": { "highway": "trunk" }, "geometry": { "type": "LineString", "coordinates": [ [ 96.05528, 27.3375816 ], [ 96.0521203, 27.34157 ], [ 96.0494998, 27.3424111 ], [ 96.0493469, 27.3441575 ] ] } },
{ "type": "Feature", "properties": { "highway": "trunk" }, "geometry": { "type": "LineString", "coordinates": [ [ 96.0493469, 27.3441575 ], [ 96.0492396, 27.3443767 ] ] } },
{ "type": "Feature", "properties": { "highway": "trunk" }, "geometry": { "type": "LineString", "coordinates": [ [ 96.0492396, 27.3443767 ], [ 96.0464743, 27.3464256 ], [ 96.0357052, 27.3458252 ], [ 96.0354692, 27.3472737 ] ] } },
{ "type": "Feature", "properties": { "highway": "trunk" }, "geometry": { "type": "LineString", "coordinates": [ [ 96.0354692, 27.3472737 ], [ 96.0355849, 27.3475249 ] ] } },
{ "type": "Feature", "properties": { "highway": "secondary" }, "geometry": { "type": "LineString", "coordinates": [ [ 96.0133959, 27.3568598 ], [ 96.0156483, 27.353155 ], [ 96.0236246, 27.3481018 ], [ 96.0273203, 27.3426132 ], [ 96.0331158, 27.3402846 ] ] } },
{ "type": "Feature", "properties": { "highway": "trunk" }, "geometry": { "type": "LineString", "coordinates": [ [ 96.0355849, 27.3475249 ], [ 96.0329203, 27.3503406 ], [ 96.028769, 27.3511499 ], [ 96.0190919, 27.3570551 ] ] } },
{ "type": "Feature", "properties": { "highway": "secondary" }, "geometry": { "type": "LineString", "coordinates": [ [ 96.0133959, 27.3568598 ], [ 96.0098929, 27.3570374 ] ] } },
{ "type": "Feature", "properties": { "highway": "secondary" }, "geometry": { "type": "LineString", "coordinates": [ [ 96.0098929, 27.3570374 ], [ 96.0095636, 27.3572077 ] ] } },
{ "type": "Feature", "properties": { "highway": "secondary" }, "geometry": { "type": "LineString", "coordinates": [ [ 96.0095636, 27.3572077 ], [ 96.0030845, 27.358757 ], [ 95.9985774, 27.3571029 ] ] } },
{ "type": "Feature", "properties": { "highway": "secondary" }, "geometry": { "type": "LineString", "coordinates": [ [ 95.9985774, 27.3571029 ], [ 95.9956115, 27.3585231 ] ] } },
{ "type": "Feature", "properties": { "highway": "trunk" }, "geometry": { "type": "LineString", "coordinates": [ [ 96.0190919, 27.3570551 ], [ 96.0176338, 27.3594998 ] ] } },
{ "type": "Feature", "properties": { "highway": "secondary" }, "geometry": { "type": "LineString", "coordinates": [ [ 95.9956115, 27.3585231 ], [ 95.994662352914858, 27.358683021917962 ] ] } },
{ "type": "Feature", "properties": { "highway": "trunk" }, "geometry": { "type": "LineString", "coordinates": [ [ 96.0176338, 27.3594998 ], [ 96.0174488, 27.3597832 ] ] } },
{ "type": "Feature", "properties": { "highway": "trunk" }, "geometry": { "type": "LineString", "coordinates": [ [ 96.0174488, 27.3597832 ], [ 96.0164952, 27.3605336 ], [ 96.0188335, 27.363946 ], [ 96.014531499153932, 27.365030816601305 ] ] } },
{ "type": "Feature", "properties": { "highway": "trunk" }, "geometry": { "type": "LineString", "coordinates": [ [ 96.002642563671856, 27.392911791664041 ], [ 96.002094966043998, 27.393456909163511 ] ] } },
{ "type": "Feature", "properties": { "highway": "secondary" }, "geometry": { "type": "LineString", "coordinates": [ [ 95.991075928019498, 27.416897109691909 ], [ 96.0196149, 27.4179617 ], [ 96.0245879, 27.4235813 ] ] } },
{ "type": "Feature", "properties": { "highway": "secondary" }, "geometry": { "type": "LineString", "coordinates": [ [ 96.0245879, 27.4235813 ], [ 96.0254495, 27.4241747 ] ] } },
{ "type": "Feature", "properties": { "highway": "trunk" }, "geometry": { "type": "LineString", "coordinates": [ [ 95.935821784270956, 27.446609745923535 ], [ 95.9189433, 27.4630617 ], [ 95.9117228, 27.4777069 ], [ 95.9106783, 27.4838994 ] ] } },
{ "type": "Feature", "properties": { "highway": "trunk" }, "geometry": { "type": "LineString", "coordinates": [ [ 95.9106783, 27.4838994 ], [ 95.9091785, 27.4891023 ] ] } },
{ "type": "Feature", "properties": { "highway": "trunk" }, "geometry": { "type": "LineString", "coordinates": [ [ 95.9091785, 27.4891023 ], [ 95.9071267, 27.4948944 ], [ 95.9087938, 27.5023509 ], [ 95.9054347, 27.5146144 ], [ 95.9060494, 27.5256526 ], [ 95.8951394, 27.5411724 ], [ 95.8948492, 27.5532668 ], [ 95.8905424, 27.5606686 ], [ 95.8722912, 27.5715434 ], [ 95.8640834, 27.5782086 ], [ 95.8531044, 27.5904584 ], [ 95.8360712, 27.6043179 ], [ 95.8276693, 27.6221638 ], [ 95.8214735, 27.6297927 ] ] } },
{ "type": "Feature", "properties": { "highway": "trunk" }, "geometry": { "type": "LineString", "coordinates": [ [ 96.3635433, 27.8796575 ], [ 96.3605014, 27.8768718 ] ] } },
{ "type": "Feature", "properties": { "highway": "trunk" }, "geometry": { "type": "LineString", "coordinates": [ [ 96.3635433, 27.8796575 ], [ 96.3650833, 27.8791621 ], [ 96.3607874, 27.8854734 ] ] } },
{ "type": "Feature", "properties": { "highway": "trunk" }, "geometry": { "type": "LineString", "coordinates": [ [ 96.3623356, 27.8838305 ], [ 96.3623486, 27.8837372 ] ] } },
{ "type": "Feature", "properties": { "highway": "trunk" }, "geometry": { "type": "LineString", "coordinates": [ [ 96.3623486, 27.8837372 ], [ 96.3663774, 27.8805553 ], [ 96.3695874, 27.8807713 ], [ 96.3702109, 27.884735 ], [ 96.3720591, 27.8852992 ], [ 96.373186, 27.8867483 ], [ 96.3748573, 27.8867726 ], [ 96.3733225, 27.8868792 ], [ 96.372349, 27.8866703 ], [ 96.3709441, 27.8849932 ], [ 96.3697124, 27.8856277 ], [ 96.3685388, 27.8814822 ], [ 96.3641033, 27.8842864 ], [ 96.363696, 27.8882476 ] ] } },
{ "type": "Feature", "properties": { "highway": "trunk" }, "geometry": { "type": "LineString", "coordinates": [ [ 96.8913076, 27.8847562 ], [ 96.8842292, 27.8778191 ], [ 96.8732751, 27.8795972 ], [ 96.8598694, 27.8766051 ], [ 96.8555725, 27.8793744 ], [ 96.8490655, 27.8790424 ], [ 96.842081, 27.8839738 ], [ 96.8380845, 27.889839 ], [ 96.8297, 27.8926551 ] ] } },
{ "type": "Feature", "properties": { "highway": "trunk" }, "geometry": { "type": "LineString", "coordinates": [ [ 96.363696, 27.8882476 ], [ 96.3636908, 27.8883381 ] ] } },
{ "type": "Feature", "properties": { "highway": "trunk" }, "geometry": { "type": "LineString", "coordinates": [ [ 96.3636908, 27.8883381 ], [ 96.3636765, 27.888424 ] ] } },
{ "type": "Feature", "properties": { "highway": "trunk" }, "geometry": { "type": "LineString", "coordinates": [ [ 96.3636765, 27.888424 ], [ 96.3636406, 27.8884711 ] ] } },
{ "type": "Feature", "properties": { "highway": "trunk" }, "geometry": { "type": "LineString", "coordinates": [ [ 96.9242169, 27.8923637 ], [ 96.9245965, 27.8885541 ], [ 96.9227082, 27.8863493 ], [ 96.9082565, 27.8884853 ], [ 96.9036699, 27.8860791 ], [ 96.8913076, 27.8847562 ] ] } },
{ "type": "Feature", "properties": { "highway": "trunk" }, "geometry": { "type": "MultiLineString", "coordinates": [ [ [ 95.97268369930417, 27.434172659543609 ], [ 95.967083578840999, 27.436030973243 ] ], [ [ 95.963717169133531, 27.435527910099765 ], [ 95.9547883, 27.43573 ], [ 95.951780727226222, 27.438728680653927 ] ] ] } },
{ "type": "Feature", "properties": { "highway": "secondary" }, "geometry": { "type": "LineString", "coordinates": [ [ 96.0254495, 27.4241747 ], [ 96.0537914, 27.4279816 ], [ 96.0601986, 27.4312754 ], [ 96.0632821, 27.4362868 ], [ 96.0782596, 27.4365383 ], [ 96.0841221, 27.4432742 ], [ 96.0906297, 27.4422387 ], [ 96.0958475, 27.4444196 ], [ 96.1001402, 27.4428328 ], [ 96.1049934, 27.4467366 ], [ 96.1099591, 27.4453574 ] ] } },
{ "type": "Feature", "properties": { "highway": "secondary" }, "geometry": { "type": "LineString", "coordinates": [ [ 96.1099591, 27.4453574 ], [ 96.120069, 27.4463308 ], [ 96.1327272, 27.4537273 ], [ 96.152335, 27.4583283 ], [ 96.1589785, 27.4703563 ], [ 96.1733383, 27.4835692 ], [ 96.1844427, 27.4871334 ], [ 96.1924607, 27.4868212 ], [ 96.2021468, 27.4834287 ], [ 96.2042221, 27.485609 ] ] } },
{ "type": "Feature", "properties": { "highway": "secondary" }, "geometry": { "type": "LineString", "coordinates": [ [ 96.2107298, 27.4859123 ], [ 96.2108276, 27.4859975 ] ] } },
{ "type": "Feature", "properties": { "highway": "secondary" }, "geometry": { "type": "LineString", "coordinates": [ [ 96.2042221, 27.485609 ], [ 96.2079822, 27.4872005 ], [ 96.2107298, 27.4859123 ] ] } },
{ "type": "Feature", "properties": { "highway": "secondary" }, "geometry": { "type": "LineString", "coordinates": [ [ 96.2108276, 27.4859975 ], [ 96.2138128, 27.4902477 ] ] } },
{ "type": "Feature", "properties": { "highway": "trunk" }, "geometry": { "type": "LineString", "coordinates": [ [ 96.3591885, 27.756868 ], [ 96.3584671, 27.7558914 ] ] } },
{ "type": "Feature", "properties": { "highway": "trunk" }, "geometry": { "type": "LineString", "coordinates": [ [ 96.3557211, 27.7688636 ], [ 96.3549863, 27.7673655 ], [ 96.3600438, 27.7594264 ], [ 96.3591885, 27.756868 ] ] } },
{ "type": "Feature", "properties": { "highway": "trunk" }, "geometry": { "type": "LineString", "coordinates": [ [ 96.3557722, 27.7694222 ], [ 96.3557211, 27.7688636 ] ] } },
{ "type": "Feature", "properties": { "highway": "trunk" }, "geometry": { "type": "LineString", "coordinates": [ [ 95.9752634, 27.7741518 ], [ 95.9751129, 27.7733528 ] ] } },
{ "type": "Feature", "properties": { "highway": "trunk" }, "geometry": { "type": "LineString", "coordinates": [ [ 95.8500986, 27.6329961 ], [ 95.8475634, 27.6349765 ] ] } },
{ "type": "Feature", "properties": { "highway": "trunk" }, "geometry": { "type": "LineString", "coordinates": [ [ 95.8475634, 27.6349765 ], [ 95.8370292, 27.638884 ], [ 95.824486, 27.6302126 ], [ 95.8188565, 27.6298246 ], [ 95.8068865, 27.635052 ], [ 95.8044185, 27.6382477 ], [ 95.7985139, 27.6393401 ] ] } },
{ "type": "Feature", "properties": { "highway": "trunk" }, "geometry": { "type": "LineString", "coordinates": [ [ 95.855815, 27.6365886 ], [ 95.8500986, 27.6329961 ] ] } },
{ "type": "Feature", "properties": { "highway": "trunk" }, "geometry": { "type": "LineString", "coordinates": [ [ 95.7985139, 27.6393401 ], [ 95.797344258729666, 27.63937475603764 ] ] } },
{ "type": "Feature", "properties": { "highway": "trunk" }, "geometry": { "type": "LineString", "coordinates": [ [ 95.8975133, 27.6744868 ], [ 95.8781857, 27.6667112 ], [ 95.8761667, 27.6627256 ], [ 95.8761483, 27.6561991 ], [ 95.8715198, 27.6480901 ], [ 95.8688292, 27.645387 ], [ 95.8568588, 27.6416023 ], [ 95.855815, 27.6365886 ] ] } },
{ "type": "Feature", "properties": { "highway": "trunk" }, "geometry": { "type": "LineString", "coordinates": [ [ 95.8971841, 27.674814 ], [ 95.8975133, 27.6744868 ] ] } },
{ "type": "Feature", "properties": { "highway": "trunk" }, "geometry": { "type": "LineString", "coordinates": [ [ 95.9751129, 27.7733528 ], [ 95.9807641, 27.772511 ], [ 95.9786824, 27.7678292 ], [ 95.9742856, 27.7658677 ], [ 95.9483564, 27.7616099 ], [ 95.9208748, 27.7424433 ], [ 95.9101927, 27.7381888 ], [ 95.9017232, 27.7084344 ], [ 95.8960432, 27.701261 ], [ 95.8971841, 27.674814 ] ] } },
{ "type": "Feature", "properties": { "highway": "trunk" }, "geometry": { "type": "LineString", "coordinates": [ [ 96.3492386, 27.7805153 ], [ 96.3526729, 27.7753164 ], [ 96.3524096, 27.7692566 ], [ 96.3557722, 27.7694222 ] ] } },
{ "type": "Feature", "properties": { "highway": "trunk" }, "geometry": { "type": "LineString", "coordinates": [ [ 96.3584671, 27.7558914 ], [ 96.3492456, 27.7590201 ], [ 96.3284576, 27.7811371 ], [ 96.2282161, 27.7818893 ], [ 96.1939388, 27.7854929 ], [ 96.1796452, 27.7894411 ], [ 96.1636842, 27.7974961 ], [ 96.153611, 27.7948095 ], [ 96.1517389, 27.7916005 ], [ 96.1416395, 27.7920595 ] ] } },
{ "type": "Feature", "properties": { "highway": "trunk" }, "geometry": { "type": "LineString", "coordinates": [ [ 96.3469627, 27.7859759 ], [ 96.3492386, 27.7805153 ] ] } },
{ "type": "Feature", "properties": { "highway": "trunk" }, "geometry": { "type": "LineString", "coordinates": [ [ 96.3471977, 27.7867309 ], [ 96.3469627, 27.7859759 ] ] } },
{ "type": "Feature", "properties": { "highway": "trunk" }, "geometry": { "type": "LineString", "coordinates": [ [ 96.3467344, 27.7890923 ], [ 96.3471977, 27.7867309 ] ] } },
{ "type": "Feature", "properties": { "highway": "trunk" }, "geometry": { "type": "LineString", "coordinates": [ [ 96.3465997, 27.7893987 ], [ 96.3467344, 27.7890923 ] ] } },
{ "type": "Feature", "properties": { "highway": "trunk" }, "geometry": { "type": "LineString", "coordinates": [ [ 96.032671, 27.805724 ], [ 96.0320051, 27.8046999 ], [ 96.023517, 27.8057206 ], [ 96.0176916, 27.8028363 ], [ 96.0144042, 27.8042438 ], [ 96.0026556, 27.8036463 ], [ 95.9956104, 27.7985508 ], [ 95.9945747, 27.7962369 ], [ 95.9906218, 27.7949622 ], [ 95.9895618, 27.7887224 ], [ 95.9846902, 27.7818758 ], [ 95.9762298, 27.7774145 ], [ 95.9752634, 27.7741518 ] ] } },
{ "type": "Feature", "properties": { "highway": "trunk" }, "geometry": { "type": "LineString", "coordinates": [ [ 96.1416395, 27.7920595 ], [ 96.141249, 27.7922351 ] ] } },
{ "type": "Feature", "properties": { "highway": "trunk" }, "geometry": { "type": "LineString", "coordinates": [ [ 96.141249, 27.7922351 ], [ 96.1389986, 27.7932206 ] ] } },
{ "type": "Feature", "properties": { "highway": "trunk" }, "geometry": { "type": "LineString", "coordinates": [ [ 96.3450915, 27.805102 ], [ 96.3485721, 27.8004891 ], [ 96.3461331, 27.7940504 ], [ 96.3465997, 27.7893987 ] ] } },
{ "type": "Feature", "properties": { "highway": "trunk" }, "geometry": { "type": "LineString", "coordinates": [ [ 96.1389986, 27.7932206 ], [ 96.1404663, 27.8044672 ], [ 96.1248464, 27.8155122 ], [ 96.1087438, 27.8143588 ], [ 96.1022705, 27.8112728 ], [ 96.0914466, 27.811419 ], [ 96.0742628, 27.8079884 ], [ 96.0633542, 27.8105779 ], [ 96.0347659, 27.8082082 ], [ 96.0326944, 27.8064546 ] ] } },
{ "type": "Feature", "properties": { "highway": "trunk" }, "geometry": { "type": "LineString", "coordinates": [ [ 96.3448269, 27.8057786 ], [ 96.3450915, 27.805102 ] ] } },
{ "type": "Feature", "properties": { "highway": "trunk" }, "geometry": { "type": "LineString", "coordinates": [ [ 96.0326944, 27.8064546 ], [ 96.032671, 27.805724 ] ] } },
{ "type": "Feature", "properties": { "highway": "secondary" }, "geometry": { "type": "LineString", "coordinates": [ [ 96.0327167, 27.807493 ], [ 96.0319944, 27.8155384 ] ] } },
{ "type": "Feature", "properties": { "highway": "trunk" }, "geometry": { "type": "LineString", "coordinates": [ [ 96.3351678, 27.8220446 ], [ 96.3372973, 27.8054785 ], [ 96.3441607, 27.8107061 ], [ 96.3432562, 27.80807 ], [ 96.3448269, 27.8057786 ] ] } },
{ "type": "Feature", "properties": { "highway": "secondary" }, "geometry": { "type": "LineString", "coordinates": [ [ 96.0319944, 27.8155384 ], [ 96.0317597, 27.8163925 ] ] } },
{ "type": "Feature", "properties": { "highway": "trunk" }, "geometry": { "type": "LineString", "coordinates": [ [ 96.3350011, 27.8230645 ], [ 96.3351678, 27.8220446 ] ] } },
{ "type": "Feature", "properties": { "highway": "secondary" }, "geometry": { "type": "LineString", "coordinates": [ [ 96.0317597, 27.8163925 ], [ 96.0288817, 27.8192842 ], [ 96.0224229, 27.8139656 ], [ 96.0193061, 27.8147532 ], [ 96.0122037, 27.8260543 ], [ 96.0125195, 27.8347482 ] ] } },
{ "type": "Feature", "properties": { "highway": "trunk" }, "geometry": { "type": "LineString", "coordinates": [ [ 96.350115, 27.8504682 ], [ 96.3486897, 27.8493884 ], [ 96.3433455, 27.8526126 ], [ 96.3404235, 27.8506396 ], [ 96.3406276, 27.8407438 ], [ 96.3352936, 27.8368995 ], [ 96.3349603, 27.8343998 ], [ 96.3370115, 27.83119 ], [ 96.3331778, 27.827544 ], [ 96.3350011, 27.8230645 ] ] } },
{ "type": "Feature", "properties": { "highway": "secondary" }, "geometry": { "type": "LineString", "coordinates": [ [ 96.0287597, 27.8471382 ], [ 96.0278043, 27.8428032 ], [ 96.0144147, 27.8379458 ], [ 96.0125195, 27.8347482 ] ] } },
{ "type": "Feature", "properties": { "highway": "primary" }, "geometry": { "type": "LineString", "coordinates": [ [ 95.8875789, 27.8488637 ], [ 95.8880121, 27.8486266 ] ] } },
{ "type": "Feature", "properties": { "highway": "primary" }, "geometry": { "type": "LineString", "coordinates": [ [ 95.885184628145254, 27.850241359944814 ], [ 95.8875789, 27.8488637 ] ] } },
{ "type": "Feature", "properties": { "highway": "trunk" }, "geometry": { "type": "LineString", "coordinates": [ [ 93.2206684, 27.1595414 ], [ 93.2141279, 27.1586918 ], [ 93.2041299, 27.1630395 ] ] } },
{ "type": "Feature", "properties": { "highway": "trunk" }, "geometry": { "type": "LineString", "coordinates": [ [ 93.2301892, 27.1654051 ], [ 93.2245084, 27.1605489 ], [ 93.2206684, 27.1595414 ] ] } },
{ "type": "Feature", "properties": { "highway": "trunk" }, "geometry": { "type": "LineString", "coordinates": [ [ 93.2041299, 27.1630395 ], [ 93.203526, 27.1633355 ] ] } },
{ "type": "Feature", "properties": { "highway": "trunk" }, "geometry": { "type": "LineString", "coordinates": [ [ 93.2311661, 27.16659 ], [ 93.2301892, 27.1654051 ] ] } },
{ "type": "Feature", "properties": { "highway": "trunk" }, "geometry": { "type": "LineString", "coordinates": [ [ 93.203526, 27.1633355 ], [ 93.1988982, 27.1648651 ], [ 93.187067, 27.1596896 ], [ 93.1769981, 27.1609725 ], [ 93.1620735, 27.1570963 ], [ 93.1590726, 27.1549305 ], [ 93.1578278, 27.1559613 ], [ 93.1563859, 27.1515147 ], [ 93.1500513, 27.147183 ], [ 93.1453434, 27.1465524 ], [ 93.1411224, 27.1520849 ], [ 93.1441603, 27.1549634 ], [ 93.140956, 27.1575294 ], [ 93.1432791, 27.1598979 ], [ 93.1405185, 27.1605833 ], [ 93.1405123, 27.1638837 ], [ 93.1369445, 27.1617949 ], [ 93.1352807, 27.1625679 ], [ 93.1380968, 27.1653914 ], [ 93.1433654, 27.1665427 ], [ 93.1471982, 27.1723702 ], [ 93.1523805, 27.1725292 ], [ 93.1529413, 27.1750948 ], [ 93.1485415, 27.1774465 ], [ 93.1491701, 27.178806 ], [ 93.1471058, 27.1788772 ], [ 93.1465019, 27.1815742 ], [ 93.1477836, 27.1833557 ], [ 93.1449182, 27.1837778 ], [ 93.1415722, 27.1878778 ] ] } },
{ "type": "Feature", "properties": { "highway": "trunk" }, "geometry": { "type": "LineString", "coordinates": [ [ 93.2711212, 27.1846438 ], [ 93.2608019, 27.1790893 ], [ 93.2554275, 27.1787278 ], [ 93.2492159, 27.1759322 ], [ 93.2407574, 27.1687447 ], [ 93.2311661, 27.16659 ] ] } },
{ "type": "Feature", "properties": { "highway": "trunk" }, "geometry": { "type": "LineString", "coordinates": [ [ 93.0416081, 27.2291712 ], [ 93.0450842, 27.2262804 ], [ 93.0482782, 27.226671 ], [ 93.0478746, 27.2249359 ], [ 93.0506386, 27.2280328 ], [ 93.0519757, 27.2276656 ], [ 93.0517617, 27.2292683 ], [ 93.0551687, 27.2293335 ] ] } },
{ "type": "Feature", "properties": { "highway": "trunk" }, "geometry": { "type": "LineString", "coordinates": [ [ 93.0370604, 27.2288854 ], [ 93.0403291, 27.2292124 ] ] } },
{ "type": "Feature", "properties": { "highway": "trunk" }, "geometry": { "type": "LineString", "coordinates": [ [ 93.0403291, 27.2292124 ], [ 93.0416081, 27.2291712 ] ] } },
{ "type": "Feature", "properties": { "highway": "trunk" }, "geometry": { "type": "LineString", "coordinates": [ [ 93.0682311, 27.2456334 ], [ 93.0731629, 27.241242 ], [ 93.0656536, 27.2394151 ], [ 93.0579574, 27.2408102 ], [ 93.0564278, 27.2386418 ], [ 93.0603506, 27.2350377 ], [ 93.0612285, 27.2301877 ], [ 93.0564212, 27.2302798 ] ] } },
{ "type": "Feature", "properties": { "highway": "primary" }, "geometry": { "type": "LineString", "coordinates": [ [ 92.643379997899473, 27.01196163895484 ], [ 92.6371532, 27.012156 ], [ 92.6388008, 27.015544 ], [ 92.6369314, 27.0184793 ] ] } },
{ "type": "Feature", "properties": { "highway": "secondary" }, "geometry": { "type": "LineString", "coordinates": [ [ 92.6996743, 27.1764261 ], [ 92.7039353, 27.1775115 ], [ 92.7070814, 27.1758169 ], [ 92.7137718, 27.1759365 ], [ 92.7146954, 27.1766781 ], [ 92.7124758, 27.1762899 ], [ 92.7078018, 27.1777486 ], [ 92.7060677, 27.1790777 ], [ 92.7132262, 27.1771412 ], [ 92.7204502, 27.1807494 ], [ 92.7132368, 27.1780596 ], [ 92.7073427, 27.1828374 ], [ 92.712042, 27.1803082 ], [ 92.7139289, 27.18069 ], [ 92.7121801, 27.1806876 ], [ 92.7081514, 27.1844717 ], [ 92.7160411, 27.1814606 ], [ 92.7193912, 27.1852734 ], [ 92.714236, 27.1838967 ], [ 92.7111031, 27.1882867 ], [ 92.7027977, 27.1915768 ] ] } },
{ "type": "Feature", "properties": { "highway": "secondary" }, "geometry": { "type": "LineString", "coordinates": [ [ 92.7027977, 27.1915768 ], [ 92.7024061, 27.197522 ], [ 92.6963282, 27.1995355 ], [ 92.6894028, 27.2061434 ], [ 92.6939089, 27.2064822 ], [ 92.6937909, 27.2117014 ], [ 92.6971409, 27.2086625 ], [ 92.7015706, 27.2083738 ], [ 92.702217, 27.2095331 ], [ 92.6997521, 27.2125673 ], [ 92.7042206, 27.2157779 ], [ 92.7055135, 27.2141607 ], [ 92.7108993, 27.2123622 ], [ 92.7115216, 27.21376 ], [ 92.7055939, 27.2148047 ], [ 92.7048483, 27.2173617 ], [ 92.6984646, 27.2142561 ], [ 92.6972469, 27.2121857 ], [ 92.6942911, 27.2170707 ], [ 92.692714, 27.2172902 ], [ 92.6891392, 27.2145363 ], [ 92.6887227, 27.210915 ], [ 92.6833828, 27.2102588 ], [ 92.6803071, 27.2076812 ], [ 92.6843617, 27.211133 ] ] } },
{ "type": "Feature", "properties": { "highway": "trunk" }, "geometry": { "type": "LineString", "coordinates": [ [ 92.6963515, 27.2244504 ], [ 92.6967077, 27.2297719 ], [ 92.6914065, 27.2312133 ], [ 92.6921684, 27.2338368 ], [ 92.6893556, 27.2370413 ], [ 92.6798184, 27.2341776 ], [ 92.6845266, 27.2304668 ], [ 92.6856011, 27.2273253 ], [ 92.6835702, 27.2230329 ], [ 92.6873693, 27.2212799 ], [ 92.6860424, 27.2203049 ], [ 92.6872782, 27.2190506 ], [ 92.6848379, 27.2185437 ], [ 92.6870379, 27.2164316 ], [ 92.6843617, 27.211133 ] ] } },
{ "type": "Feature", "properties": { "highway": "trunk" }, "geometry": { "type": "LineString", "coordinates": [ [ 92.7290857, 27.2392353 ], [ 92.7261447, 27.2398381 ], [ 92.7250493, 27.2327003 ], [ 92.7180186, 27.2297356 ], [ 92.7133129, 27.2231705 ], [ 92.6963515, 27.2244504 ] ] } },
{ "type": "Feature", "properties": { "highway": "trunk" }, "geometry": { "type": "LineString", "coordinates": [ [ 92.7290857, 27.2392353 ], [ 92.7301607, 27.2387691 ] ] } },
{ "type": "Feature", "properties": { "highway": "trunk" }, "geometry": { "type": "LineString", "coordinates": [ [ 93.2816254, 27.182403 ], [ 93.2771634, 27.1836519 ] ] } },
{ "type": "Feature", "properties": { "highway": "trunk" }, "geometry": { "type": "LineString", "coordinates": [ [ 93.2880814, 27.1843968 ], [ 93.2816254, 27.182403 ] ] } },
{ "type": "Feature", "properties": { "highway": "trunk" }, "geometry": { "type": "LineString", "coordinates": [ [ 93.2771634, 27.1836519 ], [ 93.2769131, 27.183768 ] ] } },
{ "type": "Feature", "properties": { "highway": "trunk" }, "geometry": { "type": "LineString", "coordinates": [ [ 93.2769131, 27.183768 ], [ 93.2740613, 27.185272 ] ] } },
{ "type": "Feature", "properties": { "highway": "trunk" }, "geometry": { "type": "LineString", "coordinates": [ [ 93.289804, 27.1853111 ], [ 93.2880814, 27.1843968 ] ] } },
{ "type": "Feature", "properties": { "highway": "trunk" }, "geometry": { "type": "LineString", "coordinates": [ [ 93.2740613, 27.185272 ], [ 93.2711212, 27.1846438 ] ] } },
{ "type": "Feature", "properties": { "highway": "trunk" }, "geometry": { "type": "LineString", "coordinates": [ [ 93.2914257, 27.1882525 ], [ 93.289804, 27.1853111 ] ] } },
{ "type": "Feature", "properties": { "highway": "trunk" }, "geometry": { "type": "LineString", "coordinates": [ [ 93.2914257, 27.1882525 ], [ 93.2870189, 27.1874623 ] ] } },
{ "type": "Feature", "properties": { "highway": "trunk" }, "geometry": { "type": "LineString", "coordinates": [ [ 93.2870189, 27.1874623 ], [ 93.2854468, 27.1894542 ], [ 93.2892466, 27.1913848 ], [ 93.2892403, 27.1930791 ] ] } },
{ "type": "Feature", "properties": { "highway": "trunk" }, "geometry": { "type": "LineString", "coordinates": [ [ 93.1415722, 27.1878778 ], [ 93.1391871, 27.196655 ], [ 93.1418049, 27.2005102 ], [ 93.1389082, 27.2032202 ], [ 93.1431568, 27.2048996 ], [ 93.1455817, 27.20262 ], [ 93.144638, 27.2001265 ], [ 93.1465352, 27.2024235 ] ] } },
{ "type": "Feature", "properties": { "highway": "primary" }, "geometry": { "type": "LineString", "coordinates": [ [ 92.1316394, 26.8968964 ], [ 92.127344, 26.9010318 ], [ 92.1273669, 26.9069411 ] ] } },
{ "type": "Feature", "properties": { "highway": "primary" }, "geometry": { "type": "LineString", "coordinates": [ [ 92.1274642, 26.9069695 ], [ 92.1284656, 26.9060546 ], [ 92.1283799, 26.9077673 ] ] } },
{ "type": "Feature", "properties": { "highway": "primary" }, "geometry": { "type": "MultiLineString", "coordinates": [ [ [ 92.152239328378769, 26.891416255681879 ], [ 92.150458376666165, 26.891198213593295 ] ], [ [ 92.146347974200324, 26.89087315185046 ], [ 92.1438583, 26.89352 ] ] ] } },
{ "type": "Feature", "properties": { "highway": "primary" }, "geometry": { "type": "LineString", "coordinates": [ [ 92.143352, 26.8932876 ], [ 92.1424698, 26.8916166 ], [ 92.1415561, 26.8927098 ], [ 92.1395863, 26.8914916 ], [ 92.138345, 26.8937653 ] ] } },
{ "type": "Feature", "properties": { "highway": "primary" }, "geometry": { "type": "LineString", "coordinates": [ [ 92.1438583, 26.89352 ], [ 92.143352, 26.8932876 ] ] } },
{ "type": "Feature", "properties": { "highway": "primary" }, "geometry": { "type": "LineString", "coordinates": [ [ 92.138345, 26.8937653 ], [ 92.1384205, 26.8938422 ] ] } },
{ "type": "Feature", "properties": { "highway": "primary" }, "geometry": { "type": "LineString", "coordinates": [ [ 92.1384205, 26.8938422 ], [ 92.1359633, 26.8962946 ] ] } },
{ "type": "Feature", "properties": { "highway": "primary" }, "geometry": { "type": "LineString", "coordinates": [ [ 92.1354904, 26.8962933 ], [ 92.1335809, 26.8943829 ], [ 92.1320889, 26.8968475 ] ] } },
{ "type": "Feature", "properties": { "highway": "primary" }, "geometry": { "type": "LineString", "coordinates": [ [ 92.1359633, 26.8962946 ], [ 92.1354904, 26.8962933 ] ] } },
{ "type": "Feature", "properties": { "highway": "primary" }, "geometry": { "type": "LineString", "coordinates": [ [ 92.1320889, 26.8968475 ], [ 92.1316394, 26.8968964 ] ] } },
{ "type": "Feature", "properties": { "highway": "primary" }, "geometry": { "type": "LineString", "coordinates": [ [ 92.1273669, 26.9069411 ], [ 92.1274642, 26.9069695 ] ] } },
{ "type": "Feature", "properties": { "highway": "primary" }, "geometry": { "type": "LineString", "coordinates": [ [ 92.1283799, 26.9077673 ], [ 92.1283168, 26.9077536 ] ] } },
{ "type": "Feature", "properties": { "highway": "primary" }, "geometry": { "type": "LineString", "coordinates": [ [ 92.1283168, 26.9077536 ], [ 92.1266792, 26.9085215 ] ] } },
{ "type": "Feature", "properties": { "highway": "primary" }, "geometry": { "type": "LineString", "coordinates": [ [ 92.1266792, 26.9085215 ], [ 92.1268795, 26.9085998 ] ] } },
{ "type": "Feature", "properties": { "highway": "primary" }, "geometry": { "type": "LineString", "coordinates": [ [ 92.1268795, 26.9085998 ], [ 92.1310799, 26.9089037 ], [ 92.1309684, 26.9100746 ] ] } },
{ "type": "Feature", "properties": { "highway": "primary" }, "geometry": { "type": "LineString", "coordinates": [ [ 92.1309684, 26.9100746 ], [ 92.1308711, 26.9100762 ] ] } },
{ "type": "Feature", "properties": { "highway": "primary" }, "geometry": { "type": "LineString", "coordinates": [ [ 92.1308711, 26.9100762 ], [ 92.1285266, 26.9111179 ], [ 92.1294149, 26.9129504 ] ] } },
{ "type": "Feature", "properties": { "highway": "primary" }, "geometry": { "type": "LineString", "coordinates": [ [ 92.1294149, 26.9129504 ], [ 92.1294088, 26.9130265 ] ] } },
{ "type": "Feature", "properties": { "highway": "primary" }, "geometry": { "type": "LineString", "coordinates": [ [ 92.1294088, 26.9130265 ], [ 92.1272566, 26.9127597 ], [ 92.1282314, 26.9157685 ] ] } },
{ "type": "Feature", "properties": { "highway": "primary" }, "geometry": { "type": "LineString", "coordinates": [ [ 92.1282314, 26.9157685 ], [ 92.1282314, 26.915841 ] ] } },
{ "type": "Feature", "properties": { "highway": "primary" }, "geometry": { "type": "LineString", "coordinates": [ [ 92.6369314, 27.0184793 ], [ 92.6350188, 27.0227074 ], [ 92.6315345, 27.0250604 ], [ 92.6261186, 27.023481 ], [ 92.62111, 27.0281798 ], [ 92.6107744, 27.0268354 ] ] } },
{ "type": "Feature", "properties": { "highway": "primary" }, "geometry": { "type": "LineString", "coordinates": [ [ 92.6107744, 27.0268354 ], [ 92.6107759, 27.0276561 ] ] } },
{ "type": "Feature", "properties": { "highway": "primary" }, "geometry": { "type": "LineString", "coordinates": [ [ 92.6107759, 27.0276561 ], [ 92.6100884, 27.0315019 ], [ 92.6028673, 27.0390208 ], [ 92.6024888, 27.0415804 ], [ 92.5974764, 27.0467399 ], [ 92.5943613, 27.0470382 ], [ 92.5961116, 27.049454 ], [ 92.5944411, 27.0515109 ], [ 92.5954373, 27.0527411 ], [ 92.5935559, 27.0644854 ] ] } },
{ "type": "Feature", "properties": { "highway": "primary" }, "geometry": { "type": "LineString", "coordinates": [ [ 92.5906332, 27.0714507 ], [ 92.5905422, 27.0721102 ] ] } },
{ "type": "Feature", "properties": { "highway": "primary" }, "geometry": { "type": "LineString", "coordinates": [ [ 92.5935559, 27.0644854 ], [ 92.5901871, 27.0718608 ], [ 92.5910516, 27.0737462 ], [ 92.5876154, 27.084186 ], [ 92.5829009, 27.0854032 ] ] } },
{ "type": "Feature", "properties": { "highway": "primary" }, "geometry": { "type": "LineString", "coordinates": [ [ 92.1282314, 26.915841 ], [ 92.1346274, 26.9239671 ], [ 92.1338787, 26.9262733 ], [ 92.1350018, 26.9256085 ] ] } },
{ "type": "Feature", "properties": { "highway": "primary" }, "geometry": { "type": "LineString", "coordinates": [ [ 92.1350018, 26.9256085 ], [ 92.1350434, 26.9256291 ] ] } },
{ "type": "Feature", "properties": { "highway": "primary" }, "geometry": { "type": "LineString", "coordinates": [ [ 92.1350434, 26.9256291 ], [ 92.1350575, 26.9277213 ] ] } },
{ "type": "Feature", "properties": { "highway": "primary" }, "geometry": { "type": "LineString", "coordinates": [ [ 92.1350575, 26.9277213 ], [ 92.1350267, 26.9278243 ] ] } },
{ "type": "Feature", "properties": { "highway": "primary" }, "geometry": { "type": "LineString", "coordinates": [ [ 92.1350267, 26.9278243 ], [ 92.1294789, 26.9326771 ] ] } },
{ "type": "Feature", "properties": { "highway": "secondary" }, "geometry": { "type": "LineString", "coordinates": [ [ 92.1324509, 26.9355973 ], [ 92.131943, 26.9352544 ] ] } },
{ "type": "Feature", "properties": { "highway": "secondary" }, "geometry": { "type": "LineString", "coordinates": [ [ 92.1409299, 26.9766049 ], [ 92.1368033, 26.9792319 ], [ 92.1318653, 26.9757181 ], [ 92.1282692, 26.9777219 ], [ 92.1277044, 26.9757466 ], [ 92.1304491, 26.9735404 ], [ 92.1298241, 26.972448 ], [ 92.1331045, 26.9710878 ], [ 92.1361676, 26.972307 ], [ 92.1363257, 26.9682503 ], [ 92.1401398, 26.9678176 ], [ 92.1390737, 26.9662835 ], [ 92.1421703, 26.9644302 ], [ 92.1409163, 26.9636705 ], [ 92.1432861, 26.9619534 ], [ 92.1433988, 26.9580088 ], [ 92.1442571, 26.9572461 ], [ 92.143952, 26.9594994 ], [ 92.1450618, 26.9604736 ], [ 92.1460327, 26.9591468 ], [ 92.1448606, 26.9612937 ], [ 92.1464941, 26.9622498 ], [ 92.1454514, 26.9614048 ], [ 92.1472377, 26.9602884 ], [ 92.1468106, 26.9589699 ], [ 92.1490428, 26.9584499 ], [ 92.1471546, 26.9591647 ], [ 92.1477789, 26.960017 ], [ 92.1469722, 26.9613761 ], [ 92.1478808, 26.9623741 ], [ 92.1499548, 26.9566951 ], [ 92.1481577, 26.9550837 ], [ 92.1495572, 26.9545135 ], [ 92.1472612, 26.9519074 ], [ 92.1475965, 26.9499062 ], [ 92.1434418, 26.9505564 ], [ 92.1420792, 26.9480197 ], [ 92.1369907, 26.9477763 ], [ 92.1358324, 26.9455379 ], [ 92.1371079, 26.9433417 ], [ 92.1359354, 26.9432538 ], [ 92.13819, 26.94104 ], [ 92.1375266, 26.9388701 ], [ 92.1324509, 26.9355973 ] ] } },
{ "type": "Feature", "properties": { "highway": "secondary" }, "geometry": { "type": "LineString", "coordinates": [ [ 92.1409299, 26.9766049 ], [ 92.1426505, 26.978063 ], [ 92.1470949, 26.9763348 ], [ 92.1482912, 26.9787419 ], [ 92.1471646, 26.9770113 ], [ 92.1429393, 26.9790066 ], [ 92.139802, 26.9778001 ], [ 92.1360978, 26.9815242 ], [ 92.1353541, 26.9791668 ], [ 92.1330187, 26.9780248 ], [ 92.1327129, 26.9804748 ], [ 92.1343624, 26.9791339 ], [ 92.1327934, 26.9810103 ], [ 92.1345126, 26.9799538 ], [ 92.133649, 26.9809553 ], [ 92.1346441, 26.9810605 ], [ 92.1362775, 26.9831328 ], [ 92.1346325, 26.9816001 ], [ 92.1338099, 26.9814262 ], [ 92.1336812, 26.9815457 ], [ 92.1351966, 26.9831209 ], [ 92.1361354, 26.9833647 ], [ 92.1386593, 26.9828986 ], [ 92.1411967, 26.9817799 ], [ 92.1410116, 26.9833264 ], [ 92.140443, 26.9839718 ], [ 92.1385547, 26.9846386 ], [ 92.1405315, 26.983661 ], [ 92.1404806, 26.9823584 ], [ 92.1350454, 26.9864256 ], [ 92.1378381, 26.9898581 ], [ 92.1436343, 26.9912384 ], [ 92.1396289, 26.9929025 ], [ 92.1393366, 26.994879 ], [ 92.1359637, 26.9955805 ], [ 92.1358202, 26.9979644 ], [ 92.1334559, 26.9997652 ] ] } },
{ "type": "Feature", "properties": { "highway": "secondary" }, "geometry": { "type": "LineString", "coordinates": [ [ 92.1382831, 27.0129911 ], [ 92.1329663, 27.0106774 ], [ 92.1278072, 27.0132168 ], [ 92.1266792, 27.0112389 ], [ 92.1286467, 27.0113554 ], [ 92.1284777, 27.0021144 ], [ 92.1334559, 26.9997652 ] ] } },
{ "type": "Feature", "properties": { "highway": "secondary" }, "geometry": { "type": "LineString", "coordinates": [ [ 92.128011, 27.0352061 ], [ 92.13293, 27.0322603 ], [ 92.1385412, 27.0352443 ], [ 92.1396865, 27.0380109 ], [ 92.1459978, 27.0352969 ], [ 92.1440371, 27.0308578 ], [ 92.1453257, 27.0271403 ], [ 92.1441041, 27.0262657 ], [ 92.1445494, 27.0214774 ], [ 92.1375113, 27.0149804 ], [ 92.1382831, 27.0129911 ] ] } },
{ "type": "Feature", "properties": { "highway": "secondary" }, "geometry": { "type": "LineString", "coordinates": [ [ 92.5829009, 27.0854032 ], [ 92.5875605, 27.0853368 ], [ 92.5939338, 27.0896024 ] ] } },
{ "type": "Feature", "properties": { "highway": "secondary" }, "geometry": { "type": "LineString", "coordinates": [ [ 92.5939338, 27.0896024 ], [ 92.5948451, 27.089898 ] ] } },
{ "type": "Feature", "properties": { "highway": "secondary" }, "geometry": { "type": "LineString", "coordinates": [ [ 92.5948451, 27.089898 ], [ 92.5949858, 27.0899514 ] ] } },
{ "type": "Feature", "properties": { "highway": "primary" }, "geometry": { "type": "LineString", "coordinates": [ [ 92.5829009, 27.0854032 ], [ 92.5870877, 27.0864451 ], [ 92.5860926, 27.0892863 ], [ 92.5885773, 27.0892545 ], [ 92.5899636, 27.0905113 ], [ 92.5893049, 27.0919867 ], [ 92.58796, 27.0916477 ], [ 92.5884091, 27.0907486 ], [ 92.5883324, 27.0899023 ], [ 92.5869291, 27.0927773 ], [ 92.5839596, 27.0932328 ], [ 92.5850962, 27.0927575 ], [ 92.5852247, 27.0914881 ], [ 92.5823901, 27.0931628 ], [ 92.5819024, 27.0958733 ], [ 92.5848944, 27.0965008 ], [ 92.5841753, 27.1013954 ], [ 92.5799707, 27.1020871 ], [ 92.5764415, 27.1003991 ], [ 92.5736844, 27.101984 ], [ 92.572891, 27.1047759 ], [ 92.5699667, 27.1053214 ], [ 92.5726703, 27.1044905 ], [ 92.5742731, 27.1001259 ], [ 92.5717262, 27.1041182 ], [ 92.568449, 27.1041969 ], [ 92.5679076, 27.1080762 ], [ 92.5663473, 27.104447 ], [ 92.5604233, 27.1079952 ], [ 92.5541593, 27.1044996 ], [ 92.5540329, 27.1024322 ], [ 92.5517893, 27.100804 ], [ 92.5477028, 27.1011256 ], [ 92.5465591, 27.0997363 ], [ 92.5424765, 27.1018518 ], [ 92.5412053, 27.1004888 ], [ 92.5362459, 27.1015967 ], [ 92.5299233, 27.0983625 ], [ 92.5266104, 27.0985613 ], [ 92.5278713, 27.099427 ], [ 92.5271466, 27.1025565 ], [ 92.5266611, 27.1010379 ], [ 92.5257004, 27.102571 ], [ 92.5255667, 27.1070583 ], [ 92.5292481, 27.1068566 ], [ 92.5302968, 27.1018688 ], [ 92.5329629, 27.104438 ], [ 92.5375924, 27.1052903 ], [ 92.5360756, 27.1139476 ], [ 92.5394109, 27.1123122 ], [ 92.5414897, 27.1080623 ], [ 92.5454379, 27.1079 ], [ 92.5469667, 27.1107841 ], [ 92.5419322, 27.1141338 ], [ 92.5427797, 27.1178678 ], [ 92.5458349, 27.1174546 ], [ 92.5471813, 27.1197799 ], [ 92.5487209, 27.1183905 ] ] } },
{ "type": "Feature", "properties": { "highway": "primary" }, "geometry": { "type": "LineString", "coordinates": [ [ 92.5487209, 27.1183905 ], [ 92.5546915, 27.1188679 ], [ 92.5514943, 27.120933 ], [ 92.5515024, 27.1238383 ], [ 92.5493673, 27.1233799 ], [ 92.5465939, 27.1252992 ], [ 92.5483106, 27.1290352 ], [ 92.5442979, 27.1311716 ] ] } },
{ "type": "Feature", "properties": { "highway": "primary" }, "geometry": { "type": "LineString", "coordinates": [ [ 92.5442979, 27.1311716 ], [ 92.5442671, 27.1312201 ] ] } },
{ "type": "Feature", "properties": { "highway": "secondary" }, "geometry": { "type": "LineString", "coordinates": [ [ 92.5949858, 27.0899514 ], [ 92.5978852, 27.0947779 ], [ 92.5941671, 27.0972699 ], [ 92.5923451, 27.1020504 ], [ 92.6000563, 27.1107586 ], [ 92.5962103, 27.1156724 ], [ 92.5977659, 27.1162358 ], [ 92.5996489, 27.1210343 ], [ 92.6014513, 27.1208243 ], [ 92.6046565, 27.1240924 ], [ 92.6058206, 27.1311393 ], [ 92.6058421, 27.1329272 ], [ 92.6029238, 27.1346625 ], [ 92.6014647, 27.1333258 ], [ 92.5995738, 27.1344191 ], [ 92.6046968, 27.1358942 ], [ 92.6056449, 27.1410619 ], [ 92.6074286, 27.1411598 ], [ 92.6123236, 27.1462317 ], [ 92.6108296, 27.1476852 ], [ 92.6201134, 27.1498858 ], [ 92.6238954, 27.1548177 ], [ 92.6245471, 27.1512497 ], [ 92.6337417, 27.1518345 ], [ 92.6284873, 27.1503213 ], [ 92.6320412, 27.1479012 ], [ 92.6352974, 27.1500827 ], [ 92.6349943, 27.1512975 ], [ 92.6410508, 27.1516435 ], [ 92.6462435, 27.1556101 ], [ 92.6471716, 27.1540588 ], [ 92.65105, 27.1542688 ], [ 92.6593669, 27.1597912 ], [ 92.6633004, 27.1586206 ], [ 92.6639347, 27.1614379 ], [ 92.6653777, 27.1603425 ], [ 92.6683241, 27.161698 ], [ 92.6749157, 27.1686184 ], [ 92.6879705, 27.166015 ], [ 92.6886477, 27.1677141 ], [ 92.6926818, 27.1692747 ], [ 92.6899111, 27.1683512 ], [ 92.6967751, 27.175993 ], [ 92.6996743, 27.1764261 ] ] } },
{ "type": "Feature", "properties": { "highway": "primary" }, "geometry": { "type": "LineString", "coordinates": [ [ 92.5442671, 27.1312201 ], [ 92.5456115, 27.1331523 ], [ 92.5433377, 27.1376309 ] ] } },
{ "type": "Feature", "properties": { "highway": "primary" }, "geometry": { "type": "LineString", "coordinates": [ [ 92.5433377, 27.1376309 ], [ 92.5424284, 27.1387098 ], [ 92.552814, 27.1348428 ], [ 92.5552789, 27.1377263 ], [ 92.5587094, 27.1384878 ], [ 92.5538546, 27.1404414 ], [ 92.5539082, 27.142345 ], [ 92.5557844, 27.1431661 ], [ 92.5542972, 27.1447317 ], [ 92.554839, 27.1466794 ], [ 92.5574782, 27.1474062 ], [ 92.5576259, 27.1513596 ], [ 92.561668, 27.151973 ], [ 92.5604234, 27.1578463 ], [ 92.562156, 27.1596244 ], [ 92.567216, 27.1594883 ], [ 92.5678317, 27.1616217 ], [ 92.5714633, 27.1629963 ], [ 92.5782851, 27.1643073 ], [ 92.5762784, 27.1654229 ] ] } },
{ "type": "Feature", "properties": { "highway": "trunk" }, "geometry": { "type": "LineString", "coordinates": [ [ 92.5762784, 27.1654229 ], [ 92.5716142, 27.1649415 ], [ 92.5686553, 27.1666927 ], [ 92.5631868, 27.1633574 ], [ 92.5589298, 27.1631038 ], [ 92.5575085, 27.1606215 ], [ 92.5562909, 27.1612232 ], [ 92.5574427, 27.1627448 ], [ 92.5560569, 27.1632661 ], [ 92.5604644, 27.1657945 ] ] } },
{ "type": "Feature", "properties": { "highway": "trunk" }, "geometry": { "type": "LineString", "coordinates": [ [ 92.5783958, 27.1649202 ], [ 92.5762784, 27.1654229 ] ] } },
{ "type": "Feature", "properties": { "highway": "trunk" }, "geometry": { "type": "LineString", "coordinates": [ [ 92.5964208, 27.1784474 ], [ 92.5955965, 27.1742312 ], [ 92.5911264, 27.1718638 ], [ 92.5867894, 27.166066 ], [ 92.5851262, 27.1675041 ], [ 92.5783958, 27.1649202 ] ] } },
{ "type": "Feature", "properties": { "highway": "trunk" }, "geometry": { "type": "LineString", "coordinates": [ [ 92.5604644, 27.1657945 ], [ 92.5613864, 27.1672537 ], [ 92.5641689, 27.1669338 ], [ 92.5653668, 27.170616 ], [ 92.567644, 27.1721145 ], [ 92.571401, 27.1716345 ], [ 92.5711345, 27.1731962 ], [ 92.5734872, 27.1738767 ], [ 92.5717505, 27.1755148 ], [ 92.5797796, 27.1781385 ], [ 92.5818908, 27.1770938 ], [ 92.586574, 27.179921 ], [ 92.5844159, 27.1827779 ], [ 92.5806104, 27.1831509 ], [ 92.5834693, 27.1873745 ], [ 92.5805222, 27.1891782 ], [ 92.5826929, 27.1888271 ], [ 92.5807573, 27.1901491 ], [ 92.5809162, 27.191963 ], [ 92.5785057, 27.1923432 ], [ 92.577883, 27.1909741 ], [ 92.5750169, 27.1932589 ], [ 92.5685308, 27.1927511 ], [ 92.5678675, 27.2035907 ], [ 92.5658186, 27.2023514 ] ] } },
{ "type": "Feature", "properties": { "highway": "secondary" }, "geometry": { "type": "LineString", "coordinates": [ [ 92.3629323, 27.1882797 ], [ 92.3627559, 27.1856538 ], [ 92.3659317, 27.185074 ], [ 92.367999, 27.176703 ], [ 92.3746991, 27.1819165 ], [ 92.3761938, 27.1818697 ], [ 92.3748554, 27.1815834 ], [ 92.3741875, 27.1804357 ], [ 92.3784623, 27.1823579 ], [ 92.3803237, 27.1855908 ], [ 92.3827726, 27.1837751 ], [ 92.3843175, 27.1903625 ], [ 92.3865921, 27.1885016 ], [ 92.3848647, 27.1907443 ], [ 92.3856084, 27.1932073 ], [ 92.389409, 27.1946412 ], [ 92.3878017, 27.1949718 ], [ 92.3905108, 27.1944279 ], [ 92.3864499, 27.196439 ], [ 92.3909138, 27.1952161 ], [ 92.3900736, 27.1964557 ], [ 92.3913382, 27.1950428 ], [ 92.3907978, 27.1963054 ], [ 92.3921308, 27.1947142 ], [ 92.3905248, 27.1969958 ], [ 92.3889262, 27.1966523 ], [ 92.3876924, 27.1971939 ], [ 92.3901004, 27.197534 ] ] } },
{ "type": "Feature", "properties": { "highway": "secondary" }, "geometry": { "type": "LineString", "coordinates": [ [ 92.3901004, 27.197534 ], [ 92.3933546, 27.1950181 ], [ 92.3896766, 27.1917797 ], [ 92.3906556, 27.1891601 ], [ 92.3921342, 27.1890441 ], [ 92.3934216, 27.1875315 ], [ 92.3953334, 27.1872085 ], [ 92.3916266, 27.1895514 ], [ 92.3915944, 27.1912763 ], [ 92.3928684, 27.1920231 ], [ 92.3939608, 27.1918451 ], [ 92.3919645, 27.1911141 ], [ 92.3942799, 27.1885169 ], [ 92.3966289, 27.188764 ], [ 92.3966798, 27.1877262 ], [ 92.3971868, 27.1869484 ], [ 92.3973161, 27.1889332 ] ] } },
{ "type": "Feature", "properties": { "highway": "trunk" }, "geometry": { "type": "LineString", "coordinates": [ [ 92.6843617, 27.211133 ], [ 92.6827648, 27.213147 ], [ 92.6726433, 27.2116951 ], [ 92.6689313, 27.198455 ], [ 92.665296, 27.1996533 ], [ 92.6628061, 27.1932264 ], [ 92.657936, 27.1897812 ], [ 92.6517286, 27.1917695 ], [ 92.6502352, 27.1952378 ], [ 92.6426956, 27.1943938 ], [ 92.6415983, 27.1986287 ], [ 92.6386953, 27.1955591 ], [ 92.6349744, 27.1955057 ], [ 92.6341287, 27.1940565 ], [ 92.6280776, 27.1926537 ], [ 92.6267413, 27.1906375 ], [ 92.622901, 27.1924676 ], [ 92.620208, 27.1909311 ], [ 92.6175366, 27.1945861 ], [ 92.6130526, 27.196321 ], [ 92.6123232, 27.1931395 ], [ 92.6073048, 27.1915783 ], [ 92.6031991, 27.1845923 ], [ 92.6007666, 27.1866534 ], [ 92.5996506, 27.1818909 ], [ 92.5964208, 27.1784474 ] ] } },
{ "type": "Feature", "properties": { "highway": "secondary" }, "geometry": { "type": "LineString", "coordinates": [ [ 92.3973161, 27.1889332 ], [ 92.3952341, 27.190248 ], [ 92.3972411, 27.1939732 ], [ 92.3968113, 27.1975555 ], [ 92.398713, 27.1939102 ], [ 92.3974389, 27.2036149 ], [ 92.4004984, 27.2064266 ] ] } },
{ "type": "Feature", "properties": { "highway": "trunk" }, "geometry": { "type": "LineString", "coordinates": [ [ 92.5658186, 27.2023514 ], [ 92.5649055, 27.2033819 ] ] } },
{ "type": "Feature", "properties": { "highway": "secondary" }, "geometry": { "type": "LineString", "coordinates": [ [ 92.4780775, 27.2017426 ], [ 92.4877638, 27.2015315 ], [ 92.4849326, 27.2023378 ], [ 92.4861369, 27.2024642 ], [ 92.492351, 27.2000673 ], [ 92.4932999, 27.2052352 ] ] } },
{ "type": "Feature", "properties": { "highway": "secondary" }, "geometry": { "type": "LineString", "coordinates": [ [ 92.4927615, 27.2053484 ], [ 92.4923638, 27.2057547 ] ] } },
{ "type": "Feature", "properties": { "highway": "secondary" }, "geometry": { "type": "LineString", "coordinates": [ [ 92.1210584, 27.0763316 ], [ 92.1250069, 27.0749468 ], [ 92.1310446, 27.0656155 ], [ 92.1333834, 27.0646816 ], [ 92.1334264, 27.0617198 ], [ 92.1367764, 27.0577667 ], [ 92.1360227, 27.0553589 ], [ 92.1372995, 27.0540141 ], [ 92.1359879, 27.0522321 ], [ 92.141076, 27.0487564 ], [ 92.1331673, 27.0428177 ], [ 92.1316184, 27.0376621 ], [ 92.1280706, 27.0355022 ] ] } },
{ "type": "Feature", "properties": { "highway": "secondary" }, "geometry": { "type": "LineString", "coordinates": [ [ 92.1592427, 27.0983185 ], [ 92.1607931, 27.1017908 ], [ 92.1659268, 27.1013915 ], [ 92.1602673, 27.1030557 ], [ 92.1513141, 27.0954507 ], [ 92.1557004, 27.1033813 ], [ 92.1528618, 27.1016094 ], [ 92.1524916, 27.0991972 ], [ 92.1477602, 27.09802 ], [ 92.1435011, 27.0947875 ], [ 92.1336402, 27.095616 ], [ 92.1265853, 27.0939197 ], [ 92.1210614, 27.0966422 ], [ 92.1167163, 27.08785 ], [ 92.1181673, 27.0924802 ], [ 92.1165982, 27.0959975 ], [ 92.1176845, 27.0964512 ], [ 92.1180763, 27.0996837 ], [ 92.1169809, 27.0968292 ], [ 92.1152062, 27.09653 ], [ 92.1163248, 27.093042 ], [ 92.1105285, 27.08845 ], [ 92.1143827, 27.0943499 ], [ 92.1121325, 27.0970177 ], [ 92.1131945, 27.0990324 ], [ 92.111553, 27.0970195 ], [ 92.1129612, 27.0937195 ], [ 92.1071168, 27.0881539 ], [ 92.1080715, 27.0868685 ], [ 92.1065453, 27.0877163 ], [ 92.1102178, 27.0841987 ] ] } },
{ "type": "Feature", "properties": { "highway": "secondary" }, "geometry": { "type": "LineString", "coordinates": [ [ 92.2470716, 27.1177842 ], [ 92.245927, 27.1114967 ], [ 92.2419456, 27.1071395 ], [ 92.2422222, 27.1038077 ], [ 92.2381371, 27.1029291 ], [ 92.2355441, 27.0982119 ], [ 92.2327461, 27.0979155 ], [ 92.2276337, 27.1003337 ], [ 92.2308979, 27.0970816 ], [ 92.2221405, 27.096499 ], [ 92.2229639, 27.0958208 ], [ 92.2206519, 27.0949493 ], [ 92.2164918, 27.0955916 ], [ 92.2084049, 27.0900278 ], [ 92.2007552, 27.0875157 ], [ 92.1971477, 27.0875563 ], [ 92.1941087, 27.0914797 ], [ 92.1907506, 27.0896219 ], [ 92.1864161, 27.092294 ], [ 92.1854452, 27.0897245 ], [ 92.1848256, 27.0926235 ], [ 92.1826396, 27.0917567 ], [ 92.1823606, 27.0933709 ], [ 92.1816955, 27.0913842 ], [ 92.1789837, 27.093359 ], [ 92.1756767, 27.0904033 ], [ 92.1676086, 27.0925596 ], [ 92.1718921, 27.0944198 ], [ 92.1730829, 27.0969049 ], [ 92.1626223, 27.0972869 ], [ 92.1576682, 27.094338 ], [ 92.1592427, 27.0983185 ] ] } },
{ "type": "Feature", "properties": { "highway": "secondary" }, "geometry": { "type": "LineString", "coordinates": [ [ 92.2481578, 27.1177698 ], [ 92.2470716, 27.1177842 ] ] } },
{ "type": "Feature", "properties": { "highway": "secondary" }, "geometry": { "type": "LineString", "coordinates": [ [ 92.2481578, 27.1177698 ], [ 92.2570816, 27.1216649 ], [ 92.2629312, 27.1317088 ] ] } },
{ "type": "Feature", "properties": { "highway": "secondary" }, "geometry": { "type": "LineString", "coordinates": [ [ 92.2629312, 27.1317088 ], [ 92.2661294, 27.1392216 ], [ 92.2701714, 27.1425727 ], [ 92.2719169, 27.1480136 ], [ 92.275045, 27.1489048 ], [ 92.2747413, 27.1519826 ], [ 92.2784668, 27.1525363 ], [ 92.277689, 27.1545602 ], [ 92.2810418, 27.155331 ], [ 92.2820509, 27.1603054 ], [ 92.2877848, 27.1613378 ], [ 92.2889362, 27.1642836 ], [ 92.2876997, 27.1658061 ], [ 92.2893647, 27.1675519 ], [ 92.2946278, 27.169438 ], [ 92.2981952, 27.1743202 ], [ 92.2975166, 27.177916 ], [ 92.3072986, 27.1834826 ], [ 92.3100505, 27.1821393 ], [ 92.3144091, 27.1841149 ], [ 92.319449, 27.1834707 ], [ 92.3242823, 27.188097 ], [ 92.3280003, 27.1871385 ], [ 92.3311304, 27.1893454 ], [ 92.3322049, 27.188597 ] ] } },
{ "type": "Feature", "properties": { "highway": "secondary" }, "geometry": { "type": "LineString", "coordinates": [ [ 92.3322049, 27.188597 ], [ 92.3324275, 27.1882988 ] ] } },
{ "type": "Feature", "properties": { "highway": "secondary" }, "geometry": { "type": "LineString", "coordinates": [ [ 92.3324275, 27.1882988 ], [ 92.3377229, 27.1911771 ] ] } },
{ "type": "Feature", "properties": { "highway": "secondary" }, "geometry": { "type": "LineString", "coordinates": [ [ 92.3377229, 27.1911771 ], [ 92.3400108, 27.1945362 ], [ 92.337975, 27.1903659 ], [ 92.3387495, 27.1900452 ], [ 92.3409543, 27.1944112 ], [ 92.345675, 27.1973217 ], [ 92.3421774, 27.193581 ], [ 92.3413492, 27.1915349 ], [ 92.3414773, 27.1910807 ], [ 92.35128, 27.2004469 ], [ 92.3528981, 27.1986529 ], [ 92.3622269, 27.1960239 ], [ 92.3602367, 27.1913741 ], [ 92.3629323, 27.1882797 ] ] } },
{ "type": "Feature", "properties": { "highway": "trunk" }, "geometry": { "type": "LineString", "coordinates": [ [ 92.2726783, 27.3433118 ], [ 92.2773074, 27.3382573 ], [ 92.283132, 27.3397269 ], [ 92.2934314, 27.3387053 ], [ 92.30209, 27.3409112 ], [ 92.3143344, 27.3395826 ], [ 92.3303749, 27.334489 ], [ 92.3422676, 27.3347428 ], [ 92.3499299, 27.330373 ], [ 92.3496199, 27.3243461 ], [ 92.3531632, 27.3290824 ], [ 92.3585647, 27.3295286 ], [ 92.3600642, 27.3282033 ], [ 92.3622216, 27.3290546 ], [ 92.3713278, 27.327138 ], [ 92.3737752, 27.3255182 ], [ 92.3727289, 27.3199085 ], [ 92.3745496, 27.3154536 ], [ 92.3691992, 27.311565 ], [ 92.3737985, 27.3086697 ], [ 92.3821784, 27.3105358 ], [ 92.3836123, 27.3087518 ], [ 92.3794795, 27.3057496 ], [ 92.3876501, 27.3072826 ], [ 92.3918043, 27.304903 ], [ 92.3935706, 27.3028318 ], [ 92.3898788, 27.2973163 ], [ 92.3919175, 27.2918066 ], [ 92.3937855, 27.2903194 ], [ 92.3955262, 27.2956784 ], [ 92.3950611, 27.2937186 ], [ 92.3953834, 27.292791 ], [ 92.3949732, 27.2906167 ], [ 92.3952919, 27.2895503 ], [ 92.3962429, 27.293416 ], [ 92.3991552, 27.2966062 ], [ 92.3975644, 27.2906384 ] ] } },
{ "type": "Feature", "properties": { "highway": "secondary" }, "geometry": { "type": "LineString", "coordinates": [ [ 92.4932999, 27.2052352 ], [ 92.4927615, 27.2053484 ] ] } },
{ "type": "Feature", "properties": { "highway": "trunk" }, "geometry": { "type": "LineString", "coordinates": [ [ 92.5538357, 27.2091652 ], [ 92.5492765, 27.2037458 ], [ 92.5434432, 27.2041621 ], [ 92.5406619, 27.2076419 ], [ 92.5374168, 27.2066562 ], [ 92.535106, 27.202029 ], [ 92.5309394, 27.2018526 ], [ 92.5295534, 27.2035176 ] ] } },
{ "type": "Feature", "properties": { "highway": "trunk" }, "geometry": { "type": "LineString", "coordinates": [ [ 92.5649055, 27.2033819 ], [ 92.5658399, 27.2043707 ], [ 92.5627703, 27.2038037 ], [ 92.5614878, 27.206016 ], [ 92.5540666, 27.2092605 ] ] } },
{ "type": "Feature", "properties": { "highway": "secondary" }, "geometry": { "type": "LineString", "coordinates": [ [ 92.4620486, 27.2117145 ], [ 92.4673449, 27.2094299 ], [ 92.4696113, 27.2099472 ], [ 92.4697319, 27.205815 ], [ 92.4685083, 27.2070831 ], [ 92.4686572, 27.2083133 ], [ 92.4681678, 27.209433 ], [ 92.4679762, 27.2093952 ], [ 92.4689161, 27.2046447 ], [ 92.4835892, 27.2048371 ], [ 92.4766091, 27.2026826 ], [ 92.4780775, 27.2017426 ] ] } },
{ "type": "Feature", "properties": { "highway": "secondary" }, "geometry": { "type": "LineString", "coordinates": [ [ 92.405275, 27.2096098 ], [ 92.4004984, 27.2064266 ] ] } },
{ "type": "Feature", "properties": { "highway": "secondary" }, "geometry": { "type": "LineString", "coordinates": [ [ 92.3855407, 27.2057042 ], [ 92.3807474, 27.206988 ], [ 92.3781752, 27.2054565 ], [ 92.3745917, 27.2059718 ], [ 92.367846, 27.2109096 ] ] } },
{ "type": "Feature", "properties": { "highway": "trunk" }, "geometry": { "type": "LineString", "coordinates": [ [ 92.5540666, 27.2092605 ], [ 92.5538357, 27.2091652 ] ] } },
{ "type": "Feature", "properties": { "highway": "secondary" }, "geometry": { "type": "LineString", "coordinates": [ [ 92.405311, 27.2100911 ], [ 92.405275, 27.2096098 ] ] } },
{ "type": "Feature", "properties": { "highway": "secondary" }, "geometry": { "type": "LineString", "coordinates": [ [ 92.4053809, 27.2106353 ], [ 92.405311, 27.2100911 ] ] } },
{ "type": "Feature", "properties": { "highway": "secondary" }, "geometry": { "type": "LineString", "coordinates": [ [ 92.4114367, 27.2168134 ], [ 92.4143813, 27.2126243 ], [ 92.4133432, 27.2104591 ], [ 92.4091892, 27.2101114 ], [ 92.407623, 27.2081872 ], [ 92.4065016, 27.2105674 ], [ 92.4024412, 27.2107784 ], [ 92.3997858, 27.2091015 ], [ 92.3966852, 27.21007 ], [ 92.3904437, 27.2057595 ], [ 92.3855407, 27.2057042 ] ] } },
{ "type": "Feature", "properties": { "highway": "secondary" }, "geometry": { "type": "LineString", "coordinates": [ [ 91.8258244, 27.5589756 ], [ 91.8276653, 27.5598021 ], [ 91.8309402, 27.5583373 ], [ 91.8390164, 27.5622394 ], [ 91.8516925, 27.5591196 ], [ 91.8546268, 27.562042 ], [ 91.8524596, 27.5628933 ], [ 91.8499303, 27.5699218 ], [ 91.8509603, 27.573527 ] ] } },
{ "type": "Feature", "properties": { "highway": "secondary" }, "geometry": { "type": "LineString", "coordinates": [ [ 91.8512439, 27.5734747 ], [ 91.8510745, 27.571776 ], [ 91.8562329, 27.5707579 ], [ 91.8632506, 27.5653456 ], [ 91.867032, 27.5686649 ], [ 91.8774653, 27.5633587 ], [ 91.8779124, 27.5649156 ], [ 91.8771295, 27.5664704 ], [ 91.8768822, 27.5644584 ], [ 91.8734601, 27.5723285 ] ] } },
{ "type": "Feature", "properties": { "highway": "secondary" }, "geometry": { "type": "LineString", "coordinates": [ [ 91.7936175, 27.5576313 ], [ 91.7938802, 27.5634758 ], [ 91.7915089, 27.56249 ], [ 91.7888778, 27.5638301 ], [ 91.7939848, 27.5675727 ], [ 91.7955458, 27.5672208 ], [ 91.7966099, 27.5692785 ], [ 91.7926598, 27.5728415 ], [ 91.7940947, 27.5801166 ], [ 91.7959696, 27.5759846 ], [ 91.8024069, 27.572442 ], [ 91.8072939, 27.5645625 ], [ 91.8118161, 27.56704 ], [ 91.8191406, 27.5650236 ], [ 91.819396, 27.563716 ], [ 91.8221436, 27.5644206 ], [ 91.8258244, 27.5589756 ] ] } },
{ "type": "Feature", "properties": { "highway": "secondary" }, "geometry": { "type": "LineString", "coordinates": [ [ 91.8734601, 27.5723285 ], [ 91.8734577, 27.5726831 ] ] } },
{ "type": "Feature", "properties": { "highway": "secondary" }, "geometry": { "type": "LineString", "coordinates": [ [ 91.8509603, 27.573527 ], [ 91.8512439, 27.5734747 ] ] } },
{ "type": "Feature", "properties": { "highway": "secondary" }, "geometry": { "type": "LineString", "coordinates": [ [ 91.8734577, 27.5726831 ], [ 91.8759081, 27.5734602 ], [ 91.8774417, 27.5770616 ], [ 91.8803197, 27.5790469 ] ] } },
{ "type": "Feature", "properties": { "highway": "trunk" }, "geometry": { "type": "LineString", "coordinates": [ [ 91.8666568, 27.577083 ], [ 91.8694238, 27.5742523 ], [ 91.873877, 27.5756424 ], [ 91.877551, 27.5791236 ], [ 91.8803197, 27.5790469 ] ] } },
{ "type": "Feature", "properties": { "highway": "trunk" }, "geometry": { "type": "LineString", "coordinates": [ [ 91.8646486, 27.5796875 ], [ 91.8644907, 27.576661 ], [ 91.8664145, 27.5740629 ], [ 91.866548, 27.5770674 ] ] } },
{ "type": "Feature", "properties": { "highway": "trunk" }, "geometry": { "type": "LineString", "coordinates": [ [ 91.866548, 27.5770674 ], [ 91.8666568, 27.577083 ] ] } },
{ "type": "Feature", "properties": { "highway": "secondary" }, "geometry": { "type": "LineString", "coordinates": [ [ 91.7202184, 27.537693 ], [ 91.7271655, 27.5393507 ], [ 91.7335164, 27.5452031 ], [ 91.7411854, 27.5470014 ], [ 91.7475309, 27.5459998 ], [ 91.7526674, 27.5494884 ], [ 91.7535793, 27.5530008 ], [ 91.7565968, 27.5550483 ], [ 91.7612429, 27.5543449 ], [ 91.7627798, 27.5516434 ], [ 91.7648988, 27.5521381 ], [ 91.7658563, 27.5489372 ], [ 91.7718001, 27.5454794 ], [ 91.7719342, 27.5415435 ], [ 91.7770621, 27.5395643 ], [ 91.7773249, 27.5464064 ], [ 91.784951, 27.5470323 ], [ 91.7886766, 27.5458028 ], [ 91.7909264, 27.5501163 ], [ 91.7966588, 27.5482499 ], [ 91.7980638, 27.5507227 ], [ 91.8016182, 27.552207 ], [ 91.7975815, 27.552062 ], [ 91.7936175, 27.5576313 ] ] } },
{ "type": "Feature", "properties": { "highway": "primary" }, "geometry": { "type": "LineString", "coordinates": [ [ 92.131943, 26.9352544 ], [ 92.1294789, 26.9326771 ] ] } },
{ "type": "Feature", "properties": { "highway": "secondary" }, "geometry": { "type": "LineString", "coordinates": [ [ 92.1280706, 27.0355022 ], [ 92.128011, 27.0352061 ] ] } },
{ "type": "Feature", "properties": { "highway": "secondary" }, "geometry": { "type": "LineString", "coordinates": [ [ 92.1209493, 27.0764925 ], [ 92.1210584, 27.0763316 ] ] } },
{ "type": "Feature", "properties": { "highway": "secondary" }, "geometry": { "type": "LineString", "coordinates": [ [ 92.1102416, 27.0835879 ], [ 92.1209493, 27.0764925 ] ] } },
{ "type": "Feature", "properties": { "highway": "secondary" }, "geometry": { "type": "LineString", "coordinates": [ [ 92.1102178, 27.0841987 ], [ 92.1102416, 27.0835879 ] ] } },
{ "type": "Feature", "properties": { "highway": "trunk" }, "geometry": { "type": "LineString", "coordinates": [ [ 92.1240248, 27.4303176 ], [ 92.1235756, 27.4297882 ] ] } },
{ "type": "Feature", "properties": { "highway": "trunk" }, "geometry": { "type": "LineString", "coordinates": [ [ 92.1061538, 27.484217 ], [ 92.1113739, 27.4761778 ], [ 92.1167752, 27.4728054 ], [ 92.111469, 27.475225 ], [ 92.109894, 27.4750274 ], [ 92.1169006, 27.4713942 ], [ 92.1104945, 27.4742474 ], [ 92.109693, 27.4637536 ], [ 92.1101555, 27.4625393 ], [ 92.1110712, 27.4631461 ], [ 92.112175, 27.4630963 ], [ 92.1100512, 27.4617912 ], [ 92.1081744, 27.464052 ], [ 92.1103632, 27.4608998 ], [ 92.1059621, 27.4634732 ], [ 92.1098082, 27.4591609 ], [ 92.1042252, 27.4609007 ], [ 92.1095894, 27.457627 ], [ 92.1118909, 27.457809 ], [ 92.1131732, 27.4573347 ], [ 92.1097851, 27.4571966 ], [ 92.1027601, 27.459122 ], [ 92.1119248, 27.4555762 ], [ 92.1131167, 27.4545864 ], [ 92.1040433, 27.4568176 ], [ 92.101338, 27.4567479 ], [ 92.114598, 27.45269 ], [ 92.1184221, 27.4492189 ], [ 92.1204922, 27.4452812 ], [ 92.1148816, 27.451078 ], [ 92.107485, 27.4517243 ], [ 92.1139728, 27.4498586 ], [ 92.1168977, 27.446444 ], [ 92.1199374, 27.4423047 ], [ 92.1195554, 27.4410923 ], [ 92.1158847, 27.4460604 ], [ 92.1116332, 27.4482868 ], [ 92.1089034, 27.447997 ], [ 92.114671, 27.4459994 ], [ 92.1172959, 27.4421053 ], [ 92.1171802, 27.4408212 ], [ 92.1137232, 27.4452677 ], [ 92.1107838, 27.4459333 ], [ 92.1133215, 27.4449003 ], [ 92.1151078, 27.4401547 ], [ 92.1182531, 27.4388645 ], [ 92.1215238, 27.4333041 ], [ 92.1257982, 27.4348081 ], [ 92.1214249, 27.4324804 ], [ 92.1175365, 27.4374836 ], [ 92.112402, 27.4395131 ], [ 92.1159589, 27.4373196 ], [ 92.1197019, 27.4312902 ], [ 92.1251113, 27.4311062 ], [ 92.1240248, 27.4303176 ] ] } },
{ "type": "Feature", "properties": { "highway": "trunk" }, "geometry": { "type": "LineString", "coordinates": [ [ 92.1061538, 27.484217 ], [ 92.0989376, 27.488508 ], [ 92.094341, 27.4958101 ], [ 92.0963457, 27.4928554 ], [ 92.0994542, 27.4899296 ], [ 92.1001748, 27.4901268 ], [ 92.0944943, 27.4984467 ], [ 92.0928998, 27.4982648 ], [ 92.0944637, 27.4990179 ], [ 92.1009452, 27.4921754 ], [ 92.0951613, 27.5008301 ], [ 92.0928369, 27.5004623 ] ] } },
{ "type": "Feature", "properties": { "highway": "secondary" }, "geometry": { "type": "LineString", "coordinates": [ [ 92.0990401, 27.5144686 ], [ 92.0977718, 27.5124869 ], [ 92.1007623, 27.512191 ], [ 92.1065795, 27.506597 ], [ 92.1044232, 27.5051329 ], [ 92.1039521, 27.5011083 ], [ 92.1057498, 27.4985287 ], [ 92.1048077, 27.4931661 ], [ 92.1028113, 27.4942969 ], [ 92.1046306, 27.4927291 ], [ 92.1055424, 27.4930204 ], [ 92.1052615, 27.4948681 ], [ 92.1061357, 27.4922695 ], [ 92.1056677, 27.4953549 ], [ 92.1073573, 27.4906285 ], [ 92.1070397, 27.4931623 ], [ 92.1080681, 27.4921656 ], [ 92.1070159, 27.4897104 ], [ 92.1081524, 27.4894861 ], [ 92.1083361, 27.4913702 ], [ 92.1085392, 27.49156 ], [ 92.1087509, 27.4878857 ], [ 92.1056954, 27.4895661 ], [ 92.11038, 27.4855185 ], [ 92.1107668, 27.4874065 ], [ 92.1110001, 27.4873816 ], [ 92.1106303, 27.4844994 ], [ 92.1086882, 27.4860916 ], [ 92.1114244, 27.4831483 ], [ 92.1117434, 27.4844161 ], [ 92.1131934, 27.4810942 ], [ 92.107958, 27.4848151 ], [ 92.1135811, 27.4780017 ], [ 92.1061538, 27.484217 ] ] } },
{ "type": "Feature", "properties": { "highway": "trunk" }, "geometry": { "type": "LineString", "coordinates": [ [ 92.083387, 27.5000931 ], [ 92.0816744, 27.500932 ], [ 92.0785756, 27.4985475 ], [ 92.0782004, 27.500748 ], [ 92.0756827, 27.5015544 ] ] } },
{ "type": "Feature", "properties": { "highway": "trunk" }, "geometry": { "type": "LineString", "coordinates": [ [ 92.5295534, 27.2035176 ], [ 92.5250215, 27.2095535 ], [ 92.5169302, 27.2065781 ], [ 92.5149599, 27.2070619 ], [ 92.5129953, 27.2110592 ], [ 92.507039, 27.2106292 ], [ 92.5018851, 27.2175637 ], [ 92.497225, 27.2200794 ], [ 92.4928941, 27.2178199 ], [ 92.4941051, 27.2089767 ], [ 92.4916001, 27.2041077 ], [ 92.4877577, 27.2046285 ], [ 92.4865712, 27.20728 ], [ 92.4748755, 27.2079273 ], [ 92.471635, 27.212361 ], [ 92.4674925, 27.2111113 ] ] } },
{ "type": "Feature", "properties": { "highway": "secondary" }, "geometry": { "type": "LineString", "coordinates": [ [ 92.4614039, 27.21268 ], [ 92.4620486, 27.2117145 ] ] } },
{ "type": "Feature", "properties": { "highway": "secondary" }, "geometry": { "type": "LineString", "coordinates": [ [ 92.4613166, 27.2128706 ], [ 92.4614039, 27.21268 ] ] } },
{ "type": "Feature", "properties": { "highway": "trunk" }, "geometry": { "type": "LineString", "coordinates": [ [ 92.4674925, 27.2111113 ], [ 92.462761, 27.2132033 ], [ 92.4571942, 27.2116852 ], [ 92.4526257, 27.215138 ], [ 92.4434526, 27.2138523 ], [ 92.4302044, 27.2188968 ], [ 92.4209379, 27.2175473 ], [ 92.4158184, 27.2134221 ], [ 92.4141163, 27.2145472 ] ] } },
{ "type": "Feature", "properties": { "highway": "secondary" }, "geometry": { "type": "LineString", "coordinates": [ [ 92.4115031, 27.2174911 ], [ 92.4114367, 27.2168134 ] ] } },
{ "type": "Feature", "properties": { "highway": "secondary" }, "geometry": { "type": "LineString", "coordinates": [ [ 92.4115063, 27.2175452 ], [ 92.4115031, 27.2174911 ] ] } },
{ "type": "Feature", "properties": { "highway": "trunk" }, "geometry": { "type": "LineString", "coordinates": [ [ 92.4141163, 27.2145472 ], [ 92.4068397, 27.2231952 ], [ 92.4072511, 27.2269465 ], [ 92.4075748, 27.2236993 ], [ 92.4082311, 27.2232664 ], [ 92.4082593, 27.2264449 ], [ 92.4119641, 27.2293207 ], [ 92.4111576, 27.2302812 ], [ 92.4115306, 27.2340116 ], [ 92.4109455, 27.235466 ], [ 92.411157, 27.2361869 ], [ 92.4126658, 27.2300434 ], [ 92.4134977, 27.2310527 ], [ 92.4128702, 27.2354409 ], [ 92.413674, 27.2341934 ], [ 92.4159019, 27.2384436 ], [ 92.4138996, 27.2388887 ], [ 92.4156974, 27.2415966 ], [ 92.4135541, 27.2444926 ], [ 92.4167902, 27.2442293 ], [ 92.4157327, 27.2455331 ], [ 92.4179817, 27.2484916 ], [ 92.417876, 27.2517509 ], [ 92.415838, 27.254392 ], [ 92.417073, 27.256593 ], [ 92.41356, 27.257385 ], [ 92.4132612, 27.2600421 ], [ 92.414735, 27.258137 ], [ 92.41414, 27.261432 ] ] } },
{ "type": "Feature", "properties": { "highway": "trunk" }, "geometry": { "type": "LineString", "coordinates": [ [ 92.41414, 27.261432 ], [ 92.416475, 27.258322 ], [ 92.41712, 27.261248 ], [ 92.417193, 27.260202 ], [ 92.41811, 27.260337 ], [ 92.41782, 27.263577 ], [ 92.4159724, 27.2651986 ] ] } },
{ "type": "Feature", "properties": { "highway": "trunk" }, "geometry": { "type": "LineString", "coordinates": [ [ 92.4159724, 27.2651986 ], [ 92.419108, 27.2642568 ], [ 92.4191819, 27.261405 ], [ 92.4229674, 27.2608296 ], [ 92.4238568, 27.2623138 ], [ 92.4224099, 27.2670206 ], [ 92.4260652, 27.2645196 ] ] } },
{ "type": "Feature", "properties": { "highway": "trunk" }, "geometry": { "type": "LineString", "coordinates": [ [ 92.4262026, 27.2760934 ], [ 92.4286087, 27.2732597 ], [ 92.425708, 27.2708104 ], [ 92.4268913, 27.2677955 ], [ 92.4260652, 27.2645196 ] ] } },
{ "type": "Feature", "properties": { "highway": "trunk" }, "geometry": { "type": "LineString", "coordinates": [ [ 92.4173973, 27.3054535 ], [ 92.4231867, 27.3005811 ], [ 92.4240529, 27.2961585 ], [ 92.4278348, 27.2938321 ], [ 92.4303947, 27.2946706 ], [ 92.4255339, 27.2897873 ], [ 92.4271271, 27.2888663 ], [ 92.4253909, 27.286117 ], [ 92.4265471, 27.2840035 ], [ 92.4244937, 27.2816355 ], [ 92.4255726, 27.2802573 ], [ 92.4269261, 27.2810547 ], [ 92.4270796, 27.2783367 ], [ 92.424955, 27.2772504 ], [ 92.4262026, 27.2760934 ] ] } },
{ "type": "Feature", "properties": { "highway": "trunk" }, "geometry": { "type": "LineString", "coordinates": [ [ 92.3975644, 27.2906384 ], [ 92.4014866, 27.296472 ], [ 92.4068285, 27.2993561 ], [ 92.4060573, 27.3007532 ], [ 92.409797, 27.3069136 ], [ 92.4141081, 27.3085879 ] ] } },
{ "type": "Feature", "properties": { "highway": "trunk" }, "geometry": { "type": "LineString", "coordinates": [ [ 92.4141081, 27.3085879 ], [ 92.4168327, 27.3091171 ], [ 92.4173973, 27.3054535 ] ] } },
{ "type": "Feature", "properties": { "highway": "trunk" }, "geometry": { "type": "LineString", "coordinates": [ [ 92.3938634, 27.2912123 ], [ 92.3936006, 27.2978724 ], [ 92.3947459, 27.2996194 ], [ 92.3972999, 27.2993663 ], [ 92.3964599, 27.3013284 ], [ 92.4005342, 27.3048081 ], [ 92.3977447, 27.3062453 ], [ 92.394349, 27.313314 ], [ 92.4182957, 27.3209613 ], [ 92.4224934, 27.3240783 ], [ 92.4240223, 27.3226151 ], [ 92.425468, 27.3239615 ], [ 92.4326134, 27.3224221 ], [ 92.4363359, 27.326047 ], [ 92.4374293, 27.3254854 ], [ 92.4399573, 27.3293921 ], [ 92.4436426, 27.3293444 ], [ 92.4434924, 27.3305477 ], [ 92.4375379, 27.3324016 ] ] } },
{ "type": "Feature", "properties": { "highway": "secondary" }, "geometry": { "type": "LineString", "coordinates": [ [ 92.4368995, 27.3255032 ], [ 92.4380563, 27.3238163 ], [ 92.4412236, 27.3240593 ], [ 92.4454917, 27.3213868 ], [ 92.447039, 27.3225462 ], [ 92.4563887, 27.3213898 ], [ 92.4548102, 27.3203657 ] ] } },
{ "type": "Feature", "properties": { "highway": "secondary" }, "geometry": { "type": "LineString", "coordinates": [ [ 92.4373322, 27.3254728 ], [ 92.43715, 27.3247344 ] ] } },
{ "type": "Feature", "properties": { "highway": "trunk" }, "geometry": { "type": "LineString", "coordinates": [ [ 92.4375379, 27.3324016 ], [ 92.437562, 27.3328924 ] ] } },
{ "type": "Feature", "properties": { "highway": "trunk" }, "geometry": { "type": "LineString", "coordinates": [ [ 92.437562, 27.3328924 ], [ 92.4416189, 27.3321275 ], [ 92.4452654, 27.3346175 ], [ 92.4479932, 27.3302547 ], [ 92.4504501, 27.329435 ], [ 92.4494268, 27.3283867 ], [ 92.4515203, 27.3294874 ], [ 92.4502435, 27.3284175 ], [ 92.4510053, 27.3279552 ], [ 92.4535185, 27.3306049 ], [ 92.4537572, 27.3293206 ], [ 92.4548194, 27.32913 ], [ 92.4540067, 27.3302737 ], [ 92.4556106, 27.3300474 ], [ 92.4567908, 27.333805 ], [ 92.4652934, 27.3382963 ], [ 92.4673373, 27.3355102 ], [ 92.466466, 27.3344922 ], [ 92.469265, 27.3351794 ], [ 92.4668277, 27.337024 ], [ 92.4682626, 27.3360638 ], [ 92.4732918, 27.3352346 ], [ 92.4688742, 27.3372718 ], [ 92.4731845, 27.3414461 ], [ 92.4721467, 27.3518365 ], [ 92.4763405, 27.3553693 ] ] } },
{ "type": "Feature", "properties": { "highway": "secondary" }, "geometry": { "type": "LineString", "coordinates": [ [ 92.4917053, 27.3559745 ], [ 92.494161, 27.3558326 ], [ 92.4946839, 27.3529126 ], [ 92.4979328, 27.3501514 ], [ 92.5003765, 27.350533 ], [ 92.5011378, 27.3460148 ], [ 92.5038211, 27.3491169 ], [ 92.5060231, 27.3474127 ], [ 92.5090205, 27.348847 ], [ 92.5114348, 27.3476162 ], [ 92.5108298, 27.3467274 ], [ 92.5151723, 27.3485256 ], [ 92.512885, 27.3467577 ], [ 92.5140922, 27.3471987 ], [ 92.5129055, 27.3445502 ], [ 92.5116445, 27.3450034 ], [ 92.5112635, 27.3419831 ], [ 92.5123275, 27.3423253 ] ] } },
{ "type": "Feature", "properties": { "highway": "trunk" }, "geometry": { "type": "LineString", "coordinates": [ [ 92.4763405, 27.3553693 ], [ 92.4780964, 27.3581233 ], [ 92.480482, 27.3580507 ], [ 92.4835823, 27.3549169 ], [ 92.4917053, 27.3559745 ] ] } },
{ "type": "Feature", "properties": { "highway": "trunk" }, "geometry": { "type": "LineString", "coordinates": [ [ 92.0928369, 27.5004623 ], [ 92.083387, 27.5000931 ] ] } },
{ "type": "Feature", "properties": { "highway": "trunk" }, "geometry": { "type": "LineString", "coordinates": [ [ 92.076789, 27.5156992 ], [ 92.0756827, 27.5015544 ] ] } },
{ "type": "Feature", "properties": { "highway": "trunk" }, "geometry": { "type": "LineString", "coordinates": [ [ 92.0780949, 27.5172667 ], [ 92.0752043, 27.5171612 ], [ 92.076789, 27.5156992 ] ] } },
{ "type": "Feature", "properties": { "highway": "secondary" }, "geometry": { "type": "LineString", "coordinates": [ [ 92.0782718, 27.5177944 ], [ 92.0827313, 27.5157898 ], [ 92.0899848, 27.5152506 ] ] } },
{ "type": "Feature", "properties": { "highway": "secondary" }, "geometry": { "type": "LineString", "coordinates": [ [ 92.0899848, 27.5152506 ], [ 92.0954699, 27.5157884 ], [ 92.0922124, 27.5169155 ], [ 92.1010006, 27.5191273 ], [ 92.1019662, 27.5178764 ], [ 92.0990401, 27.5144686 ] ] } },
{ "type": "Feature", "properties": { "highway": "trunk" }, "geometry": { "type": "LineString", "coordinates": [ [ 92.0781584, 27.5173516 ], [ 92.0780949, 27.5172667 ] ] } },
{ "type": "Feature", "properties": { "highway": "trunk" }, "geometry": { "type": "LineString", "coordinates": [ [ 92.0782718, 27.5177944 ], [ 92.0781584, 27.5173516 ] ] } },
{ "type": "Feature", "properties": { "highway": "trunk" }, "geometry": { "type": "LineString", "coordinates": [ [ 92.0654499, 27.5268283 ], [ 92.0782718, 27.5177944 ] ] } },
{ "type": "Feature", "properties": { "highway": "trunk" }, "geometry": { "type": "LineString", "coordinates": [ [ 92.0103906, 27.5555044 ], [ 92.0144763, 27.5543782 ], [ 92.0139016, 27.5559659 ], [ 92.0363023, 27.5429757 ], [ 92.0377374, 27.5427166 ], [ 92.03504, 27.5447538 ], [ 92.0420018, 27.5429738 ], [ 92.0511106, 27.5366351 ], [ 92.0549044, 27.5316075 ], [ 92.0545262, 27.5325803 ], [ 92.0654499, 27.5268283 ] ] } },
{ "type": "Feature", "properties": { "highway": "trunk" }, "geometry": { "type": "LineString", "coordinates": [ [ 92.0103651, 27.5548366 ], [ 92.0103906, 27.5555044 ] ] } },
{ "type": "Feature", "properties": { "highway": "trunk" }, "geometry": { "type": "LineString", "coordinates": [ [ 91.9893328, 27.576197 ], [ 91.9855949, 27.5730688 ], [ 91.9892039, 27.5745381 ], [ 91.9910435, 27.5739633 ], [ 91.992137, 27.5747372 ], [ 91.9942081, 27.5745085 ], [ 91.9840319, 27.5694278 ], [ 91.9932978, 27.5715218 ], [ 91.9959974, 27.5705608 ], [ 91.9969898, 27.5698037 ], [ 91.9940713, 27.5703989 ], [ 91.9845678, 27.5666231 ], [ 91.9944235, 27.568154 ], [ 91.9971577, 27.5651437 ], [ 91.9927489, 27.5669467 ], [ 91.9875998, 27.5645529 ], [ 91.9874568, 27.5636795 ], [ 91.9898669, 27.5650666 ], [ 91.9932086, 27.565189 ], [ 91.9932393, 27.5649961 ], [ 91.9900663, 27.5644694 ], [ 91.9889589, 27.5639699 ], [ 91.9926647, 27.5645795 ], [ 91.9936047, 27.564216 ], [ 91.9895861, 27.562345 ], [ 91.9935085, 27.5628201 ], [ 91.9986037, 27.5607446 ], [ 91.9959757, 27.5611076 ], [ 92.0005358, 27.556915 ], [ 92.0103651, 27.5548366 ] ] } },
{ "type": "Feature", "properties": { "highway": "trunk" }, "geometry": { "type": "LineString", "coordinates": [ [ 91.9709269, 27.58378 ], [ 91.9694029, 27.5819407 ], [ 91.9712377, 27.5818401 ], [ 91.9722122, 27.5837532 ], [ 91.9720967, 27.5822554 ], [ 91.9725746, 27.5841851 ], [ 91.9723986, 27.5821124 ], [ 91.9726537, 27.5816869 ], [ 91.9732587, 27.5843845 ], [ 91.9748227, 27.5855095 ], [ 91.9742188, 27.580227 ], [ 91.9692058, 27.5797561 ], [ 91.9757702, 27.5791348 ], [ 91.9770277, 27.582014 ], [ 91.9770195, 27.5780934 ], [ 91.9716772, 27.5769113 ], [ 91.9784448, 27.5768722 ], [ 91.9808302, 27.5819441 ], [ 91.9849302, 27.5802356 ], [ 91.9866884, 27.5828302 ], [ 91.9891698, 27.5808143 ], [ 91.9864585, 27.5817114 ], [ 91.9858921, 27.5786141 ], [ 91.9834682, 27.577706 ], [ 91.9824144, 27.5751587 ], [ 91.9843638, 27.5771459 ], [ 91.9871262, 27.5771433 ], [ 91.9874509, 27.5786742 ], [ 91.9936825, 27.5768339 ], [ 91.9893328, 27.576197 ] ] } },
{ "type": "Feature", "properties": { "highway": "trunk" }, "geometry": { "type": "LineString", "coordinates": [ [ 91.8953317, 27.5953655 ], [ 91.8960043, 27.5925879 ], [ 91.8985755, 27.59249 ], [ 91.9026982, 27.5892491 ], [ 91.9021714, 27.5842853 ], [ 91.9058885, 27.5783124 ], [ 91.9058802, 27.5756341 ], [ 91.9132953, 27.574569 ], [ 91.9167291, 27.5716139 ], [ 91.9219506, 27.5715539 ], [ 91.9238089, 27.5697917 ], [ 91.9249751, 27.5708699 ], [ 91.9240613, 27.5717237 ], [ 91.9253364, 27.5709948 ], [ 91.9253149, 27.5699479 ], [ 91.9260313, 27.5710703 ], [ 91.9237934, 27.5729297 ], [ 91.9251012, 27.5761932 ], [ 91.927396, 27.5738379 ], [ 91.9373175, 27.5752577 ], [ 91.9430257, 27.5812823 ], [ 91.9390384, 27.5735135 ], [ 91.9336443, 27.571079 ], [ 91.9403294, 27.5725879 ], [ 91.9415505, 27.574583 ], [ 91.9404296, 27.5721807 ], [ 91.937031, 27.5710477 ], [ 91.9354487, 27.5688206 ], [ 91.946977, 27.5749217 ], [ 91.9466521, 27.578307 ], [ 91.9501922, 27.5767011 ], [ 91.9577181, 27.5773028 ], [ 91.9705984, 27.5841723 ] ] } },
{ "type": "Feature", "properties": { "highway": "trunk" }, "geometry": { "type": "LineString", "coordinates": [ [ 91.9705984, 27.5841723 ], [ 91.9709269, 27.58378 ] ] } },
{ "type": "Feature", "properties": { "highway": "trunk" }, "geometry": { "type": "LineString", "coordinates": [ [ 92.2720077, 27.3434641 ], [ 92.2726783, 27.3433118 ] ] } },
{ "type": "Feature", "properties": { "highway": "trunk" }, "geometry": { "type": "LineString", "coordinates": [ [ 92.1665261, 27.3968689 ], [ 92.1716873, 27.3988407 ], [ 92.1792331, 27.3932814 ], [ 92.1890411, 27.3918025 ], [ 92.1924069, 27.3892907 ], [ 92.2025728, 27.3905741 ], [ 92.2093359, 27.3865958 ], [ 92.2155881, 27.3860982 ], [ 92.2185366, 27.3829956 ], [ 92.2302388, 27.3802441 ], [ 92.2350327, 27.3751638 ], [ 92.238146, 27.3753069 ], [ 92.2358503, 27.3634349 ], [ 92.2393519, 27.3629079 ], [ 92.240546, 27.3582423 ], [ 92.2424854, 27.3578926 ], [ 92.2451811, 27.3536636 ], [ 92.2512376, 27.3515685 ], [ 92.2552762, 27.3481677 ], [ 92.2584852, 27.348664 ], [ 92.2720077, 27.3434641 ] ] } },
{ "type": "Feature", "properties": { "highway": "trunk" }, "geometry": { "type": "LineString", "coordinates": [ [ 92.165959, 27.3970466 ], [ 92.1665261, 27.3968689 ] ] } },
{ "type": "Feature", "properties": { "highway": "trunk" }, "geometry": { "type": "LineString", "coordinates": [ [ 92.1235756, 27.4297882 ], [ 92.1242624, 27.4186321 ], [ 92.1321651, 27.4095559 ], [ 92.1312048, 27.4058643 ], [ 92.1419207, 27.403875 ], [ 92.1444978, 27.4026463 ], [ 92.1424833, 27.4023535 ], [ 92.1459465, 27.4019476 ], [ 92.1470196, 27.4005284 ], [ 92.1456809, 27.4017973 ], [ 92.1431297, 27.4014671 ], [ 92.1453058, 27.4013207 ], [ 92.149405, 27.3975281 ], [ 92.1588389, 27.3936186 ], [ 92.1641429, 27.3942347 ], [ 92.165959, 27.3970466 ] ] } },
{ "type": "Feature", "properties": { "highway": "trunk" }, "geometry": { "type": "LineString", "coordinates": [ [ 92.4883497, 27.3556423 ], [ 92.4937482, 27.3584546 ], [ 92.4955823, 27.3579659 ], [ 92.4965074, 27.3595524 ], [ 92.4981767, 27.3585387 ], [ 92.5025602, 27.3627324 ], [ 92.5086154, 27.3618874 ], [ 92.5075633, 27.362867 ], [ 92.5148651, 27.3599915 ], [ 92.5190996, 27.3633415 ], [ 92.5160054, 27.3622296 ], [ 92.5171781, 27.3644665 ], [ 92.5218317, 27.3640163 ], [ 92.5252535, 27.3654446 ] ] } },
{ "type": "Feature", "properties": { "highway": "trunk" }, "geometry": { "type": "LineString", "coordinates": [ [ 92.5376791, 27.3675811 ], [ 92.5392034, 27.367724 ], [ 92.5376899, 27.3658548 ], [ 92.533722, 27.3680575 ], [ 92.5316066, 27.3649075 ], [ 92.529559, 27.365587 ], [ 92.5295081, 27.3681766 ], [ 92.5277484, 27.369266 ], [ 92.5267718, 27.3679258 ], [ 92.5280279, 27.3685552 ], [ 92.5284536, 27.3681602 ], [ 92.5282693, 27.3672519 ], [ 92.5252535, 27.3654446 ] ] } },
{ "type": "Feature", "properties": { "highway": "trunk" }, "geometry": { "type": "LineString", "coordinates": [ [ 93.2892403, 27.1930791 ], [ 93.2920223, 27.1972105 ], [ 93.2968217, 27.1978986 ], [ 93.2961985, 27.1938491 ], [ 93.2980296, 27.1939659 ], [ 93.2987685, 27.1918023 ], [ 93.3026576, 27.1923118 ], [ 93.3032531, 27.1943921 ], [ 93.3083671, 27.1931442 ], [ 93.3084459, 27.201526 ], [ 93.3162301, 27.2034227 ], [ 93.3171581, 27.2052779 ], [ 93.3188161, 27.203591 ], [ 93.3195877, 27.2054613 ], [ 93.3208733, 27.2039083 ], [ 93.3242052, 27.2051176 ], [ 93.323214, 27.2097742 ], [ 93.3330416, 27.2208609 ], [ 93.3225059, 27.2166248 ], [ 93.3216476, 27.2128465 ], [ 93.3181929, 27.2169301 ], [ 93.3225488, 27.2205366 ], [ 93.3215627, 27.2221989 ] ] } },
{ "type": "Feature", "properties": { "highway": "trunk" }, "geometry": { "type": "LineString", "coordinates": [ [ 93.1465352, 27.2024235 ], [ 93.1439063, 27.2062871 ], [ 93.1333465, 27.2067033 ], [ 93.1329057, 27.2097438 ], [ 93.1305369, 27.2110026 ], [ 93.126536, 27.2103294 ], [ 93.1264321, 27.2091426 ], [ 93.1180805, 27.2109763 ], [ 93.1182131, 27.2122919 ] ] } },
{ "type": "Feature", "properties": { "highway": "trunk" }, "geometry": { "type": "LineString", "coordinates": [ [ 93.1182131, 27.2122919 ], [ 93.1183351, 27.2124325 ] ] } },
{ "type": "Feature", "properties": { "highway": "trunk" }, "geometry": { "type": "LineString", "coordinates": [ [ 93.1183351, 27.2124325 ], [ 93.1155904, 27.2172091 ], [ 93.1129288, 27.2137091 ], [ 93.109557, 27.2153847 ], [ 93.1033554, 27.2145826 ], [ 93.1024987, 27.2162592 ], [ 93.0912409, 27.2168095 ], [ 93.0907452, 27.2179423 ], [ 93.0920601, 27.2180592 ], [ 93.092733, 27.2192629 ], [ 93.0881884, 27.216997 ], [ 93.0808656, 27.2179754 ], [ 93.0782957, 27.2165275 ], [ 93.0672038, 27.2161345 ], [ 93.0635995, 27.2182307 ], [ 93.0612696, 27.2226785 ], [ 93.0575752, 27.2243393 ], [ 93.0531205, 27.2238894 ], [ 93.0564212, 27.2302798 ], [ 93.0551687, 27.2293335 ] ] } },
{ "type": "Feature", "properties": { "highway": "trunk" }, "geometry": { "type": "LineString", "coordinates": [ [ 93.3215627, 27.2221989 ], [ 93.3223139, 27.2229157 ] ] } },
{ "type": "Feature", "properties": { "highway": "trunk" }, "geometry": { "type": "LineString", "coordinates": [ [ 93.3952614, 27.2156756 ], [ 93.3982435, 27.2166129 ], [ 93.4015533, 27.2151257 ], [ 93.4046697, 27.2167519 ], [ 93.4050107, 27.2194131 ], [ 93.4087846, 27.2237183 ], [ 93.4167746, 27.2237827 ], [ 93.4176473, 27.2257829 ], [ 93.4148479, 27.2322981 ], [ 93.4156104, 27.2335971 ] ] } },
{ "type": "Feature", "properties": { "highway": "trunk" }, "geometry": { "type": "LineString", "coordinates": [ [ 93.3295056, 27.228177 ], [ 93.3258304, 27.2234638 ], [ 93.32626, 27.2255609 ], [ 93.3249804, 27.2262793 ], [ 93.3223139, 27.2229157 ] ] } },
{ "type": "Feature", "properties": { "highway": "trunk" }, "geometry": { "type": "LineString", "coordinates": [ [ 93.3952614, 27.2156756 ], [ 93.3896258, 27.2182196 ], [ 93.3815069, 27.2155695 ], [ 93.3690701, 27.2173037 ], [ 93.3656053, 27.2165011 ], [ 93.364947, 27.2189906 ], [ 93.3557557, 27.2259302 ], [ 93.3578438, 27.229115 ], [ 93.3510344, 27.2280072 ], [ 93.3510733, 27.2311794 ], [ 93.3486737, 27.2307829 ], [ 93.3401422, 27.2347582 ], [ 93.3395946, 27.2367322 ] ] } },
{ "type": "Feature", "properties": { "highway": "trunk" }, "geometry": { "type": "LineString", "coordinates": [ [ 93.3297532, 27.2286712 ], [ 93.3295056, 27.228177 ] ] } },
{ "type": "Feature", "properties": { "highway": "trunk" }, "geometry": { "type": "LineString", "coordinates": [ [ 93.3388272, 27.236709 ], [ 93.3385328, 27.2336998 ], [ 93.3340822, 27.2294186 ], [ 93.3297532, 27.2286712 ] ] } },
{ "type": "Feature", "properties": { "highway": "trunk" }, "geometry": { "type": "LineString", "coordinates": [ [ 93.4156104, 27.2335971 ], [ 93.4159325, 27.2339106 ] ] } },
{ "type": "Feature", "properties": { "highway": "trunk" }, "geometry": { "type": "LineString", "coordinates": [ [ 93.4164317, 27.2344906 ], [ 93.4247541, 27.231277 ], [ 93.4313754, 27.2356854 ], [ 93.4346211, 27.2347874 ], [ 93.4404935, 27.236266 ], [ 93.4417054, 27.2340324 ], [ 93.4453263, 27.2331767 ], [ 93.4540015, 27.2348352 ] ] } },
{ "type": "Feature", "properties": { "highway": "trunk" }, "geometry": { "type": "LineString", "coordinates": [ [ 93.4159325, 27.2339106 ], [ 93.4164317, 27.2344906 ] ] } },
{ "type": "Feature", "properties": { "highway": "trunk" }, "geometry": { "type": "LineString", "coordinates": [ [ 93.4548646, 27.2352485 ], [ 93.4578007, 27.233331 ], [ 93.4611944, 27.2341305 ] ] } },
{ "type": "Feature", "properties": { "highway": "trunk" }, "geometry": { "type": "LineString", "coordinates": [ [ 93.4540015, 27.2348352 ], [ 93.4548646, 27.2352485 ] ] } },
{ "type": "Feature", "properties": { "highway": "trunk" }, "geometry": { "type": "LineString", "coordinates": [ [ 93.3395946, 27.2367322 ], [ 93.3388272, 27.236709 ] ] } },
{ "type": "Feature", "properties": { "highway": "trunk" }, "geometry": { "type": "LineString", "coordinates": [ [ 93.4611944, 27.2341305 ], [ 93.4689948, 27.2340381 ], [ 93.4730315, 27.2382497 ], [ 93.4799265, 27.2369975 ], [ 93.4807742, 27.2409365 ], [ 93.4862443, 27.241873 ], [ 93.4938663, 27.2498987 ] ] } },
{ "type": "Feature", "properties": { "highway": "trunk" }, "geometry": { "type": "LineString", "coordinates": [ [ 93.4944219, 27.249913 ], [ 93.4972477, 27.2488651 ] ] } },
{ "type": "Feature", "properties": { "highway": "trunk" }, "geometry": { "type": "LineString", "coordinates": [ [ 93.4938663, 27.2498987 ], [ 93.4944219, 27.249913 ] ] } },
{ "type": "Feature", "properties": { "highway": "trunk" }, "geometry": { "type": "LineString", "coordinates": [ [ 93.1001923, 27.2908512 ], [ 93.0946543, 27.2859227 ], [ 93.0869163, 27.2834396 ], [ 93.0881904, 27.2789855 ], [ 93.0869022, 27.2766767 ], [ 93.0905491, 27.2740337 ], [ 93.0858121, 27.2659243 ], [ 93.077226, 27.2624636 ], [ 93.0728728, 27.2588629 ], [ 93.0597566, 27.2547367 ], [ 93.0578736, 27.2499839 ], [ 93.0659407, 27.2482081 ], [ 93.0682311, 27.2456334 ] ] } },
{ "type": "Feature", "properties": { "highway": "trunk" }, "geometry": { "type": "LineString", "coordinates": [ [ 92.8867879, 27.2763505 ], [ 92.8873668, 27.2754088 ] ] } },
{ "type": "Feature", "properties": { "highway": "trunk" }, "geometry": { "type": "LineString", "coordinates": [ [ 92.8851641, 27.2775374 ], [ 92.8867879, 27.2763505 ] ] } },
{ "type": "Feature", "properties": { "highway": "trunk" }, "geometry": { "type": "LineString", "coordinates": [ [ 92.8781464, 27.2795509 ], [ 92.8832254, 27.2792539 ], [ 92.8851641, 27.2775374 ] ] } },
{ "type": "Feature", "properties": { "highway": "trunk" }, "geometry": { "type": "LineString", "coordinates": [ [ 92.8772308, 27.2802969 ], [ 92.8781464, 27.2795509 ] ] } },
{ "type": "Feature", "properties": { "highway": "trunk" }, "geometry": { "type": "LineString", "coordinates": [ [ 92.8873668, 27.2754088 ], [ 92.8901411, 27.2773047 ], [ 92.8871544, 27.27487 ], [ 92.8867746, 27.2723091 ], [ 92.8938419, 27.2689743 ], [ 92.8938132, 27.2662059 ], [ 92.8972448, 27.2645383 ], [ 92.9073319, 27.2692034 ], [ 92.9128475, 27.2734606 ], [ 92.9131918, 27.2762642 ], [ 92.9151629, 27.2749555 ], [ 92.91543, 27.2809394 ], [ 92.9220995, 27.286444 ], [ 92.9198577, 27.2891527 ], [ 92.9238586, 27.2888468 ], [ 92.9245764, 27.2915554 ], [ 92.92961, 27.2960099 ], [ 92.927416, 27.2986948 ], [ 92.9276214, 27.3019973 ], [ 92.9319498, 27.2991066 ], [ 92.9340827, 27.3059901 ], [ 92.9359582, 27.3055844 ] ] } },
{ "type": "Feature", "properties": { "highway": "trunk" }, "geometry": { "type": "LineString", "coordinates": [ [ 93.0593749, 27.3084522 ], [ 93.0577788, 27.3041986 ], [ 93.0524182, 27.3004251 ], [ 93.0500472, 27.3035592 ], [ 93.0461526, 27.3013903 ], [ 93.0448893, 27.2972002 ], [ 93.0463156, 27.2956385 ] ] } },
{ "type": "Feature", "properties": { "highway": "trunk" }, "geometry": { "type": "LineString", "coordinates": [ [ 92.949728, 27.303952 ], [ 92.9503295, 27.3041304 ] ] } },
{ "type": "Feature", "properties": { "highway": "trunk" }, "geometry": { "type": "LineString", "coordinates": [ [ 92.949728, 27.303952 ], [ 92.9462685, 27.3049951 ] ] } },
{ "type": "Feature", "properties": { "highway": "trunk" }, "geometry": { "type": "LineString", "coordinates": [ [ 92.9525542, 27.3056194 ], [ 92.9503295, 27.3041304 ] ] } },
{ "type": "Feature", "properties": { "highway": "trunk" }, "geometry": { "type": "LineString", "coordinates": [ [ 92.9413462, 27.3063952 ], [ 92.9462685, 27.3049951 ] ] } },
{ "type": "Feature", "properties": { "highway": "trunk" }, "geometry": { "type": "LineString", "coordinates": [ [ 92.9359582, 27.3055844 ], [ 92.9377787, 27.3081966 ], [ 92.9413462, 27.3063952 ] ] } },
{ "type": "Feature", "properties": { "highway": "trunk" }, "geometry": { "type": "LineString", "coordinates": [ [ 92.9525542, 27.3056194 ], [ 92.9580441, 27.3082327 ], [ 92.9598133, 27.3112238 ] ] } },
{ "type": "Feature", "properties": { "highway": "trunk" }, "geometry": { "type": "LineString", "coordinates": [ [ 92.9598133, 27.3112238 ], [ 92.962819, 27.3131909 ], [ 92.9693565, 27.3128196 ], [ 92.9776153, 27.3159611 ], [ 92.9839023, 27.3147666 ] ] } },
{ "type": "Feature", "properties": { "highway": "trunk" }, "geometry": { "type": "LineString", "coordinates": [ [ 92.9839023, 27.3147666 ], [ 92.9895579, 27.3162817 ] ] } },
{ "type": "Feature", "properties": { "highway": "trunk" }, "geometry": { "type": "LineString", "coordinates": [ [ 92.9839023, 27.3147666 ], [ 92.9865561, 27.3178736 ], [ 92.9895579, 27.3162817 ] ] } },
{ "type": "Feature", "properties": { "highway": "trunk" }, "geometry": { "type": "LineString", "coordinates": [ [ 92.9895579, 27.3162817 ], [ 92.9943741, 27.3170144 ] ] } },
{ "type": "Feature", "properties": { "highway": "trunk" }, "geometry": { "type": "LineString", "coordinates": [ [ 93.0593749, 27.3084522 ], [ 93.0595626, 27.3098911 ], [ 93.0569843, 27.3050648 ], [ 93.0530833, 27.3039226 ], [ 93.0517236, 27.309013 ], [ 93.0486623, 27.310274 ], [ 93.0464555, 27.3086169 ], [ 93.0472654, 27.3103796 ], [ 93.0451478, 27.3155159 ], [ 93.0470722, 27.3194043 ], [ 93.0460394, 27.3254776 ], [ 93.0436097, 27.3269364 ], [ 93.0447391, 27.3299795 ], [ 93.04731, 27.3290355 ], [ 93.0474199, 27.3238686 ], [ 93.0512842, 27.3196103 ], [ 93.051296, 27.3165283 ], [ 93.0534132, 27.3189873 ] ] } },
{ "type": "Feature", "properties": { "highway": "trunk" }, "geometry": { "type": "LineString", "coordinates": [ [ 92.9943741, 27.3170144 ], [ 93.0181256, 27.3197779 ] ] } },
{ "type": "Feature", "properties": { "highway": "trunk" }, "geometry": { "type": "LineString", "coordinates": [ [ 93.0586951, 27.333773 ], [ 93.0598104, 27.334085 ], [ 93.0600342, 27.3312569 ], [ 93.0630371, 27.3313793 ], [ 93.0630224, 27.3292148 ], [ 93.0679583, 27.3253549 ], [ 93.0612467, 27.3202524 ], [ 93.0642924, 27.3167612 ], [ 93.0636463, 27.3135448 ], [ 93.065545, 27.3109189 ], [ 93.0626079, 27.3081758 ], [ 93.0606888, 27.3094589 ], [ 93.0593749, 27.3084522 ] ] } },
{ "type": "Feature", "properties": { "highway": "trunk" }, "geometry": { "type": "LineString", "coordinates": [ [ 93.0534132, 27.3189873 ], [ 93.0535559, 27.3218421 ], [ 93.0567535, 27.32167 ], [ 93.0548698, 27.3239126 ], [ 93.0561948, 27.3283317 ], [ 93.0624461, 27.3281696 ], [ 93.0590213, 27.3313687 ], [ 93.0586951, 27.333773 ] ] } },
{ "type": "Feature", "properties": { "highway": "trunk" }, "geometry": { "type": "LineString", "coordinates": [ [ 93.0181256, 27.3197779 ], [ 93.0218703, 27.3250891 ], [ 93.0205857, 27.3279237 ], [ 93.0233985, 27.3270062 ], [ 93.0256841, 27.3331159 ], [ 93.0305388, 27.3376503 ] ] } },
{ "type": "Feature", "properties": { "highway": "trunk" }, "geometry": { "type": "LineString", "coordinates": [ [ 93.0305388, 27.3376503 ], [ 93.0311666, 27.3369789 ] ] } },
{ "type": "Feature", "properties": { "highway": "trunk" }, "geometry": { "type": "LineString", "coordinates": [ [ 93.0305388, 27.3376503 ], [ 93.0311073, 27.3382904 ] ] } },
{ "type": "Feature", "properties": { "highway": "trunk" }, "geometry": { "type": "LineString", "coordinates": [ [ 93.0311666, 27.3369789 ], [ 93.0386987, 27.3410101 ], [ 93.0368286, 27.3417818 ], [ 93.048129, 27.3428578 ], [ 93.051895, 27.3398689 ], [ 93.0508666, 27.3386919 ], [ 93.0530262, 27.3371327 ], [ 93.0538322, 27.3338182 ], [ 93.0571357, 27.335642 ], [ 93.0585559, 27.3336135 ] ] } },
{ "type": "Feature", "properties": { "highway": "secondary" }, "geometry": { "type": "LineString", "coordinates": [ [ 93.0367938, 27.3417628 ], [ 93.0418112, 27.3537548 ], [ 93.0396355, 27.3590492 ], [ 93.0421671, 27.3681311 ], [ 93.0381674, 27.3726961 ] ] } },
{ "type": "Feature", "properties": { "highway": "secondary" }, "geometry": { "type": "LineString", "coordinates": [ [ 93.0381674, 27.3726961 ], [ 93.0377758, 27.3728295 ] ] } },
{ "type": "Feature", "properties": { "highway": "secondary" }, "geometry": { "type": "LineString", "coordinates": [ [ 93.0377758, 27.3728295 ], [ 93.0303566, 27.377475 ], [ 93.0281786, 27.3817622 ], [ 93.0241234, 27.3834618 ], [ 93.0201752, 27.3896539 ], [ 93.0194829, 27.3945702 ], [ 93.0158837, 27.4008132 ], [ 93.0163876, 27.4122676 ], [ 93.010192, 27.4175667 ], [ 93.011702, 27.4240887 ] ] } },
{ "type": "Feature", "properties": { "highway": "secondary" }, "geometry": { "type": "LineString", "coordinates": [ [ 93.011702, 27.4240887 ], [ 93.0142902, 27.4260053 ], [ 93.0193381, 27.4377799 ], [ 93.0217306, 27.4375323 ], [ 93.0196063, 27.4401603 ], [ 93.0218835, 27.4418257 ], [ 93.0186836, 27.4427502 ], [ 93.0186514, 27.4474347 ], [ 93.0205638, 27.4477289 ], [ 93.0189652, 27.4489857 ], [ 93.0204029, 27.4521466 ], [ 93.0233641, 27.4536318 ], [ 93.02231, 27.455375 ], [ 93.0255098, 27.4594678 ], [ 93.0250485, 27.4610291 ], [ 93.027602, 27.4627046 ], [ 93.0278353, 27.4691503 ], [ 93.0255635, 27.4758888 ], [ 93.0315287, 27.4798865 ] ] } },
{ "type": "Feature", "properties": { "highway": "secondary" }, "geometry": { "type": "LineString", "coordinates": [ [ 93.0315287, 27.4798865 ], [ 93.0319874, 27.4797828 ] ] } },
{ "type": "Feature", "properties": { "highway": "secondary" }, "geometry": { "type": "LineString", "coordinates": [ [ 93.0319874, 27.4797828 ], [ 93.0314938, 27.4823527 ] ] } },
{ "type": "Feature", "properties": { "highway": "trunk" }, "geometry": { "type": "LineString", "coordinates": [ [ 92.7764309, 27.2931079 ], [ 92.7771151, 27.2920063 ], [ 92.7688861, 27.293307 ], [ 92.7695199, 27.2884923 ], [ 92.7592869, 27.2904804 ], [ 92.7544994, 27.2884747 ], [ 92.7669784, 27.2781144 ], [ 92.7631887, 27.2759737 ], [ 92.7627938, 27.2788462 ], [ 92.7527822, 27.2820315 ], [ 92.749856, 27.2776985 ], [ 92.7501742, 27.2758612 ], [ 92.7529312, 27.2744941 ], [ 92.7498738, 27.2726872 ], [ 92.7507977, 27.2704764 ], [ 92.7495022, 27.2684727 ], [ 92.7505114, 27.26651 ], [ 92.7490435, 27.265732 ], [ 92.7494157, 27.2599251 ], [ 92.7470426, 27.2601767 ], [ 92.745673, 27.2648592 ], [ 92.7420727, 27.2657626 ], [ 92.7396504, 27.2697183 ], [ 92.7381001, 27.2694703 ], [ 92.7372257, 27.2663662 ], [ 92.7314676, 27.2608133 ], [ 92.73579, 27.2572991 ], [ 92.7350894, 27.2524382 ], [ 92.7380251, 27.2506085 ], [ 92.7372692, 27.2492083 ], [ 92.7392787, 27.2463299 ], [ 92.7338654, 27.2434107 ], [ 92.733186, 27.239789 ], [ 92.7301607, 27.2387691 ] ] } },
{ "type": "Feature", "properties": { "highway": "trunk" }, "geometry": { "type": "LineString", "coordinates": [ [ 92.8225044, 27.2858118 ], [ 92.8339199, 27.287002 ], [ 92.8622918, 27.2836877 ], [ 92.8716242, 27.285778 ], [ 92.8772308, 27.2802969 ] ] } },
{ "type": "Feature", "properties": { "highway": "trunk" }, "geometry": { "type": "LineString", "coordinates": [ [ 92.7770556, 27.3020219 ], [ 92.7928369, 27.3072982 ], [ 92.8012533, 27.2979336 ], [ 92.8007683, 27.2960252 ], [ 92.8046863, 27.2947159 ], [ 92.8064723, 27.2910692 ], [ 92.808208, 27.2940968 ], [ 92.8203208, 27.2852164 ], [ 92.8225044, 27.2858118 ] ] } },
{ "type": "Feature", "properties": { "highway": "trunk" }, "geometry": { "type": "LineString", "coordinates": [ [ 92.7764309, 27.2931079 ], [ 92.7747408, 27.2955495 ], [ 92.7762391, 27.2966859 ], [ 92.7770556, 27.3020219 ] ] } },
{ "type": "Feature", "properties": { "highway": "trunk" }, "geometry": { "type": "LineString", "coordinates": [ [ 93.1001923, 27.2908512 ], [ 93.1008276, 27.2915297 ] ] } },
{ "type": "Feature", "properties": { "highway": "trunk" }, "geometry": { "type": "LineString", "coordinates": [ [ 93.0982012, 27.2975196 ], [ 93.1019319, 27.2940669 ], [ 93.1008276, 27.2915297 ] ] } },
{ "type": "Feature", "properties": { "highway": "trunk" }, "geometry": { "type": "LineString", "coordinates": [ [ 93.0463156, 27.2956385 ], [ 93.048523, 27.2963867 ], [ 93.0519553, 27.2919402 ], [ 93.0510618, 27.2900947 ], [ 93.0540258, 27.2876139 ], [ 93.0540504, 27.2905219 ], [ 93.0586104, 27.2937747 ], [ 93.0608041, 27.2926576 ], [ 93.0653332, 27.2938787 ], [ 93.069961, 27.2886161 ], [ 93.0723087, 27.2921154 ], [ 93.0714768, 27.2937637 ], [ 93.0762032, 27.2979474 ], [ 93.077374, 27.3021582 ], [ 93.0835053, 27.2948754 ], [ 93.0868883, 27.2981883 ], [ 93.0911031, 27.2963429 ], [ 93.0923787, 27.3021472 ], [ 93.0982012, 27.2975196 ] ] } },
{ "type": "Feature", "properties": { "highway": "trunk" }, "geometry": { "type": "LineString", "coordinates": [ [ 93.429813, 27.8944434 ], [ 93.4365676, 27.8896684 ], [ 93.4364176, 27.887815 ], [ 93.4379185, 27.8882321 ], [ 93.4419266, 27.8849658 ], [ 93.4465033, 27.8806943 ], [ 93.4462019, 27.8792118 ], [ 93.4530996, 27.8760584 ], [ 93.4527901, 27.8719355 ], [ 93.455572, 27.8741033 ], [ 93.4614038, 27.8685331 ], [ 93.4663552, 27.8677502 ], [ 93.468317, 27.865298 ], [ 93.4678426, 27.8636632 ], [ 93.4800187, 27.8632439 ], [ 93.4793715, 27.8591675 ], [ 93.4822097, 27.8605038 ], [ 93.485474, 27.8588831 ], [ 93.4879938, 27.855714 ], [ 93.4849492, 27.8541929 ], [ 93.4887094, 27.853727 ], [ 93.4931891, 27.8462872 ], [ 93.4990284, 27.8434647 ], [ 93.4960419, 27.8411562 ], [ 93.4945114, 27.842529 ], [ 93.4922212, 27.8423342 ], [ 93.4965594, 27.8391018 ], [ 93.5020757, 27.8421102 ], [ 93.5044685, 27.8380843 ], [ 93.5046612, 27.8347495 ], [ 93.5005267, 27.8336541 ], [ 93.4997174, 27.8305285 ], [ 93.5080461, 27.8353474 ], [ 93.508393, 27.8309706 ], [ 93.5106116, 27.8328547 ], [ 93.514102, 27.8315062 ], [ 93.5137166, 27.8299336 ], [ 93.5151976, 27.8293299 ], [ 93.5138267, 27.8230735 ], [ 93.5169813, 27.8236383 ], [ 93.5162821, 27.8202349 ], [ 93.5179503, 27.8210968 ], [ 93.5209494, 27.8196823 ] ] } },
{ "type": "Feature", "properties": { "highway": "trunk" }, "geometry": { "type": "LineString", "coordinates": [ [ 93.4299183, 27.8948488 ], [ 93.429813, 27.8944434 ] ] } },
{ "type": "Feature", "properties": { "highway": "trunk" }, "geometry": { "type": "LineString", "coordinates": [ [ 93.3753965, 27.9034842 ], [ 93.3804109, 27.9013539 ], [ 93.3871309, 27.9039414 ], [ 93.3944221, 27.9019005 ], [ 93.4022894, 27.902 ], [ 93.4001236, 27.9002515 ], [ 93.4007708, 27.8993171 ], [ 93.4049702, 27.8975828 ], [ 93.4101979, 27.8990898 ], [ 93.4175909, 27.8958708 ], [ 93.4200834, 27.892833 ], [ 93.4260442, 27.8958464 ], [ 93.4299183, 27.8948488 ] ] } },
{ "type": "Feature", "properties": { "highway": "trunk" }, "geometry": { "type": "LineString", "coordinates": [ [ 93.3535329, 27.9039471 ], [ 93.3601239, 27.9033108 ], [ 93.360239, 27.9048171 ], [ 93.3617697, 27.903604 ], [ 93.3630802, 27.9050571 ], [ 93.3652435, 27.9032091 ], [ 93.371232, 27.903439 ], [ 93.3760617, 27.9004319 ], [ 93.375189, 27.9035596 ] ] } },
{ "type": "Feature", "properties": { "highway": "trunk" }, "geometry": { "type": "LineString", "coordinates": [ [ 93.375189, 27.9035596 ], [ 93.3753965, 27.9034842 ] ] } },
{ "type": "Feature", "properties": { "highway": "trunk" }, "geometry": { "type": "LineString", "coordinates": [ [ 91.8647578, 27.579722 ], [ 91.8646486, 27.5796875 ] ] } },
{ "type": "Feature", "properties": { "highway": "trunk" }, "geometry": { "type": "LineString", "coordinates": [ [ 91.8803197, 27.5790469 ], [ 91.8811954, 27.5808585 ], [ 91.8848606, 27.5802439 ], [ 91.8918424, 27.5856417 ], [ 91.8907105, 27.5879049 ], [ 91.8945008, 27.595574 ] ] } },
{ "type": "Feature", "properties": { "highway": "trunk" }, "geometry": { "type": "LineString", "coordinates": [ [ 91.8705427, 27.5948925 ], [ 91.8757231, 27.591687 ], [ 91.8749928, 27.5931537 ], [ 91.8781224, 27.5950342 ], [ 91.880531, 27.6009198 ], [ 91.8822262, 27.5972164 ], [ 91.8788734, 27.5928283 ], [ 91.8813331, 27.5872787 ], [ 91.8745529, 27.5837136 ], [ 91.8734586, 27.5846289 ], [ 91.8666997, 27.5791705 ], [ 91.8647578, 27.579722 ] ] } },
{ "type": "Feature", "properties": { "highway": "trunk" }, "geometry": { "type": "LineString", "coordinates": [ [ 91.8700513, 27.5946867 ], [ 91.8705427, 27.5948925 ] ] } },
{ "type": "Feature", "properties": { "highway": "trunk" }, "geometry": { "type": "LineString", "coordinates": [ [ 91.8945008, 27.595574 ], [ 91.8953317, 27.5953655 ] ] } },
{ "type": "Feature", "properties": { "highway": "secondary" }, "geometry": { "type": "LineString", "coordinates": [ [ 91.8700541, 27.5971137 ], [ 91.8700513, 27.5946867 ] ] } },
{ "type": "Feature", "properties": { "highway": "secondary" }, "geometry": { "type": "LineString", "coordinates": [ [ 91.8631353, 27.6093185 ], [ 91.8699154, 27.6117174 ], [ 91.867327, 27.6092171 ], [ 91.8654414, 27.6037147 ], [ 91.8657311, 27.6020508 ], [ 91.8681639, 27.6044016 ], [ 91.8667825, 27.6017656 ], [ 91.870638, 27.6020874 ], [ 91.8713691, 27.599605 ], [ 91.8700541, 27.5971137 ] ] } },
{ "type": "Feature", "properties": { "highway": "secondary" }, "geometry": { "type": "LineString", "coordinates": [ [ 91.8554323, 27.6742984 ], [ 91.8561261, 27.6707205 ], [ 91.8549888, 27.6699461 ], [ 91.8579151, 27.6667035 ], [ 91.8593528, 27.6600423 ], [ 91.8632178, 27.6586549 ], [ 91.862389, 27.6522166 ], [ 91.8600555, 27.6499001 ], [ 91.863698, 27.6483201 ], [ 91.860718, 27.6478188 ], [ 91.8626628, 27.6464122 ], [ 91.8583097, 27.6389706 ], [ 91.8591464, 27.627196 ], [ 91.8572126, 27.6267897 ], [ 91.8604607, 27.6267065 ], [ 91.8577526, 27.6257178 ], [ 91.8570543, 27.6246652 ], [ 91.8607182, 27.6252569 ], [ 91.8609391, 27.6233366 ], [ 91.862703, 27.6237098 ], [ 91.8607745, 27.621811 ], [ 91.8646047, 27.6216066 ], [ 91.8606082, 27.6173954 ], [ 91.8652485, 27.6176354 ], [ 91.8634943, 27.6149854 ], [ 91.864535, 27.6137211 ], [ 91.8583766, 27.6117365 ], [ 91.860667, 27.6113942 ], [ 91.8590016, 27.6108878 ], [ 91.8616274, 27.6087772 ], [ 91.8631353, 27.6093185 ] ] } },
{ "type": "Feature", "properties": { "highway": "secondary" }, "geometry": { "type": "LineString", "coordinates": [ [ 91.8726048, 27.6856177 ], [ 91.8698325, 27.6847297 ], [ 91.8697494, 27.6754354 ], [ 91.8628961, 27.6711813 ], [ 91.862314, 27.67316 ], [ 91.859369, 27.6717823 ], [ 91.858449, 27.6743453 ], [ 91.8554323, 27.6742984 ] ] } },
{ "type": "Feature", "properties": { "highway": "secondary" }, "geometry": { "type": "LineString", "coordinates": [ [ 91.8726647, 27.6855825 ], [ 91.8726048, 27.6856177 ] ] } },
{ "type": "Feature", "properties": { "highway": "secondary" }, "geometry": { "type": "LineString", "coordinates": [ [ 91.7122327, 27.5554721 ], [ 91.7131316, 27.5570552 ], [ 91.7213933, 27.5588723 ], [ 91.7189144, 27.5554168 ], [ 91.7187782, 27.5523045 ], [ 91.7200463, 27.5552314 ], [ 91.7202293, 27.5540642 ], [ 91.7189713, 27.551584 ], [ 91.7192878, 27.5498361 ], [ 91.7191966, 27.5514698 ], [ 91.7209025, 27.5534198 ], [ 91.7195292, 27.5512511 ], [ 91.7210897, 27.5499498 ], [ 91.7306014, 27.5514151 ], [ 91.7286809, 27.5463688 ], [ 91.7202184, 27.537693 ] ] } },
{ "type": "Feature", "properties": { "highway": "secondary" }, "geometry": { "type": "LineString", "coordinates": [ [ 91.6985137, 27.5549568 ], [ 91.7049407, 27.5512652 ], [ 91.7122327, 27.5554721 ] ] } },
{ "type": "Feature", "properties": { "highway": "secondary" }, "geometry": { "type": "LineString", "coordinates": [ [ 91.7182841, 27.6242972 ], [ 91.7146578, 27.619769 ], [ 91.7117214, 27.6187392 ], [ 91.7152269, 27.6185027 ], [ 91.7172681, 27.6218132 ], [ 91.7162886, 27.6179866 ], [ 91.7137914, 27.6178892 ], [ 91.7112185, 27.6139349 ], [ 91.7160155, 27.6166489 ], [ 91.7128553, 27.6140366 ], [ 91.7124911, 27.6126086 ], [ 91.7158465, 27.6152515 ], [ 91.7185497, 27.6154674 ], [ 91.715302, 27.6143198 ], [ 91.7125925, 27.6108519 ], [ 91.7157097, 27.6137066 ], [ 91.7188855, 27.6140441 ], [ 91.7142828, 27.6101297 ], [ 91.7162932, 27.6039642 ], [ 91.7078, 27.605937 ], [ 91.7011911, 27.6030277 ], [ 91.7014057, 27.6006079 ], [ 91.6994155, 27.5982666 ], [ 91.699284, 27.593812 ], [ 91.7064911, 27.5863381 ], [ 91.7059198, 27.5845622 ], [ 91.6945338, 27.5807798 ], [ 91.6976177, 27.5813501 ], [ 91.6997091, 27.5812435 ], [ 91.688759, 27.5786972 ], [ 91.6903335, 27.5710796 ], [ 91.6939652, 27.5685165 ], [ 91.6972395, 27.5688324 ], [ 91.6969827, 27.5674038 ], [ 91.6989702, 27.5664598 ], [ 91.6925034, 27.5631785 ], [ 91.6985137, 27.5549568 ] ] } },
{ "type": "Feature", "properties": { "highway": "secondary" }, "geometry": { "type": "LineString", "coordinates": [ [ 91.7182841, 27.6242972 ], [ 91.7225372, 27.6316694 ], [ 91.722325, 27.6341398 ] ] } },
{ "type": "Feature", "properties": { "highway": "secondary" }, "geometry": { "type": "LineString", "coordinates": [ [ 91.7217902, 27.6342062 ], [ 91.722325, 27.6341398 ] ] } },
{ "type": "Feature", "properties": { "highway": "secondary" }, "geometry": { "type": "LineString", "coordinates": [ [ 91.7217902, 27.6342062 ], [ 91.7222838, 27.6472437 ], [ 91.7253491, 27.6509664 ], [ 91.7249634, 27.6534162 ], [ 91.7219405, 27.6552385 ], [ 91.7187165, 27.6647175 ], [ 91.7157714, 27.6666179 ], [ 91.7050588, 27.6684209 ], [ 91.703599, 27.671808 ], [ 91.7055389, 27.6776327 ], [ 91.7043205, 27.6776442 ], [ 91.7081407, 27.6802027 ], [ 91.7063812, 27.6823832 ], [ 91.709868, 27.6845161 ], [ 91.7125501, 27.6905441 ], [ 91.7117749, 27.6954555 ], [ 91.7209317, 27.7005159 ] ] } },
{ "type": "Feature", "properties": { "highway": "trunk" }, "geometry": { "type": "MultiLineString", "coordinates": [ [ [ 91.763082508099558, 27.801276343290084 ], [ 91.7619296, 27.8004708 ], [ 91.763519242177324, 27.801274419931723 ] ], [ [ 91.765368203522613, 27.801266277184361 ], [ 91.7641531, 27.7993652 ], [ 91.767073580038343, 27.801258766778503 ] ], [ [ 91.767457163999666, 27.801257077491002 ], [ 91.7663096, 27.7988077 ], [ 91.7674952, 27.7959059 ] ] ] } },
{ "type": "Feature", "properties": { "highway": "secondary" }, "geometry": { "type": "LineString", "coordinates": [ [ 91.8949892, 27.7028327 ], [ 91.8883022, 27.6955271 ], [ 91.8766021, 27.691955 ], [ 91.8805772, 27.6883188 ], [ 91.8767738, 27.6897201 ], [ 91.8755668, 27.6852523 ], [ 91.8745556, 27.6843095 ], [ 91.8726647, 27.6855825 ] ] } },
{ "type": "Feature", "properties": { "highway": "secondary" }, "geometry": { "type": "LineString", "coordinates": [ [ 91.8949892, 27.7028327 ], [ 91.8935898, 27.7059236 ], [ 91.8890386, 27.7068496 ] ] } },
{ "type": "Feature", "properties": { "highway": "secondary" }, "geometry": { "type": "LineString", "coordinates": [ [ 91.8890386, 27.7068496 ], [ 91.8889932, 27.7068901 ] ] } },
{ "type": "Feature", "properties": { "highway": "secondary" }, "geometry": { "type": "LineString", "coordinates": [ [ 91.8889932, 27.7068901 ], [ 91.8888491, 27.707016 ] ] } },
{ "type": "Feature", "properties": { "highway": "secondary" }, "geometry": { "type": "LineString", "coordinates": [ [ 91.891778, 27.7214197 ], [ 91.8919953, 27.7137907 ], [ 91.8934061, 27.7124728 ], [ 91.8916339, 27.712341 ], [ 91.8934149, 27.7119241 ], [ 91.8900748, 27.711846 ], [ 91.8914454, 27.7115777 ], [ 91.8882, 27.7093954 ], [ 91.8888491, 27.707016 ] ] } },
{ "type": "Feature", "properties": { "highway": "secondary" }, "geometry": { "type": "LineString", "coordinates": [ [ 91.891778, 27.7214197 ], [ 91.8915635, 27.7230627 ] ] } },
{ "type": "Feature", "properties": { "highway": "secondary" }, "geometry": { "type": "LineString", "coordinates": [ [ 91.8915635, 27.7230627 ], [ 91.891984904541147, 27.724966361757954 ] ] } },
{ "type": "Feature", "properties": { "highway": "trunk" }, "geometry": { "type": "MultiLineString", "coordinates": [ [ [ 91.7674952, 27.7959059 ], [ 91.768937601775079, 27.801250557705814 ] ], [ [ 91.771657647188093, 27.801368662144757 ], [ 91.772946451466723, 27.801678208721857 ] ], [ [ 91.774779064625321, 27.802118367976295 ], [ 91.7738602, 27.7997058 ], [ 91.775465566478204, 27.802283252825188 ] ], [ [ 91.776461657568362, 27.802522495193134 ], [ 91.776081, 27.8007936 ], [ 91.777127383026041, 27.802682389942191 ] ], [ [ 91.777791751901546, 27.802841958865692 ], [ 91.778388679352787, 27.802985329625997 ] ], [ [ 91.779119230608131, 27.803127155417055 ], [ 91.7799407, 27.7995266 ], [ 91.7843288, 27.7954598 ], [ 91.7871103, 27.7962879 ], [ 91.7920965, 27.7924903 ], [ 91.7944595, 27.7945487 ], [ 91.7978391, 27.7938725 ], [ 91.8032022, 27.7899455 ], [ 91.8029474, 27.7913834 ], [ 91.8040471, 27.7892751 ], [ 91.803744, 27.7912565 ], [ 91.804601, 27.7889097 ], [ 91.8042777, 27.7915181 ], [ 91.805132, 27.7886428 ], [ 91.8048182, 27.7914498 ], [ 91.8061969, 27.7885336 ], [ 91.8056202, 27.791508 ], [ 91.8071695, 27.7896024 ] ] ] } },
{ "type": "Feature", "properties": { "highway": "trunk" }, "geometry": { "type": "LineString", "coordinates": [ [ 91.828166953209347, 27.805070009075628 ], [ 91.826748, 27.8050096 ], [ 91.8265549, 27.8029431 ], [ 91.825769, 27.804267 ], [ 91.8256054, 27.8025231 ], [ 91.8252352, 27.8018185 ], [ 91.8249134, 27.8038897 ], [ 91.8233818, 27.8034034 ], [ 91.8243072, 27.802573 ], [ 91.8203268, 27.8021459 ], [ 91.8180871, 27.79867 ], [ 91.821692, 27.8017141 ], [ 91.8176875, 27.7967339 ], [ 91.8224618, 27.7994981 ], [ 91.8172637, 27.7924368 ], [ 91.8164805, 27.7873677 ], [ 91.8148764, 27.7867025 ], [ 91.8164395, 27.7866144 ], [ 91.8147703, 27.7863459 ], [ 91.8129176, 27.7889841 ], [ 91.8071695, 27.7896024 ] ] } },
{ "type": "Feature", "properties": { "highway": "trunk" }, "geometry": { "type": "LineString", "coordinates": [ [ 93.6786547, 27.0984058 ], [ 93.6789434, 27.0990789 ] ] } },
{ "type": "Feature", "properties": { "highway": "secondary" }, "geometry": { "type": "LineString", "coordinates": [ [ 93.6698519, 27.0989738 ], [ 93.6698029, 27.0988915 ] ] } },
{ "type": "Feature", "properties": { "highway": "secondary" }, "geometry": { "type": "LineString", "coordinates": [ [ 93.6268965, 27.099146 ], [ 93.6266518, 27.0992563 ] ] } },
{ "type": "Feature", "properties": { "highway": "secondary" }, "geometry": { "type": "LineString", "coordinates": [ [ 93.6158189, 27.0992192 ], [ 93.615695, 27.0994216 ] ] } },
{ "type": "Feature", "properties": { "highway": "trunk" }, "geometry": { "type": "LineString", "coordinates": [ [ 93.6789434, 27.0990789 ], [ 93.6790185, 27.0995708 ] ] } },
{ "type": "Feature", "properties": { "highway": "secondary" }, "geometry": { "type": "LineString", "coordinates": [ [ 93.6157911, 27.099436 ], [ 93.6158189, 27.0992192 ] ] } },
{ "type": "Feature", "properties": { "highway": "trunk" }, "geometry": { "type": "LineString", "coordinates": [ [ 93.6790185, 27.0995708 ], [ 93.6790694, 27.0991247 ] ] } },
{ "type": "Feature", "properties": { "highway": "trunk" }, "geometry": { "type": "LineString", "coordinates": [ [ 93.6246274, 27.096794 ], [ 93.6292714, 27.1019021 ] ] } },
{ "type": "Feature", "properties": { "highway": "secondary" }, "geometry": { "type": "Polygon", "coordinates": [ [ [ 93.6158211, 27.0995159 ], [ 93.6156429, 27.0995118 ], [ 93.6157302, 27.0995771 ], [ 93.6158211, 27.0995159 ] ] ] } },
{ "type": "Feature", "properties": { "highway": "secondary" }, "geometry": { "type": "LineString", "coordinates": [ [ 93.6160538, 27.0995899 ], [ 93.6158149, 27.0994654 ] ] } },
{ "type": "Feature", "properties": { "highway": "secondary" }, "geometry": { "type": "LineString", "coordinates": [ [ 93.6158155, 27.0995255 ], [ 93.6160538, 27.0995899 ] ] } },
{ "type": "Feature", "properties": { "highway": "trunk" }, "geometry": { "type": "LineString", "coordinates": [ [ 93.6726308, 27.1015299 ], [ 93.6751534, 27.0979626 ], [ 93.6786547, 27.0984058 ] ] } },
{ "type": "Feature", "properties": { "highway": "trunk" }, "geometry": { "type": "LineString", "coordinates": [ [ 93.6789434, 27.0990789 ], [ 93.6873748, 27.1007309 ] ] } },
{ "type": "Feature", "properties": { "highway": "secondary" }, "geometry": { "type": "LineString", "coordinates": [ [ 93.6269213, 27.0993815 ], [ 93.6214168, 27.1012495 ], [ 93.6160538, 27.0995899 ] ] } },
{ "type": "Feature", "properties": { "highway": "secondary" }, "geometry": { "type": "LineString", "coordinates": [ [ 93.6713728, 27.1015866 ], [ 93.6698519, 27.0989738 ] ] } },
{ "type": "Feature", "properties": { "highway": "trunk_link" }, "geometry": { "type": "LineString", "coordinates": [ [ 93.6904735, 27.1006757 ], [ 93.690202, 27.1008323 ] ] } },
{ "type": "Feature", "properties": { "highway": "trunk_link" }, "geometry": { "type": "LineString", "coordinates": [ [ 93.6907008, 27.100926 ], [ 93.6905727, 27.1007218 ] ] } },
{ "type": "Feature", "properties": { "highway": "trunk" }, "geometry": { "type": "LineString", "coordinates": [ [ 93.6873748, 27.1007309 ], [ 93.688024, 27.101153 ] ] } },
{ "type": "Feature", "properties": { "highway": "trunk" }, "geometry": { "type": "LineString", "coordinates": [ [ 93.6807076, 27.1028265 ], [ 93.6790185, 27.0995708 ] ] } },
{ "type": "Feature", "properties": { "highway": "trunk" }, "geometry": { "type": "LineString", "coordinates": [ [ 93.688024, 27.101153 ], [ 93.691471, 27.10186 ] ] } },
{ "type": "Feature", "properties": { "highway": "trunk" }, "geometry": { "type": "LineString", "coordinates": [ [ 93.6723881, 27.1015419 ], [ 93.6726308, 27.1015299 ] ] } },
{ "type": "Feature", "properties": { "highway": "trunk" }, "geometry": { "type": "LineString", "coordinates": [ [ 93.6712877, 27.1015949 ], [ 93.6723881, 27.1015419 ] ] } },
{ "type": "Feature", "properties": { "highway": "trunk" }, "geometry": { "type": "LineString", "coordinates": [ [ 93.691471, 27.10186 ], [ 93.6917131, 27.1021734 ] ] } },
{ "type": "Feature", "properties": { "highway": "trunk" }, "geometry": { "type": "LineString", "coordinates": [ [ 93.680792, 27.1028933 ], [ 93.6807076, 27.1028265 ] ] } },
{ "type": "Feature", "properties": { "highway": "trunk" }, "geometry": { "type": "LineString", "coordinates": [ [ 93.6712877, 27.1015949 ], [ 93.6678128, 27.105753 ], [ 93.6647517, 27.1067462 ] ] } },
{ "type": "Feature", "properties": { "highway": "trunk" }, "geometry": { "type": "LineString", "coordinates": [ [ 93.6647517, 27.1067462 ], [ 93.6678699, 27.1058169 ], [ 93.6712877, 27.1015949 ] ] } },
{ "type": "Feature", "properties": { "highway": "trunk" }, "geometry": { "type": "LineString", "coordinates": [ [ 93.6292714, 27.1019021 ], [ 93.6336837, 27.1029822 ], [ 93.6345717, 27.1053195 ], [ 93.642818, 27.102688 ], [ 93.6434107, 27.1045746 ], [ 93.6459251, 27.1039106 ], [ 93.6459925, 27.1059205 ], [ 93.6521545, 27.1082978 ], [ 93.6550822, 27.1086134 ], [ 93.6573958, 27.1064126 ], [ 93.6622282, 27.1076636 ], [ 93.6647517, 27.1067462 ] ] } },
{ "type": "Feature", "properties": { "highway": "trunk" }, "geometry": { "type": "LineString", "coordinates": [ [ 93.6917131, 27.1021734 ], [ 93.6959928, 27.1082988 ], [ 93.6999772, 27.1089387 ], [ 93.7065916, 27.1068687 ], [ 93.7098491, 27.1092013 ], [ 93.7141561, 27.109496 ] ] } },
{ "type": "Feature", "properties": { "highway": "trunk" }, "geometry": { "type": "LineString", "coordinates": [ [ 93.6857436, 27.1097337 ], [ 93.680792, 27.1028933 ] ] } },
{ "type": "Feature", "properties": { "highway": "trunk" }, "geometry": { "type": "LineString", "coordinates": [ [ 93.6858493, 27.1097789 ], [ 93.6857436, 27.1097337 ] ] } },
{ "type": "Feature", "properties": { "highway": "trunk" }, "geometry": { "type": "MultiLineString", "coordinates": [ [ [ 93.8242112, 27.1088458 ], [ 93.826849536526808, 27.103860575875427 ] ], [ [ 93.82736221758276, 27.098306352798442 ], [ 93.8283223, 27.0963401 ] ] ] } },
{ "type": "Feature", "properties": { "highway": "trunk" }, "geometry": { "type": "LineString", "coordinates": [ [ 93.8242712, 27.1087574 ], [ 93.8237527, 27.1085593 ] ] } },
{ "type": "Feature", "properties": { "highway": "trunk" }, "geometry": { "type": "LineString", "coordinates": [ [ 93.8237527, 27.1085593 ], [ 93.8242112, 27.1088458 ] ] } },
{ "type": "Feature", "properties": { "highway": "trunk" }, "geometry": { "type": "LineString", "coordinates": [ [ 93.7141561, 27.109496 ], [ 93.7147281, 27.1097469 ] ] } },
{ "type": "Feature", "properties": { "highway": "trunk" }, "geometry": { "type": "LineString", "coordinates": [ [ 93.8242112, 27.1088458 ], [ 93.8237062, 27.1109323 ], [ 93.8257339, 27.1118686 ] ] } },
{ "type": "Feature", "properties": { "highway": "trunk" }, "geometry": { "type": "LineString", "coordinates": [ [ 93.8073546, 27.1151665 ], [ 93.8130741, 27.1143235 ], [ 93.8237527, 27.1085593 ] ] } },
{ "type": "Feature", "properties": { "highway": "trunk" }, "geometry": { "type": "LineString", "coordinates": [ [ 93.8257339, 27.1118686 ], [ 93.827170301032808, 27.112204406838753 ] ] } },
{ "type": "Feature", "properties": { "highway": "trunk" }, "geometry": { "type": "LineString", "coordinates": [ [ 93.8070376, 27.11533 ], [ 93.8073546, 27.1151665 ] ] } },
{ "type": "Feature", "properties": { "highway": "trunk" }, "geometry": { "type": "LineString", "coordinates": [ [ 93.7147281, 27.1097469 ], [ 93.7136149, 27.1145566 ], [ 93.7193743, 27.1225988 ] ] } },
{ "type": "Feature", "properties": { "highway": "trunk" }, "geometry": { "type": "LineString", "coordinates": [ [ 93.7992015, 27.1186508 ], [ 93.8070376, 27.11533 ] ] } },
{ "type": "Feature", "properties": { "highway": "trunk" }, "geometry": { "type": "LineString", "coordinates": [ [ 93.7990917, 27.1186796 ], [ 93.7992015, 27.1186508 ] ] } },
{ "type": "Feature", "properties": { "highway": "trunk" }, "geometry": { "type": "LineString", "coordinates": [ [ 93.7906051, 27.1192273 ], [ 93.7990917, 27.1186796 ] ] } },
{ "type": "Feature", "properties": { "highway": "trunk" }, "geometry": { "type": "LineString", "coordinates": [ [ 93.7900687, 27.1194171 ], [ 93.7906051, 27.1192273 ] ] } },
{ "type": "Feature", "properties": { "highway": "trunk" }, "geometry": { "type": "LineString", "coordinates": [ [ 93.784605, 27.1214081 ], [ 93.7900687, 27.1194171 ] ] } },
{ "type": "Feature", "properties": { "highway": "trunk" }, "geometry": { "type": "LineString", "coordinates": [ [ 93.7836984, 27.1216111 ], [ 93.784605, 27.1214081 ] ] } },
{ "type": "Feature", "properties": { "highway": "trunk" }, "geometry": { "type": "LineString", "coordinates": [ [ 93.7555359, 27.1227715 ], [ 93.7560655, 27.1217286 ], [ 93.7566346, 27.1233938 ], [ 93.7590334, 27.1233602 ] ] } },
{ "type": "Feature", "properties": { "highway": "trunk" }, "geometry": { "type": "LineString", "coordinates": [ [ 93.7193743, 27.1225988 ], [ 93.719428, 27.1226776 ] ] } },
{ "type": "Feature", "properties": { "highway": "trunk" }, "geometry": { "type": "LineString", "coordinates": [ [ 93.7553282, 27.1230565 ], [ 93.7555359, 27.1227715 ] ] } },
{ "type": "Feature", "properties": { "highway": "trunk" }, "geometry": { "type": "LineString", "coordinates": [ [ 93.7592018, 27.1233168 ], [ 93.7624832, 27.1210046 ], [ 93.7669214, 27.1224737 ], [ 93.7668514, 27.1242383 ], [ 93.7746281, 27.1255229 ], [ 93.7836984, 27.1216111 ] ] } },
{ "type": "Feature", "properties": { "highway": "trunk" }, "geometry": { "type": "LineString", "coordinates": [ [ 93.7590334, 27.1233602 ], [ 93.7592018, 27.1233168 ] ] } },
{ "type": "Feature", "properties": { "highway": "trunk" }, "geometry": { "type": "LineString", "coordinates": [ [ 93.719428, 27.1226776 ], [ 93.7246166, 27.1233516 ], [ 93.7331816, 27.1291819 ], [ 93.7351471, 27.1290629 ] ] } },
{ "type": "Feature", "properties": { "highway": "trunk" }, "geometry": { "type": "LineString", "coordinates": [ [ 93.7448666, 27.1285165 ], [ 93.7529262, 27.1305863 ], [ 93.7553282, 27.1230565 ] ] } },
{ "type": "Feature", "properties": { "highway": "trunk" }, "geometry": { "type": "LineString", "coordinates": [ [ 93.7051861, 27.1276429 ], [ 93.7051439, 27.1275439 ] ] } },
{ "type": "Feature", "properties": { "highway": "trunk" }, "geometry": { "type": "LineString", "coordinates": [ [ 93.7435521, 27.1287 ], [ 93.7448666, 27.1285165 ] ] } },
{ "type": "Feature", "properties": { "highway": "trunk" }, "geometry": { "type": "LineString", "coordinates": [ [ 93.7351471, 27.1290629 ], [ 93.7435521, 27.1287 ] ] } },
{ "type": "Feature", "properties": { "highway": "primary" }, "geometry": { "type": "LineString", "coordinates": [ [ 93.7351471, 27.1290629 ], [ 93.7376541, 27.1331359 ], [ 93.74118, 27.1352204 ], [ 93.7505211, 27.1364326 ] ] } },
{ "type": "Feature", "properties": { "highway": "trunk" }, "geometry": { "type": "LineString", "coordinates": [ [ 93.7157178, 27.1411922 ], [ 93.7089788, 27.1413367 ], [ 93.7055625, 27.1382511 ], [ 93.7067988, 27.1309646 ], [ 93.7051861, 27.1276429 ] ] } },
{ "type": "Feature", "properties": { "highway": "primary" }, "geometry": { "type": "LineString", "coordinates": [ [ 93.7505211, 27.1364326 ], [ 93.7518475, 27.1384387 ] ] } },
{ "type": "Feature", "properties": { "highway": "trunk" }, "geometry": { "type": "LineString", "coordinates": [ [ 93.7177622, 27.1378523 ], [ 93.7160098, 27.1410047 ] ] } },
{ "type": "Feature", "properties": { "highway": "trunk" }, "geometry": { "type": "LineString", "coordinates": [ [ 93.7239488, 27.1430987 ], [ 93.7177622, 27.1378523 ] ] } },
{ "type": "Feature", "properties": { "highway": "primary" }, "geometry": { "type": "LineString", "coordinates": [ [ 93.7518475, 27.1384387 ], [ 93.7492895, 27.1432562 ] ] } },
{ "type": "Feature", "properties": { "highway": "trunk" }, "geometry": { "type": "LineString", "coordinates": [ [ 93.7160098, 27.1410047 ], [ 93.7157178, 27.1411922 ] ] } },
{ "type": "Feature", "properties": { "highway": "trunk" }, "geometry": { "type": "LineString", "coordinates": [ [ 93.7240487, 27.1431183 ], [ 93.7239488, 27.1430987 ] ] } },
{ "type": "Feature", "properties": { "highway": "primary" }, "geometry": { "type": "LineString", "coordinates": [ [ 93.7492895, 27.1432562 ], [ 93.7493482, 27.1433837 ] ] } },
{ "type": "Feature", "properties": { "highway": "trunk" }, "geometry": { "type": "LineString", "coordinates": [ [ 93.7293771, 27.1452755 ], [ 93.7240487, 27.1431183 ] ] } },
{ "type": "Feature", "properties": { "highway": "trunk" }, "geometry": { "type": "LineString", "coordinates": [ [ 93.7296434, 27.1454112 ], [ 93.7293771, 27.1452755 ] ] } },
{ "type": "Feature", "properties": { "highway": "primary" }, "geometry": { "type": "LineString", "coordinates": [ [ 93.7493482, 27.1433837 ], [ 93.7546188, 27.1472024 ], [ 93.7575477, 27.1531738 ], [ 93.7551311, 27.1554247 ], [ 93.750999, 27.1551163 ], [ 93.7505329, 27.1583046 ] ] } },
{ "type": "Feature", "properties": { "highway": "trunk" }, "geometry": { "type": "LineString", "coordinates": [ [ 93.7460411, 27.1624551 ], [ 93.7418772, 27.1633058 ], [ 93.7371021, 27.1588608 ], [ 93.7370774, 27.1550157 ], [ 93.7333332, 27.1511425 ], [ 93.7324648, 27.1465517 ], [ 93.7296434, 27.1454112 ] ] } },
{ "type": "Feature", "properties": { "highway": "primary" }, "geometry": { "type": "LineString", "coordinates": [ [ 93.7505329, 27.1583046 ], [ 93.7504899, 27.1593451 ] ] } },
{ "type": "Feature", "properties": { "highway": "primary" }, "geometry": { "type": "LineString", "coordinates": [ [ 93.7504899, 27.1593451 ], [ 93.7504639, 27.1601565 ] ] } },
{ "type": "Feature", "properties": { "highway": "trunk" }, "geometry": { "type": "LineString", "coordinates": [ [ 93.7504639, 27.1601565 ], [ 93.7461969, 27.1624166 ] ] } },
{ "type": "Feature", "properties": { "highway": "trunk" }, "geometry": { "type": "LineString", "coordinates": [ [ 93.6968753, 27.1174201 ], [ 93.6892072, 27.1134655 ], [ 93.6858493, 27.1097789 ] ] } },
{ "type": "Feature", "properties": { "highway": "trunk" }, "geometry": { "type": "LineString", "coordinates": [ [ 93.696953, 27.1175195 ], [ 93.6968753, 27.1174201 ] ] } },
{ "type": "Feature", "properties": { "highway": "trunk" }, "geometry": { "type": "LineString", "coordinates": [ [ 93.6997026, 27.1207245 ], [ 93.696953, 27.1175195 ] ] } },
{ "type": "Feature", "properties": { "highway": "trunk" }, "geometry": { "type": "LineString", "coordinates": [ [ 93.6998003, 27.1209179 ], [ 93.6997026, 27.1207245 ] ] } },
{ "type": "Feature", "properties": { "highway": "trunk" }, "geometry": { "type": "LineString", "coordinates": [ [ 93.7051439, 27.1275439 ], [ 93.7033233, 27.1236146 ], [ 93.6998003, 27.1209179 ] ] } },
{ "type": "Feature", "properties": { "highway": "trunk" }, "geometry": { "type": "LineString", "coordinates": [ [ 93.6110007, 27.2123178 ], [ 93.6153923, 27.2075304 ], [ 93.6271794, 27.2093879 ], [ 93.6294363, 27.2135011 ], [ 93.632385, 27.2146302 ], [ 93.641668, 27.2121915 ] ] } },
{ "type": "Feature", "properties": { "highway": "trunk" }, "geometry": { "type": "LineString", "coordinates": [ [ 93.641668, 27.2121915 ], [ 93.6419213, 27.2122484 ] ] } },
{ "type": "Feature", "properties": { "highway": "trunk" }, "geometry": { "type": "LineString", "coordinates": [ [ 93.6109164, 27.2123252 ], [ 93.6110007, 27.2123178 ] ] } },
{ "type": "Feature", "properties": { "highway": "trunk" }, "geometry": { "type": "LineString", "coordinates": [ [ 93.6419213, 27.2122484 ], [ 93.645249, 27.2163752 ], [ 93.6505641, 27.2168216 ] ] } },
{ "type": "Feature", "properties": { "highway": "trunk" }, "geometry": { "type": "LineString", "coordinates": [ [ 93.6602513, 27.2159625 ], [ 93.6605409, 27.2157361 ] ] } },
{ "type": "Feature", "properties": { "highway": "trunk" }, "geometry": { "type": "LineString", "coordinates": [ [ 93.7504639, 27.1601565 ], [ 93.7523775, 27.1606874 ], [ 93.753118, 27.1638201 ] ] } },
{ "type": "Feature", "properties": { "highway": "trunk" }, "geometry": { "type": "LineString", "coordinates": [ [ 93.7461969, 27.1624166 ], [ 93.7460411, 27.1624551 ] ] } },
{ "type": "Feature", "properties": { "highway": "trunk" }, "geometry": { "type": "LineString", "coordinates": [ [ 93.753118, 27.1638201 ], [ 93.7533632, 27.1638645 ] ] } },
{ "type": "Feature", "properties": { "highway": "trunk" }, "geometry": { "type": "LineString", "coordinates": [ [ 93.7533632, 27.1638645 ], [ 93.7534694, 27.1638713 ] ] } },
{ "type": "Feature", "properties": { "highway": "trunk" }, "geometry": { "type": "LineString", "coordinates": [ [ 93.7534694, 27.1638713 ], [ 93.7585193, 27.16561 ], [ 93.7706201, 27.1747829 ] ] } },
{ "type": "Feature", "properties": { "highway": "trunk" }, "geometry": { "type": "LineString", "coordinates": [ [ 93.7706201, 27.1747829 ], [ 93.7707286, 27.174877 ] ] } },
{ "type": "Feature", "properties": { "highway": "trunk" }, "geometry": { "type": "LineString", "coordinates": [ [ 93.7707286, 27.174877 ], [ 93.7731334, 27.1782838 ] ] } },
{ "type": "Feature", "properties": { "highway": "trunk" }, "geometry": { "type": "LineString", "coordinates": [ [ 93.7731334, 27.1782838 ], [ 93.7732851, 27.1783715 ] ] } },
{ "type": "Feature", "properties": { "highway": "trunk" }, "geometry": { "type": "LineString", "coordinates": [ [ 93.7732851, 27.1783715 ], [ 93.7760513, 27.1821647 ], [ 93.7820131, 27.1841364 ], [ 93.7838942, 27.1864378 ], [ 93.7820488, 27.1930207 ], [ 93.7803128, 27.1938237 ], [ 93.7823325, 27.1947172 ], [ 93.7817748, 27.1963304 ] ] } },
{ "type": "Feature", "properties": { "highway": "trunk" }, "geometry": { "type": "LineString", "coordinates": [ [ 93.7817748, 27.1963304 ], [ 93.7866684, 27.1984008 ], [ 93.7936118, 27.2044069 ], [ 93.7965541, 27.2113641 ], [ 93.7964134, 27.2147506 ] ] } },
{ "type": "Feature", "properties": { "highway": "trunk" }, "geometry": { "type": "LineString", "coordinates": [ [ 93.7964134, 27.2147506 ], [ 93.7963946, 27.2148607 ] ] } },
{ "type": "Feature", "properties": { "highway": "trunk" }, "geometry": { "type": "LineString", "coordinates": [ [ 93.7963946, 27.2148607 ], [ 93.7983274, 27.2164686 ], [ 93.7989581, 27.2212739 ], [ 93.7981081, 27.22817 ], [ 93.8088941, 27.2340092 ], [ 93.8099111, 27.2377352 ], [ 93.8060608, 27.2370209 ], [ 93.8062477, 27.2391106 ] ] } },
{ "type": "Feature", "properties": { "highway": "trunk" }, "geometry": { "type": "LineString", "coordinates": [ [ 93.7115014, 27.2361076 ], [ 93.7078294, 27.2337746 ], [ 93.7099992, 27.2312368 ], [ 93.7089726, 27.2298751 ], [ 93.7039855, 27.2277897 ] ] } },
{ "type": "Feature", "properties": { "highway": "trunk" }, "geometry": { "type": "LineString", "coordinates": [ [ 93.7115994, 27.2362845 ], [ 93.7115014, 27.2361076 ] ] } },
{ "type": "Feature", "properties": { "highway": "trunk" }, "geometry": { "type": "LineString", "coordinates": [ [ 93.7194606, 27.2389806 ], [ 93.7182245, 27.2364792 ], [ 93.7115994, 27.2362845 ] ] } },
{ "type": "Feature", "properties": { "highway": "trunk" }, "geometry": { "type": "LineString", "coordinates": [ [ 93.7195812, 27.2390839 ], [ 93.7194606, 27.2389806 ] ] } },
{ "type": "Feature", "properties": { "highway": "trunk" }, "geometry": { "type": "LineString", "coordinates": [ [ 93.8062477, 27.2391106 ], [ 93.8061306, 27.2394886 ] ] } },
{ "type": "Feature", "properties": { "highway": "trunk" }, "geometry": { "type": "LineString", "coordinates": [ [ 93.8061306, 27.2394886 ], [ 93.8062762, 27.239696 ] ] } },
{ "type": "Feature", "properties": { "highway": "trunk" }, "geometry": { "type": "LineString", "coordinates": [ [ 93.7231379, 27.2424092 ], [ 93.7195812, 27.2390839 ] ] } },
{ "type": "Feature", "properties": { "highway": "trunk" }, "geometry": { "type": "LineString", "coordinates": [ [ 93.7300208, 27.2416859 ], [ 93.7242258, 27.2395399 ], [ 93.7233289, 27.2425075 ] ] } },
{ "type": "Feature", "properties": { "highway": "trunk" }, "geometry": { "type": "LineString", "coordinates": [ [ 93.5975877, 27.2200749 ], [ 93.6019566, 27.2179367 ], [ 93.606121, 27.2118839 ], [ 93.6109164, 27.2123252 ] ] } },
{ "type": "Feature", "properties": { "highway": "trunk" }, "geometry": { "type": "LineString", "coordinates": [ [ 93.6507729, 27.2168771 ], [ 93.6602513, 27.2159625 ] ] } },
{ "type": "Feature", "properties": { "highway": "trunk" }, "geometry": { "type": "LineString", "coordinates": [ [ 93.6505641, 27.2168216 ], [ 93.6507729, 27.2168771 ] ] } },
{ "type": "Feature", "properties": { "highway": "trunk" }, "geometry": { "type": "LineString", "coordinates": [ [ 93.6605409, 27.2157361 ], [ 93.6623145, 27.214842 ], [ 93.6651526, 27.2178157 ], [ 93.6707584, 27.2191974 ] ] } },
{ "type": "Feature", "properties": { "highway": "trunk" }, "geometry": { "type": "LineString", "coordinates": [ [ 93.6707584, 27.2191974 ], [ 93.6776736, 27.2187717 ], [ 93.6795606, 27.2164834 ], [ 93.6829636, 27.2177719 ], [ 93.6854662, 27.2168719 ] ] } },
{ "type": "Feature", "properties": { "highway": "trunk" }, "geometry": { "type": "LineString", "coordinates": [ [ 93.5969316, 27.2208722 ], [ 93.5975877, 27.2200749 ] ] } },
{ "type": "Feature", "properties": { "highway": "trunk" }, "geometry": { "type": "LineString", "coordinates": [ [ 93.5945643, 27.2222014 ], [ 93.5969316, 27.2208722 ] ] } },
{ "type": "Feature", "properties": { "highway": "trunk" }, "geometry": { "type": "LineString", "coordinates": [ [ 93.7038604, 27.2276454 ], [ 93.6953278, 27.2186193 ], [ 93.689475, 27.2157089 ], [ 93.6854662, 27.2168719 ] ] } },
{ "type": "Feature", "properties": { "highway": "trunk" }, "geometry": { "type": "LineString", "coordinates": [ [ 93.7039855, 27.2277897 ], [ 93.7038604, 27.2276454 ] ] } },
{ "type": "Feature", "properties": { "highway": "trunk" }, "geometry": { "type": "LineString", "coordinates": [ [ 93.5190589, 27.2458366 ], [ 93.5183828, 27.2416685 ], [ 93.5208826, 27.2409222 ], [ 93.5237209, 27.2353778 ], [ 93.5284328, 27.234419 ], [ 93.5316437, 27.2359018 ], [ 93.534179, 27.2347248 ], [ 93.5357693, 27.2362896 ], [ 93.5342199, 27.2304432 ], [ 93.5357554, 27.2281392 ], [ 93.5401166, 27.232195 ], [ 93.5496588, 27.2311922 ], [ 93.5581723, 27.233019 ], [ 93.5608715, 27.2322913 ], [ 93.5619192, 27.2296734 ], [ 93.5666971, 27.2295812 ], [ 93.5700985, 27.2274336 ], [ 93.5708937, 27.2240826 ], [ 93.575835, 27.2259424 ], [ 93.5789085, 27.2246053 ], [ 93.5812499, 27.2205541 ], [ 93.5873887, 27.220149 ], [ 93.5945643, 27.2222014 ] ] } },
{ "type": "Feature", "properties": { "highway": "trunk" }, "geometry": { "type": "LineString", "coordinates": [ [ 93.7303783, 27.2415332 ], [ 93.7300208, 27.2416859 ] ] } },
{ "type": "Feature", "properties": { "highway": "trunk" }, "geometry": { "type": "LineString", "coordinates": [ [ 93.7580356, 27.2440179 ], [ 93.7532366, 27.2393478 ], [ 93.7487084, 27.2425028 ], [ 93.7448657, 27.2393406 ], [ 93.7437147, 27.2419437 ], [ 93.7405634, 27.240791 ], [ 93.7350051, 27.2433074 ], [ 93.7311524, 27.2406552 ], [ 93.7303783, 27.2415332 ] ] } },
{ "type": "Feature", "properties": { "highway": "trunk" }, "geometry": { "type": "LineString", "coordinates": [ [ 93.7233289, 27.2425075 ], [ 93.7231379, 27.2424092 ] ] } },
{ "type": "Feature", "properties": { "highway": "trunk" }, "geometry": { "type": "LineString", "coordinates": [ [ 93.7581278, 27.2440839 ], [ 93.7580356, 27.2440179 ] ] } },
{ "type": "Feature", "properties": { "highway": "trunk" }, "geometry": { "type": "LineString", "coordinates": [ [ 93.8062762, 27.239696 ], [ 93.8077425, 27.2407564 ], [ 93.8050824, 27.2429525 ], [ 93.8047511, 27.2465984 ], [ 93.8073574, 27.2487502 ], [ 93.8070657, 27.2509931 ], [ 93.8018542, 27.2548735 ], [ 93.7964844, 27.2555642 ] ] } },
{ "type": "Feature", "properties": { "highway": "trunk" }, "geometry": { "type": "LineString", "coordinates": [ [ 93.7724493, 27.2560924 ], [ 93.7716445, 27.2536448 ], [ 93.7664346, 27.2499913 ], [ 93.7651703, 27.2464605 ], [ 93.7581278, 27.2440839 ] ] } },
{ "type": "Feature", "properties": { "highway": "trunk" }, "geometry": { "type": "LineString", "coordinates": [ [ 93.7960435, 27.256084 ], [ 93.7938784, 27.2553074 ] ] } },
{ "type": "Feature", "properties": { "highway": "trunk" }, "geometry": { "type": "LineString", "coordinates": [ [ 93.7964844, 27.2555642 ], [ 93.7960435, 27.256084 ] ] } },
{ "type": "Feature", "properties": { "highway": "trunk" }, "geometry": { "type": "LineString", "coordinates": [ [ 93.7726725, 27.2564341 ], [ 93.7724493, 27.2560924 ] ] } },
{ "type": "Feature", "properties": { "highway": "trunk" }, "geometry": { "type": "LineString", "coordinates": [ [ 93.7728972, 27.2565427 ], [ 93.7726725, 27.2564341 ] ] } },
{ "type": "Feature", "properties": { "highway": "secondary" }, "geometry": { "type": "LineString", "coordinates": [ [ 93.96813964769261, 27.304529627590149 ], [ 93.9680188, 27.3046192 ] ] } },
{ "type": "Feature", "properties": { "highway": "trunk" }, "geometry": { "type": "LineString", "coordinates": [ [ 93.7938784, 27.2553074 ], [ 93.7977923, 27.258185 ], [ 93.7958832, 27.2605953 ] ] } },
{ "type": "Feature", "properties": { "highway": "trunk" }, "geometry": { "type": "LineString", "coordinates": [ [ 93.7793782, 27.2609125 ], [ 93.7779366, 27.2582626 ], [ 93.7728972, 27.2565427 ] ] } },
{ "type": "Feature", "properties": { "highway": "trunk" }, "geometry": { "type": "LineString", "coordinates": [ [ 93.7863863, 27.2611228 ], [ 93.7843497, 27.2588448 ], [ 93.779452, 27.2610012 ] ] } },
{ "type": "Feature", "properties": { "highway": "trunk" }, "geometry": { "type": "LineString", "coordinates": [ [ 93.7958832, 27.2605953 ], [ 93.7866288, 27.2611213 ] ] } },
{ "type": "Feature", "properties": { "highway": "trunk" }, "geometry": { "type": "LineString", "coordinates": [ [ 93.779452, 27.2610012 ], [ 93.7793782, 27.2609125 ] ] } },
{ "type": "Feature", "properties": { "highway": "trunk" }, "geometry": { "type": "LineString", "coordinates": [ [ 93.7866288, 27.2611213 ], [ 93.7863863, 27.2611228 ] ] } },
{ "type": "Feature", "properties": { "highway": "trunk" }, "geometry": { "type": "LineString", "coordinates": [ [ 93.7958832, 27.2605953 ], [ 93.7969561, 27.2652712 ], [ 93.8030888, 27.2694874 ], [ 93.7977834, 27.2705377 ], [ 93.7985093, 27.2742979 ], [ 93.7951574, 27.2742499 ], [ 93.7966474, 27.2782194 ], [ 93.7952821, 27.2807848 ], [ 93.7983341, 27.2798195 ], [ 93.800768, 27.2846646 ], [ 93.7977451, 27.2860216 ], [ 93.7994577, 27.2899415 ], [ 93.7967432, 27.291248 ], [ 93.7970073, 27.2924464 ] ] } },
{ "type": "Feature", "properties": { "highway": "trunk" }, "geometry": { "type": "LineString", "coordinates": [ [ 93.7970073, 27.2924464 ], [ 93.7971684, 27.2924454 ] ] } },
{ "type": "Feature", "properties": { "highway": "trunk" }, "geometry": { "type": "LineString", "coordinates": [ [ 93.7971684, 27.2924454 ], [ 93.8003588, 27.2914794 ], [ 93.8034393, 27.294358 ], [ 93.8019655, 27.2986816 ], [ 93.8025337, 27.3016737 ], [ 93.8044599, 27.302356 ], [ 93.8039325, 27.3043759 ], [ 93.8055517, 27.3041799 ], [ 93.8064698, 27.30717 ], [ 93.8168912, 27.316528 ], [ 93.8186518, 27.3152272 ], [ 93.8177946, 27.3120032 ], [ 93.8187213, 27.3108807 ], [ 93.8206163, 27.3169316 ], [ 93.8197435, 27.320082 ], [ 93.8144193, 27.3186635 ], [ 93.8122317, 27.316231 ], [ 93.8096354, 27.3164626 ], [ 93.8101959, 27.3142738 ], [ 93.8082935, 27.316922 ], [ 93.8119259, 27.317133 ], [ 93.8116475, 27.3185278 ], [ 93.8149005, 27.3215326 ], [ 93.8188231, 27.3241939 ], [ 93.8223683, 27.3244704 ], [ 93.8210233, 27.3280774 ], [ 93.8226283, 27.3365609 ], [ 93.8208273, 27.3367757 ], [ 93.8194212, 27.3341004 ], [ 93.8203155, 27.3321163 ], [ 93.8186471, 27.3308281 ], [ 93.8163105, 27.3317964 ], [ 93.8139832, 27.3274376 ], [ 93.8120418, 27.3278134 ], [ 93.8116621, 27.3307357 ], [ 93.813233, 27.3355509 ], [ 93.8078538, 27.339113 ], [ 93.7992386, 27.3406364 ], [ 93.7978057, 27.3392421 ], [ 93.7989566, 27.3373646 ], [ 93.7961088, 27.3385468 ], [ 93.7910498, 27.334898 ] ] } },
{ "type": "Feature", "properties": { "highway": "trunk" }, "geometry": { "type": "LineString", "coordinates": [ [ 93.7910498, 27.334898 ], [ 93.7908563, 27.3351241 ] ] } },
{ "type": "Feature", "properties": { "highway": "secondary" }, "geometry": { "type": "LineString", "coordinates": [ [ 93.9680188, 27.3046192 ], [ 93.9674137, 27.3053447 ] ] } },
{ "type": "Feature", "properties": { "highway": "secondary" }, "geometry": { "type": "LineString", "coordinates": [ [ 93.9674137, 27.3053447 ], [ 93.9695608, 27.3092866 ], [ 93.9652979, 27.3157842 ], [ 93.9659304, 27.3179954 ], [ 93.9694758, 27.3219416 ], [ 93.9786634, 27.327425 ], [ 93.9781924, 27.3342356 ], [ 93.9840874, 27.3337021 ], [ 93.9878766, 27.3382992 ], [ 93.9834047, 27.3423588 ], [ 93.9852067, 27.3451683 ], [ 93.9822029, 27.3491499 ] ] } },
{ "type": "Feature", "properties": { "highway": "secondary" }, "geometry": { "type": "LineString", "coordinates": [ [ 93.9822029, 27.3491499 ], [ 93.9809961, 27.3493502 ] ] } },
{ "type": "Feature", "properties": { "highway": "secondary" }, "geometry": { "type": "LineString", "coordinates": [ [ 93.9809961, 27.3493502 ], [ 93.9784419, 27.3505121 ], [ 93.9765324, 27.347631 ], [ 93.9743782, 27.3475556 ], [ 93.9720936, 27.3518534 ], [ 93.9738493, 27.3535951 ], [ 93.9691095, 27.3525017 ], [ 93.9686219, 27.3510886 ], [ 93.9653435, 27.3538852 ], [ 93.9612252, 27.3515883 ], [ 93.9506449, 27.3530042 ] ] } },
{ "type": "Feature", "properties": { "highway": "secondary" }, "geometry": { "type": "LineString", "coordinates": [ [ 93.9506449, 27.3530042 ], [ 93.949186, 27.3519881 ] ] } },
{ "type": "Feature", "properties": { "highway": "trunk" }, "geometry": { "type": "LineString", "coordinates": [ [ 93.7908563, 27.3351241 ], [ 93.793839, 27.3426756 ], [ 93.7920747, 27.3474764 ], [ 93.7879433, 27.3483268 ], [ 93.7844293, 27.3538443 ], [ 93.7813434, 27.3546364 ], [ 93.7810039, 27.3561184 ] ] } },
{ "type": "Feature", "properties": { "highway": "secondary" }, "geometry": { "type": "LineString", "coordinates": [ [ 93.949186, 27.3519881 ], [ 93.9380454, 27.3522849 ], [ 93.9373988, 27.3514452 ], [ 93.9390441, 27.3504891 ], [ 93.9391168, 27.3498785 ], [ 93.9386114, 27.3493188 ], [ 93.9344833, 27.3507678 ], [ 93.9354182, 27.3521062 ], [ 93.9338654, 27.3564155 ], [ 93.9319006, 27.3576125 ], [ 93.9293979, 27.3566853 ], [ 93.9295343, 27.3635504 ], [ 93.9249187, 27.3697259 ], [ 93.9174917, 27.3741379 ], [ 93.9148052, 27.3779803 ], [ 93.9077509, 27.3763791 ], [ 93.9091907, 27.3785701 ], [ 93.9069668, 27.3805815 ], [ 93.9082447, 27.3844593 ], [ 93.9025742, 27.3846895 ], [ 93.8951762, 27.3800769 ], [ 93.888171, 27.3799892 ], [ 93.8848583, 27.3773604 ], [ 93.8761608, 27.3753749 ], [ 93.8723943, 27.3719908 ], [ 93.872537, 27.3707226 ], [ 93.875026, 27.3712959 ], [ 93.8748549, 27.3737519 ], [ 93.8774691, 27.3748305 ], [ 93.8790566, 27.3744347 ], [ 93.880754, 27.3729386 ], [ 93.8765154, 27.3734546 ], [ 93.8779358, 27.3693535 ], [ 93.8751027, 27.3686284 ], [ 93.8694217, 27.3634685 ], [ 93.8664002, 27.36262 ], [ 93.8648188, 27.3677138 ], [ 93.8609794, 27.3670761 ], [ 93.8600319, 27.3647431 ], [ 93.8629099, 27.3655141 ], [ 93.8627899, 27.3632409 ], [ 93.8651958, 27.3604257 ], [ 93.8604742, 27.357126 ], [ 93.8588423, 27.3571077 ], [ 93.8594212, 27.3601414 ], [ 93.8577194, 27.3579614 ], [ 93.8554151, 27.358009 ], [ 93.8545378, 27.3540524 ], [ 93.85561, 27.3521679 ], [ 93.8531432, 27.352292 ], [ 93.8549666, 27.3478283 ], [ 93.8524395, 27.3475251 ], [ 93.8541673, 27.3404514 ], [ 93.8452951, 27.3430336 ], [ 93.8386639, 27.3368728 ], [ 93.8419005, 27.3349776 ], [ 93.8365906, 27.3348204 ], [ 93.8381197, 27.3329556 ], [ 93.8364844, 27.3318041 ], [ 93.8303693, 27.3326941 ], [ 93.830974, 27.330634 ], [ 93.8278966, 27.3287038 ], [ 93.8291111, 27.327467 ], [ 93.825501, 27.3249859 ], [ 93.8220399, 27.3283178 ], [ 93.8224255, 27.3329574 ] ] } },
{ "type": "Feature", "properties": { "highway": "trunk" }, "geometry": { "type": "LineString", "coordinates": [ [ 93.7810039, 27.3561184 ], [ 93.7809545, 27.3563409 ] ] } },
{ "type": "Feature", "properties": { "highway": "trunk" }, "geometry": { "type": "LineString", "coordinates": [ [ 93.7809545, 27.3563409 ], [ 93.7804368, 27.3575356 ] ] } },
{ "type": "Feature", "properties": { "highway": "trunk" }, "geometry": { "type": "LineString", "coordinates": [ [ 93.7804368, 27.3575356 ], [ 93.7784868, 27.3592461 ], [ 93.7779504, 27.3635875 ], [ 93.7644407, 27.3729668 ], [ 93.7647097, 27.3772432 ], [ 93.7606632, 27.3851354 ], [ 93.75728, 27.3877226 ], [ 93.7592407, 27.3938181 ], [ 93.7575898, 27.3969544 ], [ 93.7465893, 27.4048817 ] ] } },
{ "type": "Feature", "properties": { "highway": "trunk" }, "geometry": { "type": "LineString", "coordinates": [ [ 93.7465893, 27.4048817 ], [ 93.7463661, 27.4048217 ] ] } },
{ "type": "Feature", "properties": { "highway": "trunk" }, "geometry": { "type": "LineString", "coordinates": [ [ 93.7463661, 27.4048217 ], [ 93.7429476, 27.4044624 ], [ 93.7418999, 27.4051452 ], [ 93.7435088, 27.4049889 ], [ 93.741582, 27.4109822 ], [ 93.7421008, 27.4150172 ], [ 93.7436044, 27.4180967 ], [ 93.7504003, 27.420535 ], [ 93.7421366, 27.419681 ], [ 93.7449709, 27.4210551 ], [ 93.7466255, 27.4245773 ], [ 93.7501129, 27.4259744 ], [ 93.7465794, 27.425862 ], [ 93.7486656, 27.4267636 ], [ 93.7501619, 27.4307376 ], [ 93.7523574, 27.4308525 ] ] } },
{ "type": "Feature", "properties": { "highway": "trunk" }, "geometry": { "type": "LineString", "coordinates": [ [ 93.7523574, 27.4308525 ], [ 93.7545328, 27.4307836 ], [ 93.7540465, 27.4334805 ], [ 93.7556176, 27.4353704 ], [ 93.754291, 27.4371632 ], [ 93.7564635, 27.4411956 ], [ 93.7560031, 27.4436701 ], [ 93.7575838, 27.4445069 ] ] } },
{ "type": "Feature", "properties": { "highway": "secondary" }, "geometry": { "type": "LineString", "coordinates": [ [ 93.7669709, 27.4621983 ], [ 93.7665664, 27.4586934 ], [ 93.7701457, 27.4579585 ], [ 93.7720846, 27.4604171 ], [ 93.7696128, 27.4619278 ], [ 93.7699341, 27.4632273 ] ] } },
{ "type": "Feature", "properties": { "highway": "trunk" }, "geometry": { "type": "LineString", "coordinates": [ [ 93.7575838, 27.4445069 ], [ 93.7591137, 27.4546605 ], [ 93.7619077, 27.4558172 ], [ 93.7617379, 27.4590216 ], [ 93.7642842, 27.4599429 ], [ 93.7642913, 27.4615947 ], [ 93.7690816, 27.4643862 ], [ 93.768177, 27.4709119 ], [ 93.7626529, 27.4733268 ], [ 93.7635104, 27.477414 ] ] } },
{ "type": "Feature", "properties": { "highway": "trunk" }, "geometry": { "type": "LineString", "coordinates": [ [ 93.4972477, 27.2488651 ], [ 93.507694, 27.2530127 ], [ 93.5068213, 27.2494556 ], [ 93.5166911, 27.2453799 ], [ 93.5203027, 27.2474908 ], [ 93.5190589, 27.2458366 ] ] } },
{ "type": "Feature", "properties": { "highway": "secondary" }, "geometry": { "type": "LineString", "coordinates": [ [ 93.6246015, 27.4843676 ], [ 93.6230521, 27.4842574 ], [ 93.6226786, 27.4813426 ], [ 93.6193906, 27.4807473 ] ] } },
{ "type": "Feature", "properties": { "highway": "secondary" }, "geometry": { "type": "LineString", "coordinates": [ [ 93.635954, 27.4898692 ], [ 93.6345609, 27.485671 ], [ 93.628357, 27.4860135 ], [ 93.6252864, 27.4884112 ], [ 93.6245664, 27.4865435 ], [ 93.6225236, 27.4875016 ], [ 93.6246015, 27.4843676 ] ] } },
{ "type": "Feature", "properties": { "highway": "secondary" }, "geometry": { "type": "LineString", "coordinates": [ [ 93.636307, 27.4921564 ], [ 93.635954, 27.4898692 ] ] } },
{ "type": "Feature", "properties": { "highway": "secondary" }, "geometry": { "type": "LineString", "coordinates": [ [ 93.642368, 27.5072447 ], [ 93.6395811, 27.5035743 ], [ 93.6399602, 27.5014138 ], [ 93.6361239, 27.5005638 ], [ 93.6375601, 27.4946036 ], [ 93.635419, 27.4942798 ], [ 93.636307, 27.4921564 ] ] } },
{ "type": "Feature", "properties": { "highway": "secondary" }, "geometry": { "type": "LineString", "coordinates": [ [ 93.7043388, 27.5239213 ], [ 93.7011803, 27.5207239 ], [ 93.6985287, 27.5211844 ], [ 93.6984629, 27.5199289 ], [ 93.6925506, 27.5174361 ] ] } },
{ "type": "Feature", "properties": { "highway": "trunk" }, "geometry": { "type": "LineString", "coordinates": [ [ 93.6814521, 27.5736384 ], [ 93.6821071, 27.571637 ], [ 93.6892857, 27.5687254 ], [ 93.6926904, 27.5688845 ], [ 93.6940606, 27.5658488 ], [ 93.6867782, 27.5628916 ], [ 93.6879364, 27.5618462 ], [ 93.6869134, 27.5600675 ], [ 93.685013, 27.5596316 ], [ 93.6844887, 27.558486 ], [ 93.6862597, 27.5562486 ], [ 93.6882079, 27.5559789 ], [ 93.6894815, 27.5536196 ], [ 93.6972474, 27.55648 ], [ 93.6999665, 27.5519229 ] ] } },
{ "type": "Feature", "properties": { "highway": "trunk" }, "geometry": { "type": "LineString", "coordinates": [ [ 93.6783973, 27.5967315 ], [ 93.6799316, 27.5967626 ], [ 93.6792912, 27.5935499 ], [ 93.6753407, 27.5885655 ], [ 93.679029, 27.5871453 ], [ 93.6763144, 27.586363 ], [ 93.6786013, 27.5845469 ], [ 93.6751731, 27.5827888 ], [ 93.6757252, 27.5812241 ], [ 93.6724346, 27.5776517 ], [ 93.6806176, 27.5777968 ], [ 93.6814521, 27.5736384 ] ] } },
{ "type": "Feature", "properties": { "highway": "trunk" }, "geometry": { "type": "LineString", "coordinates": [ [ 93.6252876, 27.6414741 ], [ 93.6235706, 27.6396498 ], [ 93.6219454, 27.6402042 ], [ 93.6236234, 27.6386969 ], [ 93.626461, 27.6403237 ], [ 93.6272844, 27.6374478 ], [ 93.6286494, 27.6372589 ], [ 93.6322635, 27.6409976 ], [ 93.6339102, 27.6404744 ], [ 93.6347511, 27.6426088 ], [ 93.6338808, 27.637647 ], [ 93.6457028, 27.6363138 ], [ 93.646575, 27.6322085 ], [ 93.6440874, 27.6296373 ], [ 93.6456578, 27.6290984 ], [ 93.6465105, 27.6259813 ], [ 93.6473661, 27.6143361 ], [ 93.6512598, 27.6151705 ], [ 93.652, 27.611839 ], [ 93.658618, 27.6098729 ], [ 93.6592868, 27.6055699 ], [ 93.6603272, 27.6068697 ], [ 93.6636401, 27.6050951 ], [ 93.667264, 27.6058923 ], [ 93.6697164, 27.6095264 ], [ 93.6708663, 27.6050067 ], [ 93.6680228, 27.6040605 ], [ 93.6694152, 27.6034348 ], [ 93.6692235, 27.6007468 ], [ 93.6712926, 27.6032373 ], [ 93.6704849, 27.6006671 ], [ 93.6744139, 27.600882 ], [ 93.6783973, 27.5967315 ] ] } },
{ "type": "Feature", "properties": { "highway": "trunk" }, "geometry": { "type": "LineString", "coordinates": [ [ 93.6237731, 27.6474618 ], [ 93.6224332, 27.6429112 ], [ 93.6204791, 27.6422794 ], [ 93.6252573, 27.6437302 ], [ 93.6265564, 27.6425048 ], [ 93.626962, 27.6436184 ], [ 93.6275149, 27.641254 ], [ 93.6252876, 27.6414741 ] ] } },
{ "type": "Feature", "properties": { "highway": "primary" }, "geometry": { "type": "LineString", "coordinates": [ [ 94.6866131, 27.6749795 ], [ 94.6865148, 27.6725801 ], [ 94.68907, 27.6722716 ], [ 94.693128514291899, 27.667152097271977 ] ] } },
{ "type": "Feature", "properties": { "highway": "primary" }, "geometry": { "type": "LineString", "coordinates": [ [ 94.6864361, 27.675476 ], [ 94.6866131, 27.6749795 ] ] } },
{ "type": "Feature", "properties": { "highway": "primary" }, "geometry": { "type": "LineString", "coordinates": [ [ 94.6795106, 27.6903565 ], [ 94.6819326, 27.6895775 ], [ 94.6783224, 27.6868746 ], [ 94.6832657, 27.6830436 ], [ 94.6811146, 27.6824949 ], [ 94.6814042, 27.6808489 ], [ 94.6842581, 27.6780247 ], [ 94.6843868, 27.6754071 ], [ 94.6864361, 27.675476 ] ] } },
{ "type": "Feature", "properties": { "highway": "primary" }, "geometry": { "type": "LineString", "coordinates": [ [ 94.6792799, 27.690556 ], [ 94.6795106, 27.6903565 ] ] } },
{ "type": "Feature", "properties": { "highway": "primary" }, "geometry": { "type": "LineString", "coordinates": [ [ 94.6730223, 27.698303 ], [ 94.6725529, 27.6964506 ], [ 94.677676, 27.6958118 ], [ 94.676426, 27.6942301 ], [ 94.6792799, 27.690556 ] ] } },
{ "type": "Feature", "properties": { "highway": "primary" }, "geometry": { "type": "LineString", "coordinates": [ [ 94.6731243, 27.698626 ], [ 94.6730223, 27.698303 ] ] } },
{ "type": "Feature", "properties": { "highway": "primary" }, "geometry": { "type": "LineString", "coordinates": [ [ 94.6860284, 27.7135271 ], [ 94.680165, 27.7112475 ], [ 94.6765602, 27.7115135 ], [ 94.67516, 27.7071157 ], [ 94.6742079, 27.7080466 ], [ 94.6721157, 27.7054226 ], [ 94.6731243, 27.698626 ] ] } },
{ "type": "Feature", "properties": { "highway": "primary" }, "geometry": { "type": "LineString", "coordinates": [ [ 94.6865326, 27.7137171 ], [ 94.6860284, 27.7135271 ] ] } },
{ "type": "Feature", "properties": { "highway": "primary" }, "geometry": { "type": "LineString", "coordinates": [ [ 94.6997157, 27.7179151 ], [ 94.6894616, 27.7131994 ], [ 94.6865326, 27.7137171 ] ] } },
{ "type": "Feature", "properties": { "highway": "primary" }, "geometry": { "type": "LineString", "coordinates": [ [ 94.7040984, 27.717851 ], [ 94.7038436, 27.7175946 ] ] } },
{ "type": "Feature", "properties": { "highway": "primary" }, "geometry": { "type": "LineString", "coordinates": [ [ 94.7038436, 27.7175946 ], [ 94.7002763, 27.7180267 ] ] } },
{ "type": "Feature", "properties": { "highway": "primary" }, "geometry": { "type": "LineString", "coordinates": [ [ 94.7002763, 27.7180267 ], [ 94.6997157, 27.7179151 ] ] } },
{ "type": "Feature", "properties": { "highway": "primary" }, "geometry": { "type": "LineString", "coordinates": [ [ 94.7066411, 27.7225546 ], [ 94.7068691, 27.7190928 ], [ 94.7040984, 27.717851 ] ] } },
{ "type": "Feature", "properties": { "highway": "primary" }, "geometry": { "type": "LineString", "coordinates": [ [ 94.7068316, 27.7227588 ], [ 94.7066411, 27.7225546 ] ] } },
{ "type": "Feature", "properties": { "highway": "trunk" }, "geometry": { "type": "LineString", "coordinates": [ [ 94.2581657, 27.9488564 ], [ 94.2591259, 27.9499629 ], [ 94.262999, 27.9493172 ], [ 94.2647932, 27.9438653 ], [ 94.2627493, 27.9430834 ], [ 94.2626849, 27.9405515 ], [ 94.2547972, 27.9393679 ], [ 94.2538129, 27.9365457 ], [ 94.2506613, 27.9343419 ], [ 94.2497815, 27.9300693 ], [ 94.2382426, 27.9260264 ], [ 94.2417698, 27.924384 ], [ 94.2439853, 27.9210199 ], [ 94.238195, 27.9162336 ], [ 94.2431799, 27.9151007 ], [ 94.2430619, 27.9121688 ], [ 94.2487549, 27.9157572 ], [ 94.2503374, 27.9134961 ], [ 94.2545324, 27.9143873 ], [ 94.2520111, 27.9102916 ], [ 94.2527997, 27.9074473 ] ] } },
{ "type": "Feature", "properties": { "highway": "trunk" }, "geometry": { "type": "LineString", "coordinates": [ [ 94.3134648, 27.9567779 ], [ 94.3126874, 27.9566063 ] ] } },
{ "type": "Feature", "properties": { "highway": "trunk" }, "geometry": { "type": "LineString", "coordinates": [ [ 94.2596835, 27.9690083 ], [ 94.2615332, 27.9664689 ], [ 94.2596825, 27.961392 ], [ 94.2538648, 27.9583477 ], [ 94.2496859, 27.9514721 ], [ 94.2522139, 27.9489535 ], [ 94.2581657, 27.9488564 ] ] } },
{ "type": "Feature", "properties": { "highway": "primary" }, "geometry": { "type": "LineString", "coordinates": [ [ 94.7147159, 27.7315221 ], [ 94.7068316, 27.7227588 ] ] } },
{ "type": "Feature", "properties": { "highway": "primary" }, "geometry": { "type": "LineString", "coordinates": [ [ 94.7148433, 27.7316978 ], [ 94.7147159, 27.7315221 ] ] } },
{ "type": "Feature", "properties": { "highway": "primary" }, "geometry": { "type": "LineString", "coordinates": [ [ 94.7159243, 27.7373908 ], [ 94.7148433, 27.7316978 ] ] } },
{ "type": "Feature", "properties": { "highway": "primary" }, "geometry": { "type": "LineString", "coordinates": [ [ 94.7159779, 27.7375498 ], [ 94.7159243, 27.7373908 ] ] } },
{ "type": "Feature", "properties": { "highway": "primary" }, "geometry": { "type": "LineString", "coordinates": [ [ 94.7167289, 27.7472638 ], [ 94.7140601, 27.7467676 ], [ 94.7155541, 27.7434205 ], [ 94.714146, 27.7407879 ], [ 94.7159779, 27.7375498 ] ] } },
{ "type": "Feature", "properties": { "highway": "primary" }, "geometry": { "type": "LineString", "coordinates": [ [ 94.7195211, 27.747373 ], [ 94.7171366, 27.7473397 ] ] } },
{ "type": "Feature", "properties": { "highway": "primary" }, "geometry": { "type": "LineString", "coordinates": [ [ 94.7171366, 27.7473397 ], [ 94.7167289, 27.7472638 ] ] } },
{ "type": "Feature", "properties": { "highway": "primary" }, "geometry": { "type": "LineString", "coordinates": [ [ 94.7195023, 27.7476483 ], [ 94.7195211, 27.747373 ] ] } },
{ "type": "Feature", "properties": { "highway": "primary" }, "geometry": { "type": "LineString", "coordinates": [ [ 94.7162542, 27.7585576 ], [ 94.7138509, 27.7557022 ], [ 94.7155246, 27.7551658 ], [ 94.7162086, 27.7514107 ], [ 94.7179198, 27.7522818 ], [ 94.7195023, 27.7476483 ] ] } },
{ "type": "Feature", "properties": { "highway": "primary" }, "geometry": { "type": "LineString", "coordinates": [ [ 94.7159055, 27.7590703 ], [ 94.7162542, 27.7585576 ] ] } },
{ "type": "Feature", "properties": { "highway": "primary" }, "geometry": { "type": "LineString", "coordinates": [ [ 94.7299844, 27.8217346 ], [ 94.7307005, 27.8198867 ], [ 94.7261006, 27.8204608 ], [ 94.7231206, 27.8179178 ], [ 94.7222596, 27.8194004 ], [ 94.7189364, 27.8187836 ], [ 94.717775, 27.8192012 ], [ 94.7185931, 27.8204228 ], [ 94.7167557, 27.8202307 ], [ 94.7155917, 27.8179035 ], [ 94.7168308, 27.817766 ], [ 94.7145885, 27.8152703 ], [ 94.7159377, 27.8137046 ], [ 94.7179547, 27.8142692 ], [ 94.7167638, 27.8101152 ], [ 94.7210097, 27.8053299 ], [ 94.7180539, 27.8041295 ], [ 94.7175872, 27.8056194 ], [ 94.7139126, 27.8049551 ], [ 94.7127485, 27.8032421 ], [ 94.7146636, 27.8040037 ], [ 94.7168684, 27.8022836 ], [ 94.715876, 27.7999798 ], [ 94.7187057, 27.7991826 ], [ 94.724274, 27.801019 ], [ 94.7257116, 27.7983806 ], [ 94.7304806, 27.7965015 ], [ 94.7333935, 27.798466 ], [ 94.7351289, 27.7970448 ], [ 94.7327846, 27.7956591 ], [ 94.7332755, 27.794525 ], [ 94.7279566, 27.7935332 ], [ 94.727549, 27.7952321 ], [ 94.7249472, 27.7940267 ], [ 94.7236383, 27.7909895 ], [ 94.727734, 27.7888326 ], [ 94.7272217, 27.7873733 ], [ 94.7231877, 27.7885431 ], [ 94.7181988, 27.7874207 ], [ 94.7178715, 27.7848532 ], [ 94.7202748, 27.783007 ], [ 94.7177535, 27.7832325 ], [ 94.7149345, 27.7813673 ], [ 94.7154173, 27.7798936 ], [ 94.7129792, 27.7794546 ], [ 94.7183114, 27.7785433 ], [ 94.7150928, 27.7774398 ], [ 94.7146636, 27.7745351 ], [ 94.712247, 27.7739323 ], [ 94.7147682, 27.7678093 ], [ 94.7104472, 27.7663971 ], [ 94.7133145, 27.7645055 ], [ 94.7109997, 27.7613228 ], [ 94.7123194, 27.7595949 ], [ 94.7096559, 27.7578456 ], [ 94.7134513, 27.7573139 ], [ 94.7159055, 27.7590703 ] ] } },
{ "type": "Feature", "properties": { "highway": "primary" }, "geometry": { "type": "LineString", "coordinates": [ [ 94.7301909, 27.8218295 ], [ 94.7299844, 27.8217346 ] ] } },
{ "type": "Feature", "properties": { "highway": "primary" }, "geometry": { "type": "LineString", "coordinates": [ [ 94.7427678, 27.9062098 ], [ 94.7428617, 27.90616 ] ] } },
{ "type": "Feature", "properties": { "highway": "primary" }, "geometry": { "type": "LineString", "coordinates": [ [ 94.7364002, 27.9143373 ], [ 94.7427678, 27.9062098 ] ] } },
{ "type": "Feature", "properties": { "highway": "primary" }, "geometry": { "type": "LineString", "coordinates": [ [ 94.7363386, 27.9144392 ], [ 94.7364002, 27.9143373 ] ] } },
{ "type": "Feature", "properties": { "highway": "primary" }, "geometry": { "type": "LineString", "coordinates": [ [ 94.6857682, 27.9733729 ], [ 94.6844995, 27.9744887 ], [ 94.6815893, 27.972134 ], [ 94.6852344, 27.9687584 ], [ 94.6858084, 27.9637148 ], [ 94.6845531, 27.9621583 ], [ 94.6860659, 27.9597608 ], [ 94.6863314, 27.9529185 ], [ 94.6883056, 27.95067 ], [ 94.6923208, 27.9501298 ], [ 94.6900275, 27.9485329 ], [ 94.691264, 27.9448792 ], [ 94.695982, 27.9421401 ], [ 94.6962878, 27.9397847 ], [ 94.7030926, 27.937472 ], [ 94.7020519, 27.9358085 ], [ 94.7039562, 27.9345502 ], [ 94.7041252, 27.9313108 ], [ 94.7081217, 27.9312421 ], [ 94.7078589, 27.9326284 ], [ 94.7088003, 27.9294363 ], [ 94.7154334, 27.9291283 ], [ 94.7156078, 27.9261043 ], [ 94.7131053, 27.9262347 ], [ 94.7135049, 27.9238624 ], [ 94.7112304, 27.9241421 ], [ 94.7106403, 27.9208004 ], [ 94.7087628, 27.9203975 ], [ 94.7155461, 27.9151597 ], [ 94.7215649, 27.9148018 ], [ 94.7246173, 27.9126426 ], [ 94.7259745, 27.9135101 ], [ 94.7310546, 27.9091015 ], [ 94.7365049, 27.9087176 ], [ 94.7346917, 27.9126474 ], [ 94.7363386, 27.9144392 ] ] } },
{ "type": "Feature", "properties": { "highway": "primary" }, "geometry": { "type": "LineString", "coordinates": [ [ 94.686664, 27.9723164 ], [ 94.6874625, 27.9725547 ] ] } },
{ "type": "Feature", "properties": { "highway": "primary" }, "geometry": { "type": "LineString", "coordinates": [ [ 94.6857682, 27.9733729 ], [ 94.686664, 27.9723164 ] ] } },
{ "type": "Feature", "properties": { "highway": "primary" }, "geometry": { "type": "LineString", "coordinates": [ [ 94.6874625, 27.9725547 ], [ 94.6892923, 27.9828383 ] ] } },
{ "type": "Feature", "properties": { "highway": "primary" }, "geometry": { "type": "LineString", "coordinates": [ [ 94.6892923, 27.9828383 ], [ 94.6886427, 27.9831192 ] ] } },
{ "type": "Feature", "properties": { "highway": "primary" }, "geometry": { "type": "LineString", "coordinates": [ [ 94.6886427, 27.9831192 ], [ 94.6846923, 27.9919382 ], [ 94.6870548, 27.995028 ], [ 94.6873209, 28.0028514 ], [ 94.684231, 28.0065741 ] ] } },
{ "type": "Feature", "properties": { "highway": "trunk" }, "geometry": { "type": "LineString", "coordinates": [ [ 94.5316225, 28.0042492 ], [ 94.5315722, 28.0042246 ] ] } },
{ "type": "Feature", "properties": { "highway": "trunk" }, "geometry": { "type": "LineString", "coordinates": [ [ 94.53224, 28.0045075 ], [ 94.5316225, 28.0042492 ] ] } },
{ "type": "Feature", "properties": { "highway": "primary" }, "geometry": { "type": "LineString", "coordinates": [ [ 94.6833086, 28.0123238 ], [ 94.6853793, 28.011019 ], [ 94.684231, 28.0065741 ] ] } },
{ "type": "Feature", "properties": { "highway": "primary" }, "geometry": { "type": "LineString", "coordinates": [ [ 94.6828687, 28.012338 ], [ 94.6833086, 28.0123238 ] ] } },
{ "type": "Feature", "properties": { "highway": "trunk" }, "geometry": { "type": "LineString", "coordinates": [ [ 94.6032956, 28.028072 ], [ 94.5975762, 28.027621 ], [ 94.5959136, 28.0261153 ], [ 94.5918624, 28.0282634 ], [ 94.5905647, 28.0259702 ], [ 94.5817358, 28.023936 ], [ 94.5810747, 28.0219356 ], [ 94.5790194, 28.021439 ], [ 94.5754678, 28.0244908 ], [ 94.5752289, 28.02746 ], [ 94.5729026, 28.0268217 ], [ 94.5695324, 28.0287118 ], [ 94.5695029, 28.0265485 ], [ 94.5654228, 28.0266029 ], [ 94.5620531, 28.0238502 ], [ 94.5601029, 28.0252713 ], [ 94.5573787, 28.0226625 ], [ 94.553199, 28.0253175 ], [ 94.5422117, 28.0170624 ], [ 94.5403466, 28.0119553 ], [ 94.5426174, 28.0096328 ], [ 94.5406542, 28.0071715 ], [ 94.53224, 28.0045075 ] ] } },
{ "type": "Feature", "properties": { "highway": "primary" }, "geometry": { "type": "LineString", "coordinates": [ [ 94.6795194, 28.0423674 ], [ 94.6779871, 28.0334464 ], [ 94.6828687, 28.012338 ] ] } },
{ "type": "Feature", "properties": { "highway": "trunk" }, "geometry": { "type": "LineString", "coordinates": [ [ 94.6919746, 28.0664759 ], [ 94.6886873, 28.0661496 ], [ 94.68331, 28.0592444 ], [ 94.6828338, 28.0563975 ], [ 94.677102, 28.0509552 ], [ 94.6793389, 28.0490283 ], [ 94.6786737, 28.046029 ], [ 94.6801892, 28.0419052 ], [ 94.6819702, 28.0412152 ], [ 94.6804342, 28.0413285 ], [ 94.6793242, 28.0427024 ], [ 94.6788307, 28.0412092 ], [ 94.6786014, 28.0436154 ], [ 94.6761002, 28.0368368 ], [ 94.6740176, 28.0359005 ], [ 94.6749655, 28.0339164 ], [ 94.6722203, 28.0353179 ], [ 94.6732811, 28.0245173 ], [ 94.6647525, 28.0319934 ], [ 94.6546251, 28.0326296 ], [ 94.6533993, 28.0308374 ], [ 94.6511677, 28.0309582 ], [ 94.6520296, 28.0321644 ], [ 94.6498497, 28.0336649 ], [ 94.6525195, 28.0355938 ], [ 94.6517804, 28.0367204 ], [ 94.6472061, 28.0346207 ], [ 94.6475993, 28.0309513 ], [ 94.6451542, 28.0329185 ], [ 94.643282, 28.0314719 ], [ 94.6402551, 28.0367207 ], [ 94.6367401, 28.0385235 ], [ 94.6379417, 28.0355133 ], [ 94.6400285, 28.0346089 ], [ 94.6356893, 28.0340286 ], [ 94.6340767, 28.035215 ], [ 94.6322058, 28.0339779 ], [ 94.630343, 28.0351179 ], [ 94.6322957, 28.0365052 ], [ 94.6311088, 28.0377363 ], [ 94.6304384, 28.0362483 ], [ 94.6266845, 28.0380748 ], [ 94.626313, 28.0358364 ], [ 94.6248606, 28.0364768 ], [ 94.6252723, 28.0352682 ], [ 94.6234202, 28.034629 ], [ 94.6239983, 28.0311558 ], [ 94.6223929, 28.0306338 ], [ 94.6256438, 28.0273523 ], [ 94.622051, 28.0292109 ], [ 94.6191413, 28.0334271 ], [ 94.6084495, 28.0369231 ], [ 94.6072787, 28.0363288 ], [ 94.6135148, 28.034964 ], [ 94.6123947, 28.0327995 ], [ 94.6152529, 28.0327966 ], [ 94.616999, 28.0300395 ], [ 94.6129703, 28.0302574 ], [ 94.6107227, 28.0286474 ], [ 94.611589, 28.0252427 ], [ 94.6086681, 28.0266633 ], [ 94.6082202, 28.0250841 ], [ 94.6078151, 28.0276234 ], [ 94.6032956, 28.028072 ] ] } },
{ "type": "Feature", "properties": { "highway": "trunk" }, "geometry": { "type": "LineString", "coordinates": [ [ 94.7398778, 28.0561112 ], [ 94.7342558, 28.0523716 ], [ 94.730296, 28.0533274 ], [ 94.7264807, 28.0512673 ], [ 94.7159001, 28.0540455 ], [ 94.714039, 28.0550747 ], [ 94.7131698, 28.0607461 ], [ 94.7109958, 28.0627641 ], [ 94.7116897, 28.0646138 ], [ 94.709178, 28.064125 ], [ 94.7072489, 28.0656432 ], [ 94.7052789, 28.0635638 ], [ 94.7017973, 28.0640463 ], [ 94.7019178, 28.0734246 ], [ 94.6974038, 28.071526 ], [ 94.6919746, 28.0664759 ] ] } },
{ "type": "Feature", "properties": { "highway": "primary" }, "geometry": { "type": "LineString", "coordinates": [ [ 94.7659267, 28.187665 ], [ 94.762905, 28.19163 ], [ 94.7631833, 28.193505 ], [ 94.758555, 28.19635 ], [ 94.7513421, 28.1957844 ], [ 94.7454583, 28.1905133 ], [ 94.7414857, 28.1906976 ], [ 94.7411417, 28.1926746 ], [ 94.73118, 28.1927517 ], [ 94.724685, 28.1955583 ], [ 94.7181157, 28.1962579 ] ] } },
{ "type": "Feature", "properties": { "highway": "trunk" }, "geometry": { "type": "LineString", "coordinates": [ [ 94.4028568, 27.9875466 ], [ 94.4015406, 27.9873273 ], [ 94.4023193, 27.9833524 ], [ 94.4052241, 27.9843719 ], [ 94.4046329, 27.9811668 ], [ 94.4059465, 27.9809479 ], [ 94.4064874, 27.9773147 ], [ 94.4023737, 27.9771226 ], [ 94.4028179, 27.9784384 ], [ 94.4003701, 27.9786223 ], [ 94.4004256, 27.9757495 ], [ 94.4035907, 27.9764565 ], [ 94.3996621, 27.975161 ], [ 94.3986904, 27.9769264 ], [ 94.3951181, 27.9750875 ], [ 94.3950857, 27.977331 ], [ 94.3908008, 27.9786673 ], [ 94.3910276, 27.9729093 ], [ 94.3896184, 27.972241 ], [ 94.3911895, 27.9711683 ], [ 94.3899772, 27.9694805 ], [ 94.3915875, 27.9677763 ], [ 94.3887556, 27.9675229 ], [ 94.3888666, 27.9652914 ], [ 94.3859422, 27.9657287 ], [ 94.3868214, 27.9673839 ], [ 94.3854081, 27.9690503 ], [ 94.3798749, 27.967374 ], [ 94.3793945, 27.9657247 ], [ 94.3717595, 27.9690146 ], [ 94.3728489, 27.9629318 ], [ 94.3704494, 27.9625328 ], [ 94.370601, 27.9613385 ], [ 94.3650873, 27.9628435 ], [ 94.3642725, 27.9607507 ], [ 94.3623613, 27.9627417 ], [ 94.3614638, 27.960575 ], [ 94.3579405, 27.9625401 ], [ 94.3576218, 27.9604881 ], [ 94.3544677, 27.9621532 ], [ 94.3527321, 27.9614198 ], [ 94.3513464, 27.963084 ], [ 94.3502725, 27.9605062 ], [ 94.3479867, 27.9601011 ], [ 94.3482529, 27.9587473 ], [ 94.3449377, 27.9625825 ], [ 94.3417936, 27.9594463 ], [ 94.3381728, 27.9606297 ], [ 94.3401569, 27.9591057 ], [ 94.3371242, 27.960248 ], [ 94.3340331, 27.9583556 ], [ 94.3307725, 27.9586141 ], [ 94.3319285, 27.9568325 ], [ 94.333967, 27.9574733 ], [ 94.3326403, 27.955985 ], [ 94.3302454, 27.9569995 ], [ 94.3249636, 27.9549468 ], [ 94.3238623, 27.9565 ], [ 94.3234505, 27.9541048 ], [ 94.3221919, 27.9556212 ], [ 94.3185178, 27.9552983 ], [ 94.3164309, 27.9584333 ], [ 94.3134648, 27.9567779 ] ] } },
{ "type": "Feature", "properties": { "highway": "trunk" }, "geometry": { "type": "LineString", "coordinates": [ [ 94.250335, 27.9758046 ], [ 94.2492299, 27.9786329 ], [ 94.2448968, 27.9749898 ], [ 94.2453233, 27.9734192 ], [ 94.238662, 27.9707566 ], [ 94.2439191, 27.9714934 ], [ 94.2483984, 27.9748311 ], [ 94.248621, 27.9687715 ], [ 94.2512174, 27.9639838 ], [ 94.2562705, 27.967464 ], [ 94.2591921, 27.9673632 ], [ 94.2596835, 27.9690083 ] ] } },
{ "type": "Feature", "properties": { "highway": "trunk" }, "geometry": { "type": "LineString", "coordinates": [ [ 94.2198731, 27.9787685 ], [ 94.2244596, 27.9805758 ], [ 94.228015, 27.9793104 ], [ 94.2380518, 27.9804781 ], [ 94.2394385, 27.9762713 ], [ 94.2425177, 27.976032 ], [ 94.243789, 27.9782681 ], [ 94.2498669, 27.9807908 ], [ 94.250335, 27.9758046 ] ] } },
{ "type": "Feature", "properties": { "highway": "trunk" }, "geometry": { "type": "LineString", "coordinates": [ [ 94.2194761, 27.9787424 ], [ 94.2198731, 27.9787685 ] ] } },
{ "type": "Feature", "properties": { "highway": "trunk" }, "geometry": { "type": "LineString", "coordinates": [ [ 94.2179445, 27.9787661 ], [ 94.2194761, 27.9787424 ] ] } },
{ "type": "Feature", "properties": { "highway": "trunk" }, "geometry": { "type": "LineString", "coordinates": [ [ 94.2159487, 27.9819665 ], [ 94.2179445, 27.9787661 ] ] } },
{ "type": "Feature", "properties": { "highway": "trunk" }, "geometry": { "type": "LineString", "coordinates": [ [ 94.3126874, 27.9566063 ], [ 94.3039496, 27.9556477 ], [ 94.2973696, 27.9590851 ], [ 94.2915901, 27.9685588 ], [ 94.2648186, 27.9881092 ], [ 94.2488959, 27.9902854 ], [ 94.2428951, 27.9869251 ], [ 94.2360991, 27.986616 ], [ 94.2318684, 27.9879855 ], [ 94.2215322, 27.9970605 ], [ 94.2094553, 27.9985108 ], [ 94.2061972, 28.0006292 ], [ 94.2025589, 28.010585 ] ] } },
{ "type": "Feature", "properties": { "highway": "trunk" }, "geometry": { "type": "LineString", "coordinates": [ [ 94.2011169, 28.0107054 ], [ 94.2007271, 28.0066423 ], [ 94.2037091, 27.9999939 ], [ 94.2077241, 27.9970117 ], [ 94.2170696, 27.9940794 ], [ 94.2222731, 27.9889825 ], [ 94.2199449, 27.9854866 ], [ 94.2145383, 27.9839523 ], [ 94.2159487, 27.9819665 ] ] } },
{ "type": "Feature", "properties": { "highway": "primary" }, "geometry": { "type": "LineString", "coordinates": [ [ 94.3600139, 28.5142721 ], [ 94.3606442, 28.5142025 ] ] } },
{ "type": "Feature", "properties": { "highway": "primary" }, "geometry": { "type": "LineString", "coordinates": [ [ 94.3606442, 28.5142025 ], [ 94.36463, 28.51674 ], [ 94.36528, 28.5209267 ], [ 94.3679908, 28.5192838 ], [ 94.3709817, 28.5278317 ], [ 94.3757113, 28.530805 ] ] } },
{ "type": "Feature", "properties": { "highway": "trunk" }, "geometry": { "type": "LineString", "coordinates": [ [ 94.4175689, 27.9846249 ], [ 94.4169273, 27.9858976 ], [ 94.4077287, 27.9875125 ], [ 94.4054075, 27.990234 ], [ 94.4028568, 27.9875466 ] ] } },
{ "type": "Feature", "properties": { "highway": "trunk" }, "geometry": { "type": "LineString", "coordinates": [ [ 94.5315722, 28.0042246 ], [ 94.5313075, 28.0025806 ], [ 94.5253459, 27.9984725 ], [ 94.5270478, 27.9949158 ], [ 94.5236272, 27.9894379 ], [ 94.5255184, 27.9879037 ], [ 94.5234342, 27.9862394 ], [ 94.5240591, 27.9846618 ], [ 94.5181812, 27.9803501 ], [ 94.5197981, 27.9737699 ], [ 94.5155576, 27.971906 ], [ 94.5137514, 27.977957 ], [ 94.5119355, 27.9777085 ], [ 94.5082741, 27.9805518 ], [ 94.5091804, 27.9781015 ], [ 94.5066774, 27.976856 ], [ 94.4991943, 27.9821641 ], [ 94.4963935, 27.9817914 ], [ 94.4938479, 27.9810372 ], [ 94.4938773, 27.9781015 ], [ 94.4917669, 27.9771537 ], [ 94.4858448, 27.98127 ], [ 94.4811619, 27.9749196 ], [ 94.4795146, 27.9775227 ], [ 94.4764976, 27.9782542 ], [ 94.4770066, 27.9824673 ], [ 94.4676919, 27.9814253 ], [ 94.4678677, 27.9833949 ], [ 94.4657715, 27.9840691 ], [ 94.4633369, 27.98792 ], [ 94.472358, 27.991322 ], [ 94.4736537, 27.9900672 ], [ 94.4777845, 27.9958081 ], [ 94.4734117, 27.9926007 ], [ 94.47205, 27.9936693 ], [ 94.472167, 27.992613 ], [ 94.4648466, 27.9919796 ], [ 94.4624312, 27.9965967 ], [ 94.4644625, 28.000331 ], [ 94.4605617, 27.9984394 ], [ 94.4571792, 27.9991829 ], [ 94.4586877, 27.9970706 ], [ 94.4574707, 27.9956529 ], [ 94.4597797, 27.9945497 ], [ 94.4585674, 27.9924495 ], [ 94.4547591, 27.9943862 ], [ 94.4530279, 27.9972607 ], [ 94.450227, 27.9961398 ], [ 94.4449872, 27.9971931 ], [ 94.4448825, 27.9956157 ], [ 94.4465512, 27.9961068 ], [ 94.447559, 27.994304 ], [ 94.4519042, 27.9940613 ], [ 94.4548326, 27.9919262 ], [ 94.4539077, 27.9902143 ], [ 94.4514788, 27.9907012 ], [ 94.4480497, 27.9880867 ], [ 94.4453381, 27.9878129 ], [ 94.4411134, 27.9907386 ], [ 94.4393735, 27.9900235 ], [ 94.4377354, 27.9922218 ], [ 94.4351441, 27.9920706 ], [ 94.4345993, 27.9940137 ], [ 94.4328629, 27.9921074 ], [ 94.4308963, 27.9933536 ] ] } },
{ "type": "Feature", "properties": { "highway": "trunk" }, "geometry": { "type": "LineString", "coordinates": [ [ 94.4308963, 27.9933536 ], [ 94.4297302, 27.9941381 ], [ 94.4321086, 27.9905261 ], [ 94.4298042, 27.9894882 ], [ 94.4299986, 27.9880377 ], [ 94.4270977, 27.9886286 ], [ 94.4272913, 27.9870468 ], [ 94.4236309, 27.9846166 ], [ 94.422345, 27.9856105 ], [ 94.4206237, 27.9821739 ], [ 94.4201702, 27.9844786 ], [ 94.4175689, 27.9846249 ] ] } },
{ "type": "Feature", "properties": { "highway": "primary" }, "geometry": { "type": "LineString", "coordinates": [ [ 94.4082538, 28.5058788 ], [ 94.4093424, 28.5025685 ], [ 94.4091386, 28.5059615 ], [ 94.4104971, 28.5095912 ], [ 94.410215, 28.504715 ], [ 94.4108766, 28.5032332 ], [ 94.411025, 28.50851 ], [ 94.4119978, 28.5105022 ], [ 94.4114533, 28.50545 ], [ 94.41409, 28.502305 ], [ 94.4137301, 28.5064761 ], [ 94.4166383, 28.5083367 ], [ 94.4171917, 28.5121333 ], [ 94.4148933, 28.515595 ], [ 94.4164, 28.51692 ], [ 94.4155817, 28.5187217 ], [ 94.4180117, 28.5194867 ], [ 94.438655, 28.50872 ], [ 94.4416183, 28.508745 ], [ 94.4427967, 28.5105817 ], [ 94.4506417, 28.5087067 ], [ 94.4533767, 28.510175 ], [ 94.4580867, 28.50805 ], [ 94.4647283, 28.51283 ], [ 94.4693, 28.5139867 ], [ 94.4710217, 28.5136133 ], [ 94.4686117, 28.5080483 ], [ 94.470725, 28.50804 ] ] } },
{ "type": "Feature", "properties": { "highway": "primary" }, "geometry": { "type": "LineString", "coordinates": [ [ 94.470725, 28.50804 ], [ 94.4750383, 28.50939 ], [ 94.4766203, 28.5121756 ], [ 94.4842291, 28.5102303 ], [ 94.4832833, 28.5117417 ], [ 94.48474, 28.5133517 ], [ 94.4898317, 28.5155333 ], [ 94.4946333, 28.5133967 ], [ 94.4936925, 28.5178886 ], [ 94.4955267, 28.5189667 ], [ 94.504985, 28.5187133 ], [ 94.507955, 28.51644 ], [ 94.5130917, 28.5176767 ], [ 94.5164033, 28.5156502 ] ] } },
{ "type": "Feature", "properties": { "highway": "primary" }, "geometry": { "type": "LineString", "coordinates": [ [ 94.3757113, 28.530805 ], [ 94.3763298, 28.5335623 ], [ 94.3847567, 28.5302533 ], [ 94.3886483, 28.531295 ], [ 94.3950596, 28.529931 ], [ 94.3989246, 28.5207335 ], [ 94.4060084, 28.5204292 ], [ 94.4036451, 28.5139333 ], [ 94.4080861, 28.5102609 ], [ 94.4064537, 28.5048796 ], [ 94.4092267, 28.5106921 ], [ 94.4082538, 28.5058788 ] ] } },
{ "type": "Feature", "properties": { "highway": "secondary" }, "geometry": { "type": "LineString", "coordinates": [ [ 94.3909802, 28.5518095 ], [ 94.393576, 28.5493554 ], [ 94.3919812, 28.5467545 ] ] } },
{ "type": "Feature", "properties": { "highway": "secondary" }, "geometry": { "type": "LineString", "coordinates": [ [ 94.3945534, 28.5635862 ], [ 94.3897252, 28.5555653 ] ] } },
{ "type": "Feature", "properties": { "highway": "secondary" }, "geometry": { "type": "LineString", "coordinates": [ [ 94.3978088, 28.5748552 ], [ 94.395862, 28.574092 ], [ 94.3974816, 28.5682314 ], [ 94.3945534, 28.5635862 ] ] } },
{ "type": "Feature", "properties": { "highway": "secondary" }, "geometry": { "type": "LineString", "coordinates": [ [ 94.3940177, 28.5748746 ], [ 94.394492, 28.5747569 ] ] } },
{ "type": "Feature", "properties": { "highway": "primary" }, "geometry": { "type": "LineString", "coordinates": [ [ 94.6766374, 28.258748 ], [ 94.681179, 28.2561296 ], [ 94.6852707, 28.2469363 ], [ 94.686909, 28.2261462 ], [ 94.6961924, 28.2195562 ], [ 94.697349, 28.2169895 ], [ 94.6974157, 28.2119979 ], [ 94.694669, 28.2073962 ], [ 94.6972307, 28.2011529 ], [ 94.7014495, 28.1976292 ], [ 94.7014651, 28.1956107 ], [ 94.7078848, 28.1944365 ], [ 94.7095747, 28.1962037 ], [ 94.7101027, 28.1947193 ], [ 94.7136774, 28.1948695 ], [ 94.7144274, 28.1921095 ], [ 94.7149963, 28.1943845 ], [ 94.7159488, 28.1933094 ], [ 94.7154274, 28.1966962 ], [ 94.7181157, 28.1962579 ] ] } },
{ "type": "Feature", "properties": { "highway": "primary" }, "geometry": { "type": "LineString", "coordinates": [ [ 94.6766124, 28.2593596 ], [ 94.6766374, 28.258748 ] ] } },
{ "type": "Feature", "properties": { "highway": "primary" }, "geometry": { "type": "LineString", "coordinates": [ [ 94.6740437, 28.2670917 ], [ 94.6733924, 28.2634063 ], [ 94.6766124, 28.2593596 ] ] } },
{ "type": "Feature", "properties": { "highway": "primary" }, "geometry": { "type": "LineString", "coordinates": [ [ 94.6745805, 28.2677092 ], [ 94.6740437, 28.2670917 ] ] } },
{ "type": "Feature", "properties": { "highway": "primary" }, "geometry": { "type": "LineString", "coordinates": [ [ 94.679806, 28.2939198 ], [ 94.680691, 28.2801532 ], [ 94.6777284, 28.2766622 ], [ 94.6789138, 28.2757008 ], [ 94.6745805, 28.2677092 ] ] } },
{ "type": "Feature", "properties": { "highway": "primary" }, "geometry": { "type": "LineString", "coordinates": [ [ 94.6867167, 28.3808133 ], [ 94.6867217, 28.3771567 ], [ 94.68443, 28.37299 ], [ 94.68808, 28.3706367 ], [ 94.6896367, 28.3656667 ], [ 94.688, 28.3625267 ], [ 94.6802026, 28.3579636 ], [ 94.6794767, 28.3503617 ], [ 94.6726656, 28.3292222 ], [ 94.6755017, 28.318175 ], [ 94.6752713, 28.3117247 ], [ 94.6797017, 28.306945 ], [ 94.679806, 28.2939198 ] ] } },
{ "type": "Feature", "properties": { "highway": "primary" }, "geometry": { "type": "LineString", "coordinates": [ [ 94.687255, 28.3806917 ], [ 94.6867167, 28.3808133 ] ] } },
{ "type": "Feature", "properties": { "highway": "primary" }, "geometry": { "type": "LineString", "coordinates": [ [ 94.6781617, 28.4216667 ], [ 94.6775983, 28.416635 ], [ 94.68035, 28.4071917 ], [ 94.687145, 28.3997983 ], [ 94.6938917, 28.3975417 ], [ 94.6962717, 28.3934883 ], [ 94.6943383, 28.38765 ], [ 94.6885757, 28.3803426 ], [ 94.687255, 28.3806917 ] ] } },
{ "type": "Feature", "properties": { "highway": "primary" }, "geometry": { "type": "LineString", "coordinates": [ [ 94.6765583, 28.4595683 ], [ 94.6824, 28.4595017 ], [ 94.6832523, 28.4573611 ], [ 94.6771422, 28.4532791 ], [ 94.67392, 28.4468133 ], [ 94.6695933, 28.4442317 ], [ 94.6675774, 28.4446902 ], [ 94.6682376, 28.4429005 ], [ 94.6637191, 28.442567 ], [ 94.6693017, 28.440535 ], [ 94.6706183, 28.4378933 ], [ 94.6689833, 28.4354883 ], [ 94.672905, 28.4354433 ], [ 94.6744412, 28.430205 ], [ 94.6780877, 28.4300765 ], [ 94.67457, 28.4277059 ], [ 94.6789648, 28.4271103 ], [ 94.6781617, 28.4216667 ] ] } },
{ "type": "Feature", "properties": { "highway": "primary" }, "geometry": { "type": "LineString", "coordinates": [ [ 94.67642, 28.4597283 ], [ 94.6765583, 28.4595683 ] ] } },
{ "type": "Feature", "properties": { "highway": "primary" }, "geometry": { "type": "LineString", "coordinates": [ [ 94.3290183, 28.5343312 ], [ 94.333044, 28.5368443 ], [ 94.339265, 28.5372367 ], [ 94.3522865, 28.5252462 ], [ 94.3544273, 28.5273984 ], [ 94.357404, 28.5269934 ], [ 94.3613497, 28.5227275 ], [ 94.3600139, 28.5142721 ] ] } },
{ "type": "Feature", "properties": { "highway": "secondary" }, "geometry": { "type": "LineString", "coordinates": [ [ 94.37545, 28.5330127 ], [ 94.3751312, 28.5340704 ], [ 94.3761487, 28.5322278 ] ] } },
{ "type": "Feature", "properties": { "highway": "secondary" }, "geometry": { "type": "LineString", "coordinates": [ [ 94.3755842, 28.5337343 ], [ 94.3844032, 28.5316282 ], [ 94.388963, 28.5331689 ], [ 94.3853742, 28.5334563 ], [ 94.3892902, 28.5344458 ], [ 94.3748385, 28.5362598 ] ] } },
{ "type": "Feature", "properties": { "highway": "secondary" }, "geometry": { "type": "LineString", "coordinates": [ [ 94.3684723, 28.5322429 ], [ 94.3748385, 28.5362598 ] ] } },
{ "type": "Feature", "properties": { "highway": "secondary" }, "geometry": { "type": "LineString", "coordinates": [ [ 94.3684723, 28.5322429 ], [ 94.3724325, 28.5373374 ], [ 94.3896788, 28.5382649 ], [ 94.380144, 28.5397717 ], [ 94.3846282, 28.5411654 ], [ 94.3876322, 28.5401666 ] ] } },
{ "type": "Feature", "properties": { "highway": "secondary" }, "geometry": { "type": "LineString", "coordinates": [ [ 94.391084, 28.5395845 ], [ 94.3918082, 28.5400134 ] ] } },
{ "type": "Feature", "properties": { "highway": "secondary" }, "geometry": { "type": "LineString", "coordinates": [ [ 94.3876322, 28.5401666 ], [ 94.391084, 28.5395845 ] ] } },
{ "type": "Feature", "properties": { "highway": "secondary" }, "geometry": { "type": "LineString", "coordinates": [ [ 94.3918082, 28.5400134 ], [ 94.3922132, 28.5397118 ], [ 94.3938453, 28.5390897 ], [ 94.3890254, 28.5425605 ], [ 94.3899105, 28.5458945 ], [ 94.3907313, 28.5426359 ], [ 94.3911953, 28.5424427 ], [ 94.3919812, 28.5467545 ] ] } },
{ "type": "Feature", "properties": { "highway": "secondary" }, "geometry": { "type": "LineString", "coordinates": [ [ 94.3909802, 28.5518095 ], [ 94.3884714, 28.553975 ], [ 94.3897252, 28.5555653 ] ] } },
{ "type": "Feature", "properties": { "highway": "primary" }, "geometry": { "type": "LineString", "coordinates": [ [ 94.1353709, 28.5993391 ], [ 94.1429116, 28.5974997 ], [ 94.1471066, 28.589775 ], [ 94.1517415, 28.5861197 ], [ 94.1536653, 28.5738912 ], [ 94.1662388, 28.5703125 ], [ 94.165353, 28.566428 ], [ 94.1668868, 28.564328 ], [ 94.1780663, 28.5630959 ], [ 94.1831477, 28.5606612 ], [ 94.1884156, 28.5627237 ], [ 94.1880521, 28.5606883 ], [ 94.1904715, 28.5636507 ], [ 94.1966312, 28.56559 ], [ 94.1992058, 28.5625929 ], [ 94.2071022, 28.5589178 ], [ 94.2081124, 28.5540306 ], [ 94.2128183, 28.5508488 ], [ 94.2188291, 28.5548398 ], [ 94.2156558, 28.5549894 ], [ 94.2246975, 28.5581922 ], [ 94.2268969, 28.556986 ], [ 94.2282759, 28.5519349 ], [ 94.22911, 28.5568636 ], [ 94.2294075, 28.5515296 ], [ 94.2317963, 28.5493515 ], [ 94.2223415, 28.5470637 ], [ 94.2432833, 28.5458283 ], [ 94.2473786, 28.5424009 ], [ 94.255385, 28.54021 ], [ 94.2559683, 28.537415 ], [ 94.26095, 28.536675 ], [ 94.2631419, 28.5313626 ], [ 94.2654983, 28.5372967 ], [ 94.2704877, 28.536131 ], [ 94.2735117, 28.5373383 ], [ 94.2787967, 28.5355517 ], [ 94.2850183, 28.5362483 ], [ 94.2861861, 28.5350887 ], [ 94.2853653, 28.5314875 ], [ 94.28809, 28.5350733 ], [ 94.2921326, 28.5307251 ], [ 94.2992183, 28.5283917 ], [ 94.3005735, 28.5258188 ], [ 94.3016598, 28.5279751 ], [ 94.3039992, 28.5266283 ], [ 94.3065483, 28.5286483 ], [ 94.307912, 28.5253499 ], [ 94.3092936, 28.5274222 ], [ 94.3083272, 28.5302371 ], [ 94.3110183, 28.5357383 ], [ 94.3186576, 28.536129 ], [ 94.3216407, 28.5339483 ], [ 94.32524, 28.5363667 ], [ 94.3290183, 28.5343312 ] ] } },
{ "type": "Feature", "properties": { "highway": "secondary" }, "geometry": { "type": "LineString", "coordinates": [ [ 94.3940177, 28.5748746 ], [ 94.3945741, 28.575063 ] ] } },
{ "type": "Feature", "properties": { "highway": "secondary" }, "geometry": { "type": "LineString", "coordinates": [ [ 94.394492, 28.5747569 ], [ 94.3976776, 28.5754066 ], [ 94.3988163, 28.5751483 ], [ 94.3978088, 28.5748552 ] ] } },
{ "type": "Feature", "properties": { "highway": "secondary" }, "geometry": { "type": "LineString", "coordinates": [ [ 94.3945259, 28.5760285 ], [ 94.397707, 28.5765042 ], [ 94.3945741, 28.575063 ] ] } },
{ "type": "Feature", "properties": { "highway": "secondary" }, "geometry": { "type": "LineString", "coordinates": [ [ 94.3945259, 28.5760285 ], [ 94.3926861, 28.5753268 ], [ 94.3945259, 28.5763299 ] ] } },
{ "type": "Feature", "properties": { "highway": "secondary" }, "geometry": { "type": "LineString", "coordinates": [ [ 94.4007968, 28.576476 ], [ 94.3974655, 28.5778984 ], [ 94.3945259, 28.5763299 ] ] } },
{ "type": "Feature", "properties": { "highway": "secondary" }, "geometry": { "type": "LineString", "coordinates": [ [ 94.4007968, 28.576476 ], [ 94.4004429, 28.5780209 ] ] } },
{ "type": "Feature", "properties": { "highway": "secondary" }, "geometry": { "type": "LineString", "coordinates": [ [ 94.4004429, 28.5780209 ], [ 94.4054851, 28.5849633 ], [ 94.4055441, 28.5871393 ], [ 94.4071372, 28.5875255 ] ] } },
{ "type": "Feature", "properties": { "highway": "secondary" }, "geometry": { "type": "LineString", "coordinates": [ [ 94.4069817, 28.588345 ], [ 94.4082517, 28.5881337 ], [ 94.4071372, 28.5875255 ] ] } },
{ "type": "Feature", "properties": { "highway": "secondary" }, "geometry": { "type": "LineString", "coordinates": [ [ 94.4042731, 28.5891551 ], [ 94.4069817, 28.588345 ] ] } },
{ "type": "Feature", "properties": { "highway": "secondary" }, "geometry": { "type": "LineString", "coordinates": [ [ 94.4042731, 28.5891551 ], [ 94.4038601, 28.5889871 ] ] } },
{ "type": "Feature", "properties": { "highway": "secondary" }, "geometry": { "type": "LineString", "coordinates": [ [ 94.3852213, 28.6250083 ], [ 94.3823379, 28.6235495 ], [ 94.3817626, 28.6194212 ], [ 94.3813683, 28.6230282 ], [ 94.3797737, 28.6194779 ], [ 94.3776226, 28.6207959 ], [ 94.3758215, 28.6230506 ], [ 94.3781591, 28.6210596 ], [ 94.3791474, 28.6208678 ], [ 94.3765564, 28.6245115 ], [ 94.3780269, 28.6229563 ] ] } },
{ "type": "Feature", "properties": { "highway": "secondary" }, "geometry": { "type": "LineString", "coordinates": [ [ 94.3945259, 28.6164592 ], [ 94.3918169, 28.6151738 ], [ 94.3865061, 28.6222267 ], [ 94.3875683, 28.6273823 ], [ 94.385503, 28.6277919 ], [ 94.3856934, 28.6335967 ], [ 94.385334, 28.6342017 ], [ 94.3853265, 28.632472 ] ] } },
{ "type": "Feature", "properties": { "highway": "secondary" }, "geometry": { "type": "LineString", "coordinates": [ [ 94.3853265, 28.632472 ], [ 94.3852213, 28.6250083 ] ] } },
{ "type": "Feature", "properties": { "highway": "secondary" }, "geometry": { "type": "LineString", "coordinates": [ [ 94.3780269, 28.6229563 ], [ 94.3710346, 28.6315491 ], [ 94.3655738, 28.6297222 ], [ 94.3621353, 28.6310171 ], [ 94.354341, 28.6414368 ], [ 94.3522167, 28.64203 ], [ 94.3528336, 28.6455095 ], [ 94.3506128, 28.648231 ] ] } },
{ "type": "Feature", "properties": { "highway": "secondary" }, "geometry": { "type": "LineString", "coordinates": [ [ 94.3450981, 28.6520306 ], [ 94.3466053, 28.6488722 ], [ 94.3506128, 28.648231 ] ] } },
{ "type": "Feature", "properties": { "highway": "secondary" }, "geometry": { "type": "LineString", "coordinates": [ [ 94.3450981, 28.6520306 ], [ 94.3424267, 28.6536167 ], [ 94.3385948, 28.6609791 ] ] } },
{ "type": "Feature", "properties": { "highway": "secondary" }, "geometry": { "type": "LineString", "coordinates": [ [ 94.3349433, 28.6623712 ], [ 94.3385948, 28.6609791 ] ] } },
{ "type": "Feature", "properties": { "highway": "secondary" }, "geometry": { "type": "LineString", "coordinates": [ [ 94.3336988, 28.6635431 ], [ 94.3349433, 28.6623712 ] ] } },
{ "type": "Feature", "properties": { "highway": "secondary" }, "geometry": { "type": "LineString", "coordinates": [ [ 94.3336988, 28.6635431 ], [ 94.3307966, 28.6657506 ] ] } },
{ "type": "Feature", "properties": { "highway": "secondary" }, "geometry": { "type": "LineString", "coordinates": [ [ 94.3279315, 28.6685598 ], [ 94.3307966, 28.6657506 ] ] } },
{ "type": "Feature", "properties": { "highway": "secondary" }, "geometry": { "type": "LineString", "coordinates": [ [ 94.3279315, 28.6685598 ], [ 94.3250406, 28.6756581 ], [ 94.3249333, 28.6778985 ], [ 94.3270275, 28.6789738 ], [ 94.3268472, 28.6755697 ] ] } },
{ "type": "Feature", "properties": { "highway": "secondary" }, "geometry": { "type": "LineString", "coordinates": [ [ 94.3293375, 28.6889685 ], [ 94.3303782, 28.6871235 ], [ 94.3268472, 28.6755697 ] ] } },
{ "type": "Feature", "properties": { "highway": "secondary" }, "geometry": { "type": "LineString", "coordinates": [ [ 94.3293375, 28.6889685 ], [ 94.3297315, 28.6890782 ] ] } },
{ "type": "Feature", "properties": { "highway": "secondary" }, "geometry": { "type": "LineString", "coordinates": [ [ 94.327969, 28.6905924 ], [ 94.329702, 28.6894406 ] ] } },
{ "type": "Feature", "properties": { "highway": "secondary" }, "geometry": { "type": "LineString", "coordinates": [ [ 94.327969, 28.6905924 ], [ 94.3245333, 28.6991386 ], [ 94.3243838, 28.6972844 ] ] } },
{ "type": "Feature", "properties": { "highway": "secondary" }, "geometry": { "type": "LineString", "coordinates": [ [ 94.324203, 28.6978664 ], [ 94.3243838, 28.6972844 ] ] } },
{ "type": "Feature", "properties": { "highway": "secondary" }, "geometry": { "type": "LineString", "coordinates": [ [ 94.324406, 28.6984229 ], [ 94.324203, 28.6978664 ] ] } },
{ "type": "Feature", "properties": { "highway": "secondary" }, "geometry": { "type": "LineString", "coordinates": [ [ 94.3216398, 28.7014468 ], [ 94.3235628, 28.6970202 ], [ 94.324406, 28.6984229 ] ] } },
{ "type": "Feature", "properties": { "highway": "secondary" }, "geometry": { "type": "LineString", "coordinates": [ [ 94.3216398, 28.7014468 ], [ 94.3229508, 28.7027854 ] ] } },
{ "type": "Feature", "properties": { "highway": "secondary" }, "geometry": { "type": "LineString", "coordinates": [ [ 94.3210494, 28.7030746 ], [ 94.322766, 28.7029334 ] ] } },
{ "type": "Feature", "properties": { "highway": "secondary" }, "geometry": { "type": "LineString", "coordinates": [ [ 94.3210494, 28.7030746 ], [ 94.3184101, 28.7065609 ] ] } },
{ "type": "Feature", "properties": { "highway": "secondary" }, "geometry": { "type": "LineString", "coordinates": [ [ 94.3150789, 28.7116752 ], [ 94.3137753, 28.7112471 ], [ 94.3184101, 28.7065609 ] ] } },
{ "type": "Feature", "properties": { "highway": "secondary" }, "geometry": { "type": "LineString", "coordinates": [ [ 94.3140757, 28.7118728 ], [ 94.3066185, 28.7182167 ] ] } },
{ "type": "Feature", "properties": { "highway": "secondary" }, "geometry": { "type": "LineString", "coordinates": [ [ 94.3066185, 28.7182167 ], [ 94.3011792, 28.7291352 ] ] } },
{ "type": "Feature", "properties": { "highway": "secondary" }, "geometry": { "type": "LineString", "coordinates": [ [ 94.3011792, 28.7291352 ], [ 94.2969307, 28.7366086 ], [ 94.2986258, 28.7410061 ], [ 94.2998596, 28.7407098 ], [ 94.2995377, 28.7376809 ], [ 94.3017692, 28.7395669 ], [ 94.3023861, 28.7455729 ], [ 94.2960831, 28.7443547 ], [ 94.2941145, 28.7475482 ], [ 94.2890882, 28.7504454 ], [ 94.2868567, 28.7565407 ], [ 94.2867226, 28.7616108 ], [ 94.2929987, 28.765679 ], [ 94.295949, 28.7654862 ] ] } },
{ "type": "Feature", "properties": { "highway": "secondary" }, "geometry": { "type": "LineString", "coordinates": [ [ 94.2833915, 28.7676832 ], [ 94.2927146, 28.7664592 ], [ 94.2915935, 28.765401 ] ] } },
{ "type": "Feature", "properties": { "highway": "secondary" }, "geometry": { "type": "LineString", "coordinates": [ [ 94.2833915, 28.7676832 ], [ 94.2805433, 28.7697659 ], [ 94.279846, 28.7868928 ] ] } },
{ "type": "Feature", "properties": { "highway": "secondary" }, "geometry": { "type": "LineString", "coordinates": [ [ 94.280268, 28.7827796 ], [ 94.2777676, 28.7862254 ], [ 94.2798842, 28.788269 ], [ 94.2782036, 28.7903526 ], [ 94.2789788, 28.7918349 ], [ 94.2772124, 28.7906865 ], [ 94.2780746, 28.7920983 ], [ 94.274289, 28.792952 ], [ 94.2702916, 28.8020135 ] ] } },
{ "type": "Feature", "properties": { "highway": "secondary" }, "geometry": { "type": "LineString", "coordinates": [ [ 94.2756718, 28.8061547 ], [ 94.2701092, 28.8011157 ], [ 94.2712786, 28.8048809 ], [ 94.2678992, 28.8032216 ], [ 94.267631, 28.8015905 ], [ 94.2672448, 28.8032733 ], [ 94.2680816, 28.8041429 ] ] } },
{ "type": "Feature", "properties": { "highway": "secondary" }, "geometry": { "type": "LineString", "coordinates": [ [ 94.2674666, 28.8048259 ], [ 94.2667025, 28.8038091 ], [ 94.2689141, 28.8055581 ], [ 94.2680816, 28.8041429 ] ] } },
{ "type": "Feature", "properties": { "highway": "secondary" }, "geometry": { "type": "LineString", "coordinates": [ [ 93.7702021, 27.4634149 ], [ 93.7669709, 27.4621983 ] ] } },
{ "type": "Feature", "properties": { "highway": "secondary" }, "geometry": { "type": "LineString", "coordinates": [ [ 93.7703133, 27.4635425 ], [ 93.7702021, 27.4634149 ] ] } },
{ "type": "Feature", "properties": { "highway": "secondary" }, "geometry": { "type": "LineString", "coordinates": [ [ 93.7699906, 27.4662162 ], [ 93.7703133, 27.4635425 ] ] } },
{ "type": "Feature", "properties": { "highway": "secondary" }, "geometry": { "type": "LineString", "coordinates": [ [ 93.7698595, 27.4662236 ], [ 93.7699906, 27.4662162 ] ] } },
{ "type": "Feature", "properties": { "highway": "secondary" }, "geometry": { "type": "LineString", "coordinates": [ [ 93.7692095, 27.4668724 ], [ 93.7698595, 27.4662236 ] ] } },
{ "type": "Feature", "properties": { "highway": "trunk" }, "geometry": { "type": "LineString", "coordinates": [ [ 93.7635104, 27.477414 ], [ 93.7623691, 27.4794777 ], [ 93.7646722, 27.4842183 ], [ 93.7675334, 27.4840816 ], [ 93.7709982, 27.4885647 ] ] } },
{ "type": "Feature", "properties": { "highway": "trunk" }, "geometry": { "type": "LineString", "coordinates": [ [ 93.7709982, 27.4885647 ], [ 93.7695448, 27.4920455 ], [ 93.7732306, 27.4954944 ], [ 93.7730347, 27.4982485 ] ] } },
{ "type": "Feature", "properties": { "highway": "trunk" }, "geometry": { "type": "LineString", "coordinates": [ [ 93.775039, 27.5201022 ], [ 93.7790458, 27.5154305 ], [ 93.7767158, 27.5143502 ], [ 93.7772361, 27.5122254 ], [ 93.7741145, 27.5095475 ] ] } },
{ "type": "Feature", "properties": { "highway": "trunk" }, "geometry": { "type": "LineString", "coordinates": [ [ 93.7730347, 27.4982485 ], [ 93.7748981, 27.499433 ], [ 93.7758382, 27.5047469 ], [ 93.7732305, 27.5095398 ], [ 93.7764531, 27.510355 ], [ 93.7783413, 27.5083994 ], [ 93.7815089, 27.5105465 ], [ 93.7837669, 27.5100709 ], [ 93.7827387, 27.5115666 ], [ 93.7851242, 27.5119653 ], [ 93.7857152, 27.5159768 ], [ 93.7908912, 27.5204139 ], [ 93.7860711, 27.5181474 ], [ 93.788056, 27.5221834 ], [ 93.7863385, 27.5280405 ], [ 93.7920156, 27.5349516 ], [ 93.7917691, 27.5386753 ], [ 93.7941631, 27.5433196 ], [ 93.7971852, 27.5434812 ] ] } },
{ "type": "Feature", "properties": { "highway": "trunk" }, "geometry": { "type": "LineString", "coordinates": [ [ 93.771673, 27.5268625 ], [ 93.772875, 27.5286484 ], [ 93.7784549, 27.5282929 ], [ 93.7756961, 27.5250865 ], [ 93.7767093, 27.5220905 ], [ 93.775039, 27.5201022 ] ] } },
{ "type": "Feature", "properties": { "highway": "trunk" }, "geometry": { "type": "LineString", "coordinates": [ [ 93.7597314, 27.5345704 ], [ 93.7617096, 27.5348591 ], [ 93.7607817, 27.5312613 ], [ 93.7624123, 27.5297088 ], [ 93.7649199, 27.5303009 ], [ 93.7646248, 27.5266364 ], [ 93.7674853, 27.5252242 ], [ 93.771673, 27.5268625 ] ] } },
{ "type": "Feature", "properties": { "highway": "trunk" }, "geometry": { "type": "LineString", "coordinates": [ [ 93.7531362, 27.5301036 ], [ 93.7553085, 27.5290474 ], [ 93.7567814, 27.5312964 ] ] } },
{ "type": "Feature", "properties": { "highway": "trunk" }, "geometry": { "type": "LineString", "coordinates": [ [ 93.7495402, 27.5352841 ], [ 93.748922, 27.5320967 ], [ 93.7512883, 27.5311637 ], [ 93.753106, 27.5329716 ], [ 93.7531362, 27.5301036 ] ] } },
{ "type": "Feature", "properties": { "highway": "trunk" }, "geometry": { "type": "LineString", "coordinates": [ [ 93.7567814, 27.5312964 ], [ 93.7597314, 27.5345704 ] ] } },
{ "type": "Feature", "properties": { "highway": "trunk" }, "geometry": { "type": "LineString", "coordinates": [ [ 93.7394066, 27.5375899 ], [ 93.7427169, 27.5385641 ] ] } },
{ "type": "Feature", "properties": { "highway": "trunk" }, "geometry": { "type": "LineString", "coordinates": [ [ 93.7508074, 27.5401437 ], [ 93.7520108, 27.5407824 ], [ 93.7495402, 27.5352841 ] ] } },
{ "type": "Feature", "properties": { "highway": "trunk" }, "geometry": { "type": "LineString", "coordinates": [ [ 93.7427169, 27.5385641 ], [ 93.7508074, 27.5401437 ] ] } },
{ "type": "Feature", "properties": { "highway": "trunk" }, "geometry": { "type": "LineString", "coordinates": [ [ 93.7122819, 27.5485923 ], [ 93.7189042, 27.5484984 ], [ 93.7179159, 27.5467754 ], [ 93.7219566, 27.5428336 ], [ 93.7263367, 27.544905 ], [ 93.7256795, 27.5425672 ], [ 93.7288083, 27.53951 ], [ 93.7296304, 27.540975 ], [ 93.7327408, 27.5392585 ], [ 93.7349413, 27.5362205 ], [ 93.7394066, 27.5375899 ] ] } },
{ "type": "Feature", "properties": { "highway": "trunk" }, "geometry": { "type": "LineString", "coordinates": [ [ 93.7971852, 27.5434812 ], [ 93.8016025, 27.5474735 ] ] } },
{ "type": "Feature", "properties": { "highway": "trunk" }, "geometry": { "type": "LineString", "coordinates": [ [ 93.8016025, 27.5474735 ], [ 93.8041118, 27.5462664 ] ] } },
{ "type": "Feature", "properties": { "highway": "trunk" }, "geometry": { "type": "LineString", "coordinates": [ [ 93.6999665, 27.5519229 ], [ 93.7022236, 27.5508577 ], [ 93.7086574, 27.5526052 ], [ 93.7088991, 27.5490985 ], [ 93.7122819, 27.5485923 ] ] } },
{ "type": "Feature", "properties": { "highway": "trunk" }, "geometry": { "type": "LineString", "coordinates": [ [ 93.8041118, 27.5462664 ], [ 93.8094564, 27.5462017 ], [ 93.8128055, 27.5416482 ], [ 93.8123538, 27.5389453 ], [ 93.8144602, 27.5385269 ], [ 93.8255793, 27.552058 ], [ 93.8312215, 27.5662771 ], [ 93.8324665, 27.5763334 ], [ 93.8273424, 27.5836776 ] ] } },
{ "type": "Feature", "properties": { "highway": "trunk" }, "geometry": { "type": "LineString", "coordinates": [ [ 93.8296044, 27.6051797 ], [ 93.8272583, 27.6026174 ], [ 93.8262798, 27.597562 ], [ 93.8279591, 27.5930811 ], [ 93.8273424, 27.5836776 ] ] } },
{ "type": "Feature", "properties": { "highway": "trunk" }, "geometry": { "type": "LineString", "coordinates": [ [ 93.8297099, 27.6052944 ], [ 93.8296044, 27.6051797 ] ] } },
{ "type": "Feature", "properties": { "highway": "trunk" }, "geometry": { "type": "LineString", "coordinates": [ [ 93.8381832, 27.6147941 ], [ 93.8333102, 27.6114287 ], [ 93.8297099, 27.6052944 ] ] } },
{ "type": "Feature", "properties": { "highway": "trunk" }, "geometry": { "type": "LineString", "coordinates": [ [ 93.8438508, 27.6273736 ], [ 93.84458, 27.6263633 ], [ 93.8413017, 27.6226367 ], [ 93.8417451, 27.6201043 ], [ 93.8381832, 27.6147941 ] ] } },
{ "type": "Feature", "properties": { "highway": "trunk" }, "geometry": { "type": "LineString", "coordinates": [ [ 93.8611375, 27.6401197 ], [ 93.858731, 27.6409379 ], [ 93.8573758, 27.6374732 ], [ 93.8551223, 27.6390188 ], [ 93.8553272, 27.6367745 ], [ 93.8538566, 27.6381874 ], [ 93.853173, 27.6366442 ], [ 93.8516199, 27.6386353 ], [ 93.8489451, 27.6370282 ], [ 93.8460135, 27.6341911 ], [ 93.8468536, 27.6308919 ], [ 93.8438508, 27.6273736 ] ] } },
{ "type": "Feature", "properties": { "highway": "trunk" }, "geometry": { "type": "LineString", "coordinates": [ [ 93.8765673, 27.6558672 ], [ 93.8739525, 27.6555968 ], [ 93.8745311, 27.6542619 ], [ 93.8718134, 27.6519953 ], [ 93.8745538, 27.6485259 ], [ 93.8717848, 27.6482012 ], [ 93.8704304, 27.6450975 ], [ 93.8712166, 27.6395665 ], [ 93.8672324, 27.6417466 ], [ 93.8611375, 27.6401197 ] ] } },
{ "type": "Feature", "properties": { "highway": "trunk" }, "geometry": { "type": "LineString", "coordinates": [ [ 93.887268, 27.6607574 ], [ 93.8843375, 27.6599734 ], [ 93.8815014, 27.6628392 ], [ 93.8765673, 27.6558672 ] ] } },
{ "type": "Feature", "properties": { "highway": "trunk" }, "geometry": { "type": "LineString", "coordinates": [ [ 93.8845905, 27.6805181 ], [ 93.8829133, 27.6746992 ], [ 93.8853219, 27.6745402 ], [ 93.8857707, 27.6727849 ], [ 93.8900861, 27.6727494 ], [ 93.8920999, 27.6706112 ], [ 93.8905025, 27.6674525 ], [ 93.892373, 27.6649468 ], [ 93.8880672, 27.6633575 ], [ 93.8863404, 27.6618774 ], [ 93.887268, 27.6607574 ] ] } },
{ "type": "Feature", "properties": { "highway": "trunk" }, "geometry": { "type": "LineString", "coordinates": [ [ 93.6325229, 27.651956 ], [ 93.6331316, 27.6509497 ], [ 93.6306608, 27.6503107 ], [ 93.628914, 27.6467415 ], [ 93.6237731, 27.6474618 ] ] } },
{ "type": "Feature", "properties": { "highway": "trunk" }, "geometry": { "type": "LineString", "coordinates": [ [ 93.6293835, 27.668246 ], [ 93.6364514, 27.6678676 ], [ 93.6314242, 27.6651495 ], [ 93.6281721, 27.6583736 ], [ 93.6283524, 27.655678 ], [ 93.6321622, 27.6573593 ], [ 93.6312154, 27.6539249 ], [ 93.6325229, 27.651956 ] ] } },
{ "type": "Feature", "properties": { "highway": "trunk" }, "geometry": { "type": "LineString", "coordinates": [ [ 93.6293018, 27.6904092 ], [ 93.6280572, 27.6892122 ], [ 93.6294295, 27.6880406 ], [ 93.6286627, 27.6853407 ], [ 93.6266156, 27.6836955 ], [ 93.6275368, 27.6824821 ], [ 93.6245925, 27.6797747 ], [ 93.626772, 27.675708 ], [ 93.6273202, 27.6699609 ], [ 93.6293835, 27.668246 ] ] } },
{ "type": "Feature", "properties": { "highway": "secondary" }, "geometry": { "type": "LineString", "coordinates": [ [ 93.6206662, 27.6802593 ], [ 93.6208249, 27.6801072 ] ] } },
{ "type": "Feature", "properties": { "highway": "secondary" }, "geometry": { "type": "LineString", "coordinates": [ [ 93.6208249, 27.6801072 ], [ 93.6238117, 27.6796669 ], [ 93.6256584, 27.6814137 ] ] } },
{ "type": "Feature", "properties": { "highway": "secondary" }, "geometry": { "type": "LineString", "coordinates": [ [ 93.5981272, 27.6906249 ], [ 93.5999833, 27.6879258 ], [ 93.6034802, 27.687143 ], [ 93.6027727, 27.684615 ], [ 93.6042479, 27.682726 ], [ 93.6017596, 27.6824489 ], [ 93.6023632, 27.6801154 ], [ 93.5963187, 27.6791923 ], [ 93.6034801, 27.67457 ], [ 93.6033903, 27.671123 ], [ 93.6113709, 27.6750336 ], [ 93.6146075, 27.681806 ], [ 93.6212392, 27.6821073 ], [ 93.6206662, 27.6802593 ] ] } },
{ "type": "Feature", "properties": { "highway": "secondary" }, "geometry": { "type": "LineString", "coordinates": [ [ 93.5982282, 27.6907341 ], [ 93.5981272, 27.6906249 ] ] } },
{ "type": "Feature", "properties": { "highway": "trunk" }, "geometry": { "type": "LineString", "coordinates": [ [ 93.6298093, 27.6960336 ], [ 93.6311324, 27.6918211 ], [ 93.6293018, 27.6904045 ] ] } },
{ "type": "Feature", "properties": { "highway": "secondary" }, "geometry": { "type": "LineString", "coordinates": [ [ 93.6072915, 27.6949895 ], [ 93.6059803, 27.6944498 ], [ 93.6042678, 27.6965274 ], [ 93.5982282, 27.6907341 ] ] } },
{ "type": "Feature", "properties": { "highway": "trunk" }, "geometry": { "type": "LineString", "coordinates": [ [ 93.6346477, 27.7009734 ], [ 93.6337757, 27.6984634 ], [ 93.6298093, 27.6960336 ] ] } },
{ "type": "Feature", "properties": { "highway": "trunk" }, "geometry": { "type": "LineString", "coordinates": [ [ 93.6344321, 27.7011961 ], [ 93.6346477, 27.7009734 ] ] } },
{ "type": "Feature", "properties": { "highway": "secondary" }, "geometry": { "type": "LineString", "coordinates": [ [ 93.6176095, 27.7145416 ], [ 93.6144153, 27.7102798 ], [ 93.6153286, 27.708545 ], [ 93.606879, 27.6977792 ], [ 93.6072915, 27.6949895 ] ] } },
{ "type": "Feature", "properties": { "highway": "secondary" }, "geometry": { "type": "LineString", "coordinates": [ [ 93.6176605, 27.7146197 ], [ 93.6176095, 27.7145416 ] ] } },
{ "type": "Feature", "properties": { "highway": "trunk" }, "geometry": { "type": "LineString", "coordinates": [ [ 93.637268, 27.7344142 ], [ 93.645341, 27.7339663 ], [ 93.6376273, 27.730923 ], [ 93.6385053, 27.7297491 ], [ 93.6362112, 27.7269309 ], [ 93.6409562, 27.723449 ], [ 93.6382934, 27.7215368 ], [ 93.6383311, 27.7147599 ], [ 93.6373609, 27.7132317 ], [ 93.634171, 27.7130215 ], [ 93.63489, 27.7100376 ], [ 93.6310181, 27.7054366 ], [ 93.6334093, 27.7052147 ], [ 93.6321809, 27.7043147 ], [ 93.6350283, 27.7031005 ], [ 93.6344321, 27.7011961 ] ] } },
{ "type": "Feature", "properties": { "highway": "secondary" }, "geometry": { "type": "LineString", "coordinates": [ [ 93.6387146, 27.7342214 ], [ 93.6353563, 27.7329114 ], [ 93.6338784, 27.7289449 ], [ 93.631072, 27.7273056 ], [ 93.6323481, 27.725504 ], [ 93.6252315, 27.7220362 ], [ 93.6228954, 27.7185753 ], [ 93.6210857, 27.7189695 ], [ 93.620925, 27.7168974 ], [ 93.6188996, 27.7170349 ], [ 93.6176605, 27.7146197 ] ] } },
{ "type": "Feature", "properties": { "highway": "trunk" }, "geometry": { "type": "LineString", "coordinates": [ [ 93.6004816, 27.7412243 ], [ 93.606621, 27.7409569 ], [ 93.6100918, 27.7384833 ], [ 93.6101079, 27.7428703 ], [ 93.616733, 27.7430745 ], [ 93.6168832, 27.7398697 ], [ 93.6215019, 27.7353638 ], [ 93.6274994, 27.7382459 ], [ 93.6301762, 27.7359621 ], [ 93.63509, 27.7360001 ], [ 93.637268, 27.7344142 ] ] } },
{ "type": "Feature", "properties": { "highway": "trunk" }, "geometry": { "type": "LineString", "coordinates": [ [ 93.5996548, 27.7455663 ], [ 93.6024653, 27.7431419 ], [ 93.6004816, 27.7412243 ] ] } },
{ "type": "Feature", "properties": { "highway": "trunk" }, "geometry": { "type": "LineString", "coordinates": [ [ 93.5997696, 27.7460864 ], [ 93.5996548, 27.7455663 ] ] } },
{ "type": "Feature", "properties": { "highway": "secondary" }, "geometry": { "type": "LineString", "coordinates": [ [ 93.5999043, 27.7461444 ], [ 93.5864767, 27.7483059 ] ] } },
{ "type": "Feature", "properties": { "highway": "secondary" }, "geometry": { "type": "LineString", "coordinates": [ [ 93.5864767, 27.7483059 ], [ 93.5863594, 27.7482812 ] ] } },
{ "type": "Feature", "properties": { "highway": "trunk" }, "geometry": { "type": "LineString", "coordinates": [ [ 93.9509346, 27.71612 ], [ 93.9477174, 27.7169548 ], [ 93.9472433, 27.7182952 ], [ 93.9489371, 27.71927 ], [ 93.9478436, 27.7199436 ], [ 93.94116, 27.7181903 ], [ 93.9380133, 27.7132992 ], [ 93.9316203, 27.7150999 ], [ 93.9262406, 27.7135801 ], [ 93.924558, 27.7110282 ], [ 93.926248, 27.7089191 ], [ 93.9250335, 27.7053821 ], [ 93.9260657, 27.7036778 ], [ 93.9225509, 27.7009968 ], [ 93.9192146, 27.7018106 ], [ 93.9171107, 27.6974171 ], [ 93.912515, 27.6980907 ], [ 93.9132125, 27.6949116 ], [ 93.9097627, 27.691857 ], [ 93.9156242, 27.6903871 ], [ 93.9166863, 27.6852108 ] ] } },
{ "type": "Feature", "properties": { "highway": "trunk" }, "geometry": { "type": "LineString", "coordinates": [ [ 93.9511634, 27.7162504 ], [ 93.9509346, 27.71612 ] ] } },
{ "type": "Feature", "properties": { "highway": "trunk" }, "geometry": { "type": "LineString", "coordinates": [ [ 94.0089269, 27.7590955 ], [ 94.0051248, 27.7545587 ], [ 94.0012317, 27.7422888 ], [ 93.9914669, 27.7327821 ], [ 93.9703915, 27.7296896 ], [ 93.9701644, 27.72733 ], [ 93.9603772, 27.7249607 ], [ 93.9511634, 27.7162504 ] ] } },
{ "type": "Feature", "properties": { "highway": "trunk" }, "geometry": { "type": "LineString", "coordinates": [ [ 94.0377811, 27.7654608 ], [ 94.0357441, 27.7599305 ], [ 94.0364, 27.753192 ], [ 94.0297135, 27.7552326 ], [ 94.0223172, 27.7548776 ], [ 94.0205359, 27.7570791 ], [ 94.0094001, 27.7600814 ] ] } },
{ "type": "Feature", "properties": { "highway": "trunk" }, "geometry": { "type": "LineString", "coordinates": [ [ 94.0094001, 27.7600814 ], [ 94.0089269, 27.7590955 ] ] } },
{ "type": "Feature", "properties": { "highway": "trunk" }, "geometry": { "type": "LineString", "coordinates": [ [ 94.0392212, 27.769839 ], [ 94.0398453, 27.7684373 ], [ 94.0377811, 27.7654608 ] ] } },
{ "type": "Feature", "properties": { "highway": "trunk" }, "geometry": { "type": "LineString", "coordinates": [ [ 94.073829, 27.7852609 ], [ 94.0746449, 27.7844575 ], [ 94.0697374, 27.778982 ], [ 94.0740811, 27.7750359 ], [ 94.0685542, 27.7689259 ], [ 94.0671636, 27.7704438 ], [ 94.0642286, 27.769178 ], [ 94.0645887, 27.7653098 ], [ 94.0624043, 27.7647441 ], [ 94.0640342, 27.762013 ], [ 94.0613562, 27.7607249 ], [ 94.0607578, 27.7583779 ], [ 94.0575997, 27.7593625 ], [ 94.0568574, 27.763926 ], [ 94.0549663, 27.7646087 ], [ 94.0518185, 27.7635103 ], [ 94.0507161, 27.760731 ], [ 94.0433303, 27.7584446 ], [ 94.0399449, 27.7634792 ], [ 94.0416262, 27.7664272 ], [ 94.040095, 27.7704659 ], [ 94.0409691, 27.7722991 ], [ 94.0392212, 27.769839 ] ] } },
{ "type": "Feature", "properties": { "highway": "trunk" }, "geometry": { "type": "LineString", "coordinates": [ [ 94.1053771, 27.8201055 ], [ 94.0952171, 27.8181676 ], [ 94.1039729, 27.8144404 ], [ 94.1020586, 27.8114655 ], [ 94.0980014, 27.8098896 ], [ 94.0981283, 27.8076482 ], [ 94.0959063, 27.8103142 ], [ 94.0915104, 27.8087173 ], [ 94.0901457, 27.8097834 ], [ 94.0887484, 27.808455 ], [ 94.0875259, 27.8092481 ], [ 94.0837672, 27.8035264 ], [ 94.0759079, 27.8067708 ], [ 94.0725026, 27.8039491 ], [ 94.0748009, 27.7996598 ], [ 94.0708365, 27.799005 ], [ 94.0733482, 27.7963823 ], [ 94.0722045, 27.7928335 ], [ 94.0754953, 27.7928 ], [ 94.0762804, 27.7914713 ], [ 94.0715489, 27.7882062 ], [ 94.0719083, 27.7854543 ], [ 94.073829, 27.7852609 ] ] } },
{ "type": "Feature", "properties": { "highway": "trunk" }, "geometry": { "type": "LineString", "coordinates": [ [ 94.2527997, 27.9074473 ], [ 94.2508326, 27.904893 ], [ 94.2574416, 27.9036178 ], [ 94.2580853, 27.9058554 ], [ 94.2638296, 27.9085014 ], [ 94.2659396, 27.9016299 ], [ 94.2690824, 27.9004746 ], [ 94.2647157, 27.8977533 ], [ 94.2651709, 27.894569 ], [ 94.260848, 27.8906978 ], [ 94.2575326, 27.8913993 ], [ 94.2527893, 27.8865759 ], [ 94.2503572, 27.887608 ], [ 94.2485212, 27.8848026 ], [ 94.249918, 27.8781476 ], [ 94.2465846, 27.8778346 ], [ 94.2444797, 27.8819188 ], [ 94.2377209, 27.881173 ], [ 94.2334642, 27.8841504 ], [ 94.2286361, 27.8836585 ], [ 94.2289038, 27.8893397 ], [ 94.2273603, 27.8929403 ], [ 94.2262461, 27.8890225 ], [ 94.2241576, 27.8874447 ], [ 94.2245716, 27.8850416 ], [ 94.2222396, 27.8850192 ], [ 94.2178589, 27.8816431 ], [ 94.2230321, 27.8813304 ], [ 94.2231572, 27.8787466 ], [ 94.2268642, 27.8766553 ], [ 94.2262492, 27.8747322 ], [ 94.2286794, 27.8725252 ], [ 94.223568, 27.8676913 ], [ 94.2311638, 27.8668272 ], [ 94.2313173, 27.8638253 ], [ 94.2234336, 27.8605188 ], [ 94.2162749, 27.864211 ], [ 94.2170623, 27.8607231 ], [ 94.2144772, 27.8601639 ], [ 94.2115304, 27.8619246 ], [ 94.2086412, 27.858485 ], [ 94.2058569, 27.8595776 ], [ 94.1984527, 27.8583072 ], [ 94.1959332, 27.8603059 ], [ 94.196624, 27.8587931 ], [ 94.1950218, 27.8563093 ], [ 94.1972374, 27.8555913 ], [ 94.1958096, 27.8531308 ], [ 94.1997625, 27.8534222 ], [ 94.1991274, 27.8501739 ], [ 94.2027956, 27.8517372 ], [ 94.2052232, 27.8502213 ], [ 94.2082026, 27.850784 ], [ 94.2103048, 27.8487993 ], [ 94.2105713, 27.8450373 ], [ 94.2163914, 27.8443519 ], [ 94.2109914, 27.8413827 ], [ 94.2106213, 27.8377104 ], [ 94.2046841, 27.8375746 ], [ 94.2041009, 27.8337522 ], [ 94.2062971, 27.8334309 ], [ 94.2061868, 27.8319621 ], [ 94.2003184, 27.8332129 ], [ 94.1976967, 27.8318392 ], [ 94.1989132, 27.8284684 ], [ 94.1946019, 27.8280811 ], [ 94.1954718, 27.8249656 ], [ 94.1935725, 27.818423 ], [ 94.1915523, 27.8221582 ], [ 94.18827, 27.82246 ], [ 94.18283, 27.8283375 ], [ 94.1775715, 27.8245439 ], [ 94.1738103, 27.8283781 ], [ 94.1708624, 27.8289766 ], [ 94.1651577, 27.8266772 ], [ 94.161315, 27.8283713 ], [ 94.1633606, 27.8310595 ], [ 94.1593535, 27.8287703 ], [ 94.1560615, 27.8321009 ], [ 94.1552351, 27.829456 ], [ 94.1579951, 27.8263676 ], [ 94.1570969, 27.8221481 ], [ 94.1527116, 27.8244937 ], [ 94.1486815, 27.8231452 ], [ 94.1451425, 27.8280994 ], [ 94.1436045, 27.8261238 ], [ 94.1411342, 27.8269933 ], [ 94.1421941, 27.8230749 ], [ 94.1405332, 27.8199699 ], [ 94.1382941, 27.8196437 ], [ 94.1362246, 27.8141906 ], [ 94.1331818, 27.8132012 ], [ 94.1338793, 27.8154155 ], [ 94.1314198, 27.8186031 ], [ 94.1353826, 27.8206762 ], [ 94.1354816, 27.8234673 ], [ 94.1332893, 27.822835 ], [ 94.1324104, 27.825623 ], [ 94.1301912, 27.822453 ], [ 94.1217449, 27.818135 ], [ 94.1219949, 27.82468 ], [ 94.1180761, 27.8210774 ], [ 94.1167528, 27.8219546 ], [ 94.1173954, 27.8240603 ], [ 94.1147071, 27.8238496 ], [ 94.11443, 27.8250639 ], [ 94.1111374, 27.8238781 ], [ 94.1075959, 27.8327651 ], [ 94.105854, 27.8299648 ], [ 94.1053771, 27.8201055 ] ] } },
{ "type": "Feature", "properties": { "highway": "trunk" }, "geometry": { "type": "LineString", "coordinates": [ [ 94.2025589, 28.010585 ], [ 94.2011169, 28.0107054 ] ] } },
{ "type": "Feature", "properties": { "highway": "trunk" }, "geometry": { "type": "LineString", "coordinates": [ [ 93.9037382, 27.6725612 ], [ 93.9031226, 27.6739022 ] ] } },
{ "type": "Feature", "properties": { "highway": "trunk" }, "geometry": { "type": "LineString", "coordinates": [ [ 93.9031226, 27.6739022 ], [ 93.8975594, 27.6711966 ], [ 93.8969438, 27.6721109 ], [ 93.900473, 27.6744939 ], [ 93.9045177, 27.6808842 ], [ 93.9006352, 27.6832281 ], [ 93.899597, 27.6797254 ], [ 93.8957058, 27.6777523 ], [ 93.8877651, 27.6785879 ], [ 93.8873785, 27.6816454 ], [ 93.8845905, 27.6805181 ] ] } },
{ "type": "Feature", "properties": { "highway": "trunk" }, "geometry": { "type": "LineString", "coordinates": [ [ 93.9166863, 27.6852108 ], [ 93.9176445, 27.6848058 ], [ 93.9155609, 27.6836266 ], [ 93.9171453, 27.6819746 ], [ 93.9135819, 27.6827551 ], [ 93.9134575, 27.6810504 ], [ 93.9164581, 27.6749175 ], [ 93.9142519, 27.6729445 ], [ 93.917426, 27.6711439 ], [ 93.9108372, 27.6709212 ], [ 93.9111103, 27.6752024 ], [ 93.9060463, 27.6723172 ], [ 93.9037382, 27.6725612 ] ] } },
{ "type": "Feature", "properties": { "highway": "secondary" }, "geometry": { "type": "LineString", "coordinates": [ [ 93.5863594, 27.7482812 ], [ 93.5845588, 27.746088 ], [ 93.5851317, 27.7480656 ], [ 93.5814634, 27.7465861 ], [ 93.5834935, 27.7487919 ], [ 93.5812116, 27.7486293 ], [ 93.5828603, 27.7505465 ], [ 93.580871, 27.7498753 ], [ 93.5818411, 27.750815 ], [ 93.5805422, 27.7505512 ], [ 93.5803232, 27.7522936 ], [ 93.5839143, 27.7552269 ], [ 93.5824672, 27.7551814 ], [ 93.5827668, 27.7564685 ], [ 93.5942475, 27.7594883 ], [ 93.5971875, 27.7593978 ], [ 93.6008392, 27.7558072 ], [ 93.6013584, 27.7569947 ], [ 93.6030404, 27.7563281 ], [ 93.6005043, 27.7545946 ], [ 93.6012958, 27.7528891 ], [ 93.6048081, 27.7549088 ], [ 93.6085529, 27.7542326 ], [ 93.6068666, 27.756101 ], [ 93.6122114, 27.7525777 ], [ 93.610083, 27.7517637 ], [ 93.6147176, 27.7527942 ] ] } },
{ "type": "Feature", "properties": { "highway": "trunk" }, "geometry": { "type": "LineString", "coordinates": [ [ 93.5919386, 27.7738355 ], [ 93.5894173, 27.7713579 ], [ 93.592518, 27.7727153 ], [ 93.5953611, 27.7707788 ], [ 93.5957688, 27.7682014 ], [ 93.5996634, 27.770195 ], [ 93.6046952, 27.7689419 ], [ 93.6058378, 27.7677599 ], [ 93.6042191, 27.7649878 ], [ 93.6063528, 27.7654863 ], [ 93.6102045, 27.7623866 ], [ 93.6090189, 27.7589118 ], [ 93.6124414, 27.757388 ], [ 93.6136394, 27.7532438 ], [ 93.6157506, 27.7524977 ], [ 93.6145765, 27.7508273 ], [ 93.6055857, 27.7480167 ], [ 93.6039705, 27.7464477 ], [ 93.6043828, 27.7440046 ], [ 93.5997696, 27.7460864 ] ] } },
{ "type": "Feature", "properties": { "highway": "trunk" }, "geometry": { "type": "LineString", "coordinates": [ [ 93.5245041, 27.7868773 ], [ 93.524773, 27.7863196 ] ] } },
{ "type": "Feature", "properties": { "highway": "trunk" }, "geometry": { "type": "LineString", "coordinates": [ [ 93.524773, 27.7863196 ], [ 93.5273725, 27.7901097 ], [ 93.5322166, 27.7918609 ], [ 93.530677, 27.7897206 ], [ 93.5285634, 27.7897633 ], [ 93.5286063, 27.7872338 ], [ 93.5261923, 27.7856629 ], [ 93.5260367, 27.785288 ], [ 93.5290033, 27.7869538 ], [ 93.529883, 27.7887904 ], [ 93.5329783, 27.7881972 ], [ 93.5353762, 27.7899009 ], [ 93.5418671, 27.7876799 ], [ 93.5431653, 27.7838832 ], [ 93.5442972, 27.7862799 ], [ 93.5458261, 27.7812444 ], [ 93.5494524, 27.7839211 ], [ 93.5491145, 27.7887429 ], [ 93.5588241, 27.7891653 ], [ 93.5595107, 27.7865978 ], [ 93.5619247, 27.7864744 ], [ 93.5608894, 27.7875992 ], [ 93.5634053, 27.7898629 ], [ 93.5630888, 27.7926581 ], [ 93.5660607, 27.7921361 ], [ 93.5759795, 27.7950261 ], [ 93.5763604, 27.7970762 ], [ 93.5908443, 27.8011286 ], [ 93.5988587, 27.7932655 ], [ 93.5973728, 27.7907788 ], [ 93.6010581, 27.7857388 ], [ 93.6015517, 27.7806749 ], [ 93.6038476, 27.7787384 ], [ 93.5976303, 27.7759903 ], [ 93.5952699, 27.7766833 ], [ 93.5919386, 27.7738355 ] ] } },
{ "type": "Feature", "properties": { "highway": "trunk" }, "geometry": { "type": "LineString", "coordinates": [ [ 93.5425323, 27.7995734 ], [ 93.5377044, 27.7956288 ], [ 93.535977, 27.7977832 ], [ 93.529926, 27.7950451 ], [ 93.5280752, 27.7959183 ], [ 93.5282415, 27.7943191 ], [ 93.5246259, 27.7923069 ], [ 93.5261028, 27.7913915 ], [ 93.5245041, 27.7868773 ] ] } },
{ "type": "Feature", "properties": { "highway": "trunk" }, "geometry": { "type": "LineString", "coordinates": [ [ 93.5209494, 27.8196823 ], [ 93.5202798, 27.8181742 ], [ 93.5220199, 27.8161291 ], [ 93.5201786, 27.8142905 ], [ 93.5252588, 27.8160017 ], [ 93.5262515, 27.8117357 ], [ 93.5319886, 27.812997 ], [ 93.5348156, 27.8106009 ], [ 93.5365832, 27.8112675 ], [ 93.5361648, 27.805856 ], [ 93.5400218, 27.8055048 ], [ 93.5427013, 27.8070825 ], [ 93.5423338, 27.8042877 ], [ 93.5437286, 27.8034526 ], [ 93.5415453, 27.8015284 ], [ 93.5425323, 27.7995734 ] ] } },
{ "type": "Feature", "properties": { "highway": "primary" }, "geometry": { "type": "LineString", "coordinates": [ [ 94.1353008, 28.5993934 ], [ 94.1353709, 28.5993391 ] ] } },
{ "type": "Feature", "properties": { "highway": "primary" }, "geometry": { "type": "LineString", "coordinates": [ [ 94.1334327, 28.600142 ], [ 94.1353008, 28.5993934 ] ] } },
{ "type": "Feature", "properties": { "highway": "primary" }, "geometry": { "type": "LineString", "coordinates": [ [ 94.6132917, 28.5450783 ], [ 94.61502, 28.5461583 ], [ 94.6185017, 28.545185 ], [ 94.620175, 28.5467467 ], [ 94.62225, 28.5440967 ], [ 94.6232633, 28.54785 ], [ 94.6247833, 28.5479 ], [ 94.6297167, 28.5458017 ], [ 94.6299717, 28.542375 ], [ 94.631575, 28.5417317 ], [ 94.6300717, 28.539705 ], [ 94.6353, 28.5448817 ], [ 94.6388433, 28.5426467 ], [ 94.638515, 28.538065 ], [ 94.6421133, 28.5338567 ], [ 94.6394767, 28.53307 ], [ 94.6404583, 28.531945 ], [ 94.636435, 28.5252033 ], [ 94.6334733, 28.5268933 ], [ 94.62911, 28.52445 ], [ 94.636305, 28.5228683 ], [ 94.6380183, 28.5157283 ], [ 94.6459167, 28.5113983 ], [ 94.6439083, 28.5091717 ], [ 94.6533933, 28.5061933 ], [ 94.6511333, 28.5030967 ], [ 94.6545517, 28.5036083 ], [ 94.6568533, 28.5020767 ], [ 94.6553767, 28.4987967 ], [ 94.6564733, 28.49452 ], [ 94.6538633, 28.4932633 ], [ 94.656765, 28.493035 ], [ 94.6583767, 28.4892133 ], [ 94.65921, 28.483665 ], [ 94.6574067, 28.4833 ], [ 94.6588233, 28.4815917 ], [ 94.657065, 28.4807933 ], [ 94.6633417, 28.4747033 ], [ 94.66854, 28.4778267 ], [ 94.670015, 28.4764667 ], [ 94.6705883, 28.472215 ], [ 94.6760117, 28.4688617 ], [ 94.67642, 28.4597283 ] ] } },
{ "type": "Feature", "properties": { "highway": "primary" }, "geometry": { "type": "LineString", "coordinates": [ [ 94.5164033, 28.5156502 ], [ 94.516625, 28.519275 ], [ 94.5198327, 28.5202633 ], [ 94.5174583, 28.51879 ], [ 94.5173461, 28.5175813 ], [ 94.5283683, 28.526905 ], [ 94.5318133, 28.5281633 ], [ 94.5377683, 28.5217967 ], [ 94.5390317, 28.52528 ], [ 94.544555, 28.526925 ], [ 94.5474283, 28.516105 ], [ 94.549765, 28.5159017 ], [ 94.5507517, 28.5213633 ], [ 94.55246, 28.5219817 ] ] } },
{ "type": "Feature", "properties": { "highway": "primary" }, "geometry": { "type": "LineString", "coordinates": [ [ 94.55246, 28.5219817 ], [ 94.5529733, 28.5274167 ], [ 94.55504, 28.5273483 ], [ 94.5559517, 28.5300233 ], [ 94.5582317, 28.530565 ], [ 94.55947, 28.5280667 ], [ 94.562725, 28.526875 ], [ 94.5678733, 28.5292333 ], [ 94.5688583, 28.5283633 ], [ 94.57026, 28.5319033 ], [ 94.5708367, 28.5278283 ], [ 94.575065, 28.5222967 ], [ 94.5755167, 28.51943 ], [ 94.582765, 28.516515 ], [ 94.5835683, 28.5330217 ], [ 94.5881183, 28.534055 ], [ 94.5899267, 28.52808 ], [ 94.5939583, 28.52749 ], [ 94.5951467, 28.534755 ], [ 94.5972733, 28.534745 ], [ 94.59643, 28.5371183 ], [ 94.5994767, 28.5368517 ], [ 94.6035083, 28.5390667 ], [ 94.6077133, 28.537325 ], [ 94.6075417, 28.5415167 ], [ 94.6069033, 28.54243 ], [ 94.60692, 28.5404183 ], [ 94.606025, 28.5427633 ], [ 94.6084383, 28.5428883 ], [ 94.6110767, 28.5456783 ], [ 94.6132917, 28.5450783 ] ] } },
{ "type": "Feature", "properties": { "highway": "secondary" }, "geometry": { "type": "LineString", "coordinates": [ [ 94.4038601, 28.5889871 ], [ 94.4042302, 28.5992023 ], [ 94.40106, 28.6004363 ], [ 94.3993328, 28.6042464 ] ] } },
{ "type": "Feature", "properties": { "highway": "secondary" }, "geometry": { "type": "LineString", "coordinates": [ [ 94.3945259, 28.610036 ], [ 94.3969774, 28.6094464 ], [ 94.3993328, 28.6042464 ] ] } },
{ "type": "Feature", "properties": { "highway": "secondary" }, "geometry": { "type": "LineString", "coordinates": [ [ 94.3945259, 28.610036 ], [ 94.3920854, 28.6104126 ], [ 94.3945259, 28.6126114 ] ] } },
{ "type": "Feature", "properties": { "highway": "secondary" }, "geometry": { "type": "LineString", "coordinates": [ [ 94.3987691, 28.613493 ], [ 94.3945259, 28.6126114 ] ] } },
{ "type": "Feature", "properties": { "highway": "secondary" }, "geometry": { "type": "LineString", "coordinates": [ [ 94.4081837, 28.6139685 ], [ 94.4053191, 28.6150513 ], [ 94.3987691, 28.613493 ] ] } },
{ "type": "Feature", "properties": { "highway": "secondary" }, "geometry": { "type": "LineString", "coordinates": [ [ 94.4012207, 28.6163413 ], [ 94.4049126, 28.6164685 ], [ 94.4081837, 28.6139685 ] ] } },
{ "type": "Feature", "properties": { "highway": "secondary" }, "geometry": { "type": "LineString", "coordinates": [ [ 94.4012207, 28.6163413 ], [ 94.3999976, 28.6154138 ], [ 94.3965804, 28.617556 ], [ 94.3945259, 28.6164592 ] ] } },
{ "type": "Feature", "properties": { "highway": "secondary" }, "geometry": { "type": "LineString", "coordinates": [ [ 94.2626899, 28.8078801 ], [ 94.2650508, 28.8050404 ], [ 94.2661714, 28.8065683 ], [ 94.2659695, 28.805565 ], [ 94.2673892, 28.8063169 ], [ 94.2661666, 28.8050621 ], [ 94.2680319, 28.8059654 ], [ 94.2672061, 28.8050178 ] ] } },
{ "type": "Feature", "properties": { "highway": "secondary" }, "geometry": { "type": "LineString", "coordinates": [ [ 94.2463483, 28.8447055 ], [ 94.2439896, 28.8426199 ], [ 94.2456096, 28.8380566 ], [ 94.2424339, 28.8311105 ], [ 94.2420477, 28.8260208 ], [ 94.2472565, 28.8185577 ], [ 94.2502713, 28.8186423 ], [ 94.259938, 28.8130027 ], [ 94.264766, 28.8078043 ], [ 94.2615205, 28.8088153 ], [ 94.2626899, 28.8078801 ] ] } },
{ "type": "Feature", "properties": { "highway": "secondary" }, "geometry": { "type": "LineString", "coordinates": [ [ 94.2460933, 28.8483968 ], [ 94.2452995, 28.8467214 ], [ 94.2437588, 28.8472107 ], [ 94.2440377, 28.8490993 ], [ 94.2422944, 28.8482725 ], [ 94.2463483, 28.8447055 ] ] } },
{ "type": "Feature", "properties": { "highway": "secondary" }, "geometry": { "type": "LineString", "coordinates": [ [ 94.9417957, 27.9511381 ], [ 94.9427586, 27.9484062 ], [ 94.9394487, 27.943402 ], [ 94.9419043, 27.9367506 ] ] } },
{ "type": "Feature", "properties": { "highway": "primary" }, "geometry": { "type": "LineString", "coordinates": [ [ 94.7717813, 27.8402003 ], [ 94.7696945, 27.8417894 ], [ 94.7719502, 27.8369984 ], [ 94.7687933, 27.8344415 ], [ 94.7685438, 27.8311493 ], [ 94.7706789, 27.830758 ], [ 94.7702417, 27.8294178 ], [ 94.7653976, 27.829757 ], [ 94.7658777, 27.8328287 ], [ 94.7644481, 27.8308837 ], [ 94.7522601, 27.8289932 ], [ 94.7470996, 27.8255443 ], [ 94.7467375, 27.8235802 ], [ 94.7436127, 27.823203 ], [ 94.7420999, 27.8258764 ], [ 94.7396269, 27.8252857 ], [ 94.7394848, 27.821367 ], [ 94.7368106, 27.8212721 ], [ 94.7336376, 27.8238126 ], [ 94.7329697, 27.8204987 ], [ 94.7301909, 27.8218295 ] ] } },
{ "type": "Feature", "properties": { "highway": "primary" }, "geometry": { "type": "LineString", "coordinates": [ [ 94.7724143, 27.8405727 ], [ 94.7717813, 27.8402003 ] ] } },
{ "type": "Feature", "properties": { "highway": "primary" }, "geometry": { "type": "LineString", "coordinates": [ [ 94.787102, 27.8687999 ], [ 94.7871369, 27.8658312 ], [ 94.7839612, 27.8632655 ], [ 94.7855973, 27.8611598 ], [ 94.7824001, 27.8575649 ], [ 94.7898996, 27.8593197 ], [ 94.784621, 27.8497035 ], [ 94.789347, 27.8512237 ], [ 94.7851789, 27.8476758 ], [ 94.7791091, 27.8463643 ], [ 94.7799781, 27.8437816 ], [ 94.7794282, 27.8427381 ], [ 94.7776526, 27.8440709 ], [ 94.7770089, 27.8401386 ], [ 94.7762793, 27.8421997 ], [ 94.7724143, 27.8405727 ] ] } },
{ "type": "Feature", "properties": { "highway": "primary" }, "geometry": { "type": "LineString", "coordinates": [ [ 94.7877431, 27.8689232 ], [ 94.787102, 27.8687999 ] ] } },
{ "type": "Feature", "properties": { "highway": "primary" }, "geometry": { "type": "LineString", "coordinates": [ [ 94.7735287, 27.8849555 ], [ 94.7759789, 27.8808872 ], [ 94.7887623, 27.8762971 ], [ 94.7905648, 27.8739736 ], [ 94.7877431, 27.8689232 ] ] } },
{ "type": "Feature", "properties": { "highway": "primary" }, "geometry": { "type": "LineString", "coordinates": [ [ 94.7732364, 27.8849117 ], [ 94.7735287, 27.8849555 ] ] } },
{ "type": "Feature", "properties": { "highway": "primary" }, "geometry": { "type": "LineString", "coordinates": [ [ 94.7474241, 27.903062 ], [ 94.765006, 27.8890119 ], [ 94.7695497, 27.8879616 ], [ 94.7732364, 27.8849117 ] ] } },
{ "type": "Feature", "properties": { "highway": "primary" }, "geometry": { "type": "LineString", "coordinates": [ [ 94.7473356, 27.9031568 ], [ 94.7474241, 27.903062 ] ] } },
{ "type": "Feature", "properties": { "highway": "primary" }, "geometry": { "type": "LineString", "coordinates": [ [ 94.7428617, 27.90616 ], [ 94.7473356, 27.9031568 ] ] } },
{ "type": "Feature", "properties": { "highway": "secondary" }, "geometry": { "type": "LineString", "coordinates": [ [ 95.058628405540006, 27.792332634072675 ], [ 95.0560335, 27.7951715 ], [ 95.0444418, 27.7979194 ] ] } },
{ "type": "Feature", "properties": { "highway": "secondary" }, "geometry": { "type": "LineString", "coordinates": [ [ 95.1181135, 27.9435637 ], [ 95.1153428, 27.9422747 ], [ 95.1154286, 27.9453645 ], [ 95.1138783, 27.946208 ], [ 95.1052496, 27.9460801 ], [ 95.0810199, 27.9509658 ], [ 95.0756876, 27.9495252 ], [ 95.0758808, 27.9512975 ], [ 95.0729826, 27.9510373 ], [ 95.0703541, 27.9541695 ] ] } },
{ "type": "Feature", "properties": { "highway": "secondary" }, "geometry": { "type": "LineString", "coordinates": [ [ 95.0703541, 27.9541695 ], [ 95.0701234, 27.954468 ] ] } },
{ "type": "Feature", "properties": { "highway": "secondary" }, "geometry": { "type": "LineString", "coordinates": [ [ 95.0701234, 27.954468 ], [ 95.0672025, 27.9557521 ], [ 95.0668431, 27.9593485 ], [ 95.0625032, 27.9602772 ], [ 95.0577343, 27.9587183 ], [ 95.0506586, 27.9595191 ], [ 95.0496555, 27.9609927 ], [ 95.0447698, 27.9588889 ], [ 95.040827, 27.9606658 ], [ 95.0312622, 27.9597276 ], [ 95.0296743, 27.9614997 ], [ 95.0285854, 27.9595949 ], [ 95.0213219, 27.9640583 ], [ 95.0200291, 27.9632149 ], [ 95.0185807, 27.9647406 ], [ 95.0108345, 27.9656124 ], [ 95.0094946, 27.9673099 ], [ 95.0105729, 27.9680253 ], [ 95.0069465, 27.9688023 ], [ 95.0078853, 27.9725262 ], [ 94.9976178, 27.9768635 ] ] } },
{ "type": "Feature", "properties": { "highway": "trunk" }, "geometry": { "type": "LineString", "coordinates": [ [ 95.121495, 28.1294364 ], [ 95.1196051, 28.1316504 ], [ 95.1139271, 28.1325518 ], [ 95.1043544, 28.1369831 ], [ 95.1028054, 28.1362326 ], [ 95.1026298, 28.1377375 ], [ 95.0946735, 28.1421566 ], [ 95.0931066, 28.1404454 ], [ 95.0931786, 28.1433676 ], [ 95.0559318, 28.1535815 ] ] } },
{ "type": "Feature", "properties": { "highway": "trunk" }, "geometry": { "type": "LineString", "coordinates": [ [ 95.0559318, 28.1535815 ], [ 95.0281018, 28.1747854 ], [ 95.0223402, 28.1734918 ] ] } },
{ "type": "Feature", "properties": { "highway": "secondary" }, "geometry": { "type": "LineString", "coordinates": [ [ 94.9419834, 27.9512447 ], [ 94.9417957, 27.9511381 ] ] } },
{ "type": "Feature", "properties": { "highway": "secondary" }, "geometry": { "type": "LineString", "coordinates": [ [ 94.95555, 27.9763447 ], [ 94.9490484, 27.9710859 ], [ 94.9491181, 27.9676842 ], [ 94.9467792, 27.9656042 ], [ 94.9459303, 27.954493 ], [ 94.94427, 27.9503372 ], [ 94.9419834, 27.9512447 ] ] } },
{ "type": "Feature", "properties": { "highway": "secondary" }, "geometry": { "type": "LineString", "coordinates": [ [ 94.9730541, 27.9754067 ], [ 94.9694466, 27.9724267 ], [ 94.9635779, 27.9739238 ], [ 94.9582349, 27.9717824 ], [ 94.9558317, 27.9729526 ], [ 94.9559685, 27.9763068 ] ] } },
{ "type": "Feature", "properties": { "highway": "secondary" }, "geometry": { "type": "LineString", "coordinates": [ [ 94.9736013, 27.9753925 ], [ 94.9730541, 27.9754067 ] ] } },
{ "type": "Feature", "properties": { "highway": "secondary" }, "geometry": { "type": "LineString", "coordinates": [ [ 94.9559685, 27.9763068 ], [ 94.95555, 27.9763447 ] ] } },
{ "type": "Feature", "properties": { "highway": "secondary" }, "geometry": { "type": "LineString", "coordinates": [ [ 94.9976178, 27.9768635 ], [ 94.9973093, 27.9767901 ] ] } },
{ "type": "Feature", "properties": { "highway": "secondary" }, "geometry": { "type": "LineString", "coordinates": [ [ 94.9763613, 27.9796136 ], [ 94.9736013, 27.9753925 ] ] } },
{ "type": "Feature", "properties": { "highway": "secondary" }, "geometry": { "type": "LineString", "coordinates": [ [ 94.9973093, 27.9767901 ], [ 94.9900567, 27.9761836 ], [ 94.9899762, 27.9781687 ], [ 94.9881898, 27.9767379 ], [ 94.9838286, 27.9795899 ], [ 94.9832653, 27.9781355 ], [ 94.980685, 27.9793246 ], [ 94.9778258, 27.9777139 ], [ 94.976533, 27.9796041 ] ] } },
{ "type": "Feature", "properties": { "highway": "secondary" }, "geometry": { "type": "LineString", "coordinates": [ [ 94.976533, 27.9796041 ], [ 94.9763613, 27.9796136 ] ] } },
{ "type": "Feature", "properties": { "highway": "trunk" }, "geometry": { "type": "LineString", "coordinates": [ [ 95.0223402, 28.1734918 ], [ 95.0220498, 28.1736324 ] ] } },
{ "type": "Feature", "properties": { "highway": "trunk" }, "geometry": { "type": "LineString", "coordinates": [ [ 96.3512954, 27.8524923 ], [ 96.350115, 27.8504682 ] ] } },
{ "type": "Feature", "properties": { "highway": "secondary" }, "geometry": { "type": "LineString", "coordinates": [ [ 96.0244418, 27.8657572 ], [ 96.0287597, 27.8471382 ] ] } },
{ "type": "Feature", "properties": { "highway": "trunk" }, "geometry": { "type": "LineString", "coordinates": [ [ 96.3605014, 27.8768718 ], [ 96.3546574, 27.8763398 ], [ 96.3511994, 27.8738424 ], [ 96.3531141, 27.872052 ], [ 96.3485077, 27.8569406 ], [ 96.3512954, 27.8524923 ] ] } },
{ "type": "Feature", "properties": { "highway": "secondary" }, "geometry": { "type": "LineString", "coordinates": [ [ 96.0244418, 27.8657572 ], [ 96.0246286, 27.8696664 ], [ 96.0301003, 27.879966 ], [ 96.027554, 27.8883446 ] ] } },
{ "type": "Feature", "properties": { "highway": "trunk" }, "geometry": { "type": "LineString", "coordinates": [ [ 96.3607874, 27.8854734 ], [ 96.3605286, 27.8857391 ] ] } },
{ "type": "Feature", "properties": { "highway": "trunk" }, "geometry": { "type": "LineString", "coordinates": [ [ 96.3594265, 27.8873924 ], [ 96.3623356, 27.8838305 ] ] } },
{ "type": "Feature", "properties": { "highway": "trunk" }, "geometry": { "type": "LineString", "coordinates": [ [ 96.3605286, 27.8857391 ], [ 96.3592034, 27.887341 ] ] } },
{ "type": "Feature", "properties": { "highway": "trunk" }, "geometry": { "type": "LineString", "coordinates": [ [ 96.3592034, 27.887341 ], [ 96.3591806, 27.8875121 ] ] } },
{ "type": "Feature", "properties": { "highway": "trunk" }, "geometry": { "type": "LineString", "coordinates": [ [ 96.3594038, 27.8875155 ], [ 96.3594265, 27.8873924 ] ] } },
{ "type": "Feature", "properties": { "highway": "trunk" }, "geometry": { "type": "LineString", "coordinates": [ [ 96.0447067, 27.8875065 ], [ 96.0442829, 27.8875681 ] ] } },
{ "type": "Feature", "properties": { "highway": "trunk" }, "geometry": { "type": "LineString", "coordinates": [ [ 96.0442829, 27.8875681 ], [ 96.0420686, 27.8878675 ] ] } },
{ "type": "Feature", "properties": { "highway": "trunk" }, "geometry": { "type": "LineString", "coordinates": [ [ 96.3591806, 27.8875121 ], [ 96.3586548, 27.8884862 ], [ 96.3594038, 27.8875155 ] ] } },
{ "type": "Feature", "properties": { "highway": "trunk" }, "geometry": { "type": "LineString", "coordinates": [ [ 96.0216274, 27.8880861 ], [ 96.0207649, 27.8880729 ] ] } },
{ "type": "Feature", "properties": { "highway": "trunk" }, "geometry": { "type": "LineString", "coordinates": [ [ 96.0420686, 27.8878675 ], [ 96.0347489, 27.8887989 ] ] } },
{ "type": "Feature", "properties": { "highway": "trunk" }, "geometry": { "type": "LineString", "coordinates": [ [ 96.0291713, 27.8889716 ], [ 96.0216274, 27.8880861 ] ] } },
{ "type": "Feature", "properties": { "highway": "trunk" }, "geometry": { "type": "LineString", "coordinates": [ [ 96.0296434, 27.889128 ], [ 96.0291713, 27.8889716 ] ] } },
{ "type": "Feature", "properties": { "highway": "trunk" }, "geometry": { "type": "LineString", "coordinates": [ [ 96.0347489, 27.8887989 ], [ 96.0296434, 27.889128 ] ] } },
{ "type": "Feature", "properties": { "highway": "trunk" }, "geometry": { "type": "LineString", "coordinates": [ [ 96.3611086, 27.8928441 ], [ 96.361024, 27.8930916 ] ] } },
{ "type": "Feature", "properties": { "highway": "trunk" }, "geometry": { "type": "LineString", "coordinates": [ [ 96.361024, 27.8930916 ], [ 96.3609894, 27.893147 ] ] } },
{ "type": "Feature", "properties": { "highway": "trunk" }, "geometry": { "type": "LineString", "coordinates": [ [ 96.3609894, 27.893147 ], [ 96.3584865, 27.8937082 ], [ 96.3581794, 27.895944 ] ] } },
{ "type": "Feature", "properties": { "highway": "trunk" }, "geometry": { "type": "LineString", "coordinates": [ [ 96.3581794, 27.895944 ], [ 96.3582222, 27.8962244 ] ] } },
{ "type": "Feature", "properties": { "highway": "trunk" }, "geometry": { "type": "LineString", "coordinates": [ [ 96.3582222, 27.8962244 ], [ 96.3580895, 27.8964993 ] ] } },
{ "type": "Feature", "properties": { "highway": "trunk" }, "geometry": { "type": "LineString", "coordinates": [ [ 96.3580895, 27.8964993 ], [ 96.3580206, 27.896604 ] ] } },
{ "type": "Feature", "properties": { "highway": "trunk" }, "geometry": { "type": "LineString", "coordinates": [ [ 96.0766157, 27.9103381 ], [ 96.0639406, 27.9075286 ], [ 96.0514819, 27.8895074 ], [ 96.0447067, 27.8875065 ] ] } },
{ "type": "Feature", "properties": { "highway": "trunk" }, "geometry": { "type": "LineString", "coordinates": [ [ 96.3580206, 27.896604 ], [ 96.3593573, 27.8971651 ], [ 96.3580179, 27.8979989 ], [ 96.3583963, 27.9005858 ], [ 96.3564482, 27.9035219 ], [ 96.3543965, 27.9038014 ], [ 96.3565501, 27.9088329 ] ] } },
{ "type": "Feature", "properties": { "highway": "trunk" }, "geometry": { "type": "LineString", "coordinates": [ [ 96.3473218, 27.9046197 ], [ 96.3470358, 27.9045582 ] ] } },
{ "type": "Feature", "properties": { "highway": "trunk" }, "geometry": { "type": "LineString", "coordinates": [ [ 96.3489645, 27.9051157 ], [ 96.3473218, 27.9046197 ] ] } },
{ "type": "Feature", "properties": { "highway": "trunk" }, "geometry": { "type": "LineString", "coordinates": [ [ 96.3470358, 27.9045582 ], [ 96.3443459, 27.9051286 ] ] } },
{ "type": "Feature", "properties": { "highway": "trunk" }, "geometry": { "type": "LineString", "coordinates": [ [ 96.3443459, 27.9051286 ], [ 96.3442944, 27.9051729 ] ] } },
{ "type": "Feature", "properties": { "highway": "trunk" }, "geometry": { "type": "LineString", "coordinates": [ [ 96.3487862, 27.9055766 ], [ 96.3489645, 27.9051157 ] ] } },
{ "type": "Feature", "properties": { "highway": "primary" }, "geometry": { "type": "LineString", "coordinates": [ [ 95.8880121, 27.8486266 ], [ 95.8954514, 27.844135 ], [ 95.9599904, 27.8773953 ], [ 95.9761078, 27.8770672 ], [ 96.0049504, 27.863333 ], [ 96.0100901, 27.870417 ], [ 96.0119825, 27.8878552 ] ] } },
{ "type": "Feature", "properties": { "highway": "trunk" }, "geometry": { "type": "LineString", "coordinates": [ [ 96.3487563, 27.9062854 ], [ 96.3487862, 27.9055766 ] ] } },
{ "type": "Feature", "properties": { "highway": "trunk" }, "geometry": { "type": "LineString", "coordinates": [ [ 96.3487438, 27.9065134 ], [ 96.3487563, 27.9062854 ] ] } },
{ "type": "Feature", "properties": { "highway": "trunk" }, "geometry": { "type": "LineString", "coordinates": [ [ 96.3486959, 27.9071819 ], [ 96.3487438, 27.9065134 ] ] } },
{ "type": "Feature", "properties": { "highway": "trunk" }, "geometry": { "type": "LineString", "coordinates": [ [ 96.34879, 27.9072791 ], [ 96.3486959, 27.9071819 ] ] } },
{ "type": "Feature", "properties": { "highway": "trunk" }, "geometry": { "type": "LineString", "coordinates": [ [ 96.356448, 27.9088608 ], [ 96.3532354, 27.9062631 ], [ 96.3525245, 27.9089633 ] ] } },
{ "type": "Feature", "properties": { "highway": "trunk" }, "geometry": { "type": "LineString", "coordinates": [ [ 96.2785326, 27.9077962 ], [ 96.2778812, 27.9078291 ] ] } },
{ "type": "Feature", "properties": { "highway": "trunk" }, "geometry": { "type": "LineString", "coordinates": [ [ 96.3442944, 27.9051729 ], [ 96.3417416, 27.9043765 ], [ 96.3413727, 27.9085035 ], [ 96.3390126, 27.9095062 ], [ 96.3395113, 27.9113529 ] ] } },
{ "type": "Feature", "properties": { "highway": "trunk" }, "geometry": { "type": "LineString", "coordinates": [ [ 96.304244, 27.915527 ], [ 96.2996383, 27.9064523 ], [ 96.2950364, 27.9021024 ], [ 96.2900103, 27.9023425 ], [ 96.2901869, 27.9037351 ], [ 96.2870762, 27.9026186 ], [ 96.2816417, 27.9076725 ], [ 96.2785326, 27.9077962 ] ] } },
{ "type": "Feature", "properties": { "highway": "trunk" }, "geometry": { "type": "LineString", "coordinates": [ [ 96.3523153, 27.9092981 ], [ 96.3510245, 27.9104172 ], [ 96.3503189, 27.9071212 ], [ 96.34879, 27.9072791 ] ] } },
{ "type": "Feature", "properties": { "highway": "trunk" }, "geometry": { "type": "LineString", "coordinates": [ [ 96.3565501, 27.9088329 ], [ 96.356448, 27.9088608 ] ] } },
{ "type": "Feature", "properties": { "highway": "trunk" }, "geometry": { "type": "LineString", "coordinates": [ [ 96.3525245, 27.9089633 ], [ 96.3523153, 27.9092981 ] ] } },
{ "type": "Feature", "properties": { "highway": "trunk" }, "geometry": { "type": "LineString", "coordinates": [ [ 96.0821766, 27.9099295 ], [ 96.0791945, 27.9092213 ] ] } },
{ "type": "Feature", "properties": { "highway": "trunk" }, "geometry": { "type": "LineString", "coordinates": [ [ 96.0791945, 27.9092213 ], [ 96.0766157, 27.9103381 ] ] } },
{ "type": "Feature", "properties": { "highway": "trunk" }, "geometry": { "type": "LineString", "coordinates": [ [ 96.0969128, 27.9101381 ], [ 96.0821766, 27.9099295 ] ] } },
{ "type": "Feature", "properties": { "highway": "trunk" }, "geometry": { "type": "LineString", "coordinates": [ [ 96.0975605, 27.9100386 ], [ 96.0969128, 27.9101381 ] ] } },
{ "type": "Feature", "properties": { "highway": "trunk" }, "geometry": { "type": "LineString", "coordinates": [ [ 96.3395113, 27.9113529 ], [ 96.3394614, 27.9114001 ] ] } },
{ "type": "Feature", "properties": { "highway": "trunk" }, "geometry": { "type": "LineString", "coordinates": [ [ 96.3394614, 27.9114001 ], [ 96.3390149, 27.9117031 ] ] } },
{ "type": "Feature", "properties": { "highway": "trunk" }, "geometry": { "type": "LineString", "coordinates": [ [ 96.3390149, 27.9117031 ], [ 96.3389949, 27.912078 ] ] } },
{ "type": "Feature", "properties": { "highway": "trunk" }, "geometry": { "type": "LineString", "coordinates": [ [ 96.2778812, 27.9078291 ], [ 96.2727908, 27.9096045 ], [ 96.2675907, 27.9091168 ], [ 96.2592917, 27.9152687 ], [ 96.2524378, 27.916182 ] ] } },
{ "type": "Feature", "properties": { "highway": "trunk" }, "geometry": { "type": "LineString", "coordinates": [ [ 96.3389949, 27.912078 ], [ 96.3375453, 27.9142052 ] ] } },
{ "type": "Feature", "properties": { "highway": "trunk" }, "geometry": { "type": "LineString", "coordinates": [ [ 96.3636406, 27.8884711 ], [ 96.3611241, 27.892753 ] ] } },
{ "type": "Feature", "properties": { "highway": "trunk" }, "geometry": { "type": "LineString", "coordinates": [ [ 96.9240507, 27.8929896 ], [ 96.9242169, 27.8923637 ] ] } },
{ "type": "Feature", "properties": { "highway": "trunk" }, "geometry": { "type": "LineString", "coordinates": [ [ 96.3748573, 27.8867726 ], [ 96.376687, 27.8871195 ], [ 96.3767193, 27.8897858 ], [ 96.3791289, 27.890432 ], [ 96.3776935, 27.8931114 ], [ 96.3815872, 27.8947817 ], [ 96.3784277, 27.8986015 ] ] } },
{ "type": "Feature", "properties": { "highway": "trunk" }, "geometry": { "type": "LineString", "coordinates": [ [ 96.3611241, 27.892753 ], [ 96.3611086, 27.8928441 ] ] } },
{ "type": "Feature", "properties": { "highway": "trunk" }, "geometry": { "type": "LineString", "coordinates": [ [ 96.3784277, 27.8986015 ], [ 96.3784647, 27.8990838 ] ] } },
{ "type": "Feature", "properties": { "highway": "trunk" }, "geometry": { "type": "LineString", "coordinates": [ [ 96.3784647, 27.8990838 ], [ 96.3834861, 27.8983587 ], [ 96.3880011, 27.9015705 ], [ 96.3936414, 27.9013837 ], [ 96.393647, 27.9030679 ], [ 96.3959854, 27.9036233 ], [ 96.3965177, 27.9052018 ], [ 96.3940573, 27.9077255 ], [ 96.3955313, 27.9087454 ], [ 96.3945471, 27.9124556 ], [ 96.3908197, 27.9122791 ], [ 96.3878181, 27.9151857 ] ] } },
{ "type": "Feature", "properties": { "highway": "trunk" }, "geometry": { "type": "LineString", "coordinates": [ [ 96.954766, 27.928876 ], [ 96.9558241, 27.9264027 ], [ 96.9412074, 27.9104263 ], [ 96.9368595, 27.8990368 ], [ 96.9283006, 27.8966284 ], [ 96.9240507, 27.8929896 ] ] } },
{ "type": "Feature", "properties": { "highway": "trunk" }, "geometry": { "type": "LineString", "coordinates": [ [ 96.3878181, 27.9151857 ], [ 96.3878127, 27.9155432 ] ] } },
{ "type": "Feature", "properties": { "highway": "trunk" }, "geometry": { "type": "LineString", "coordinates": [ [ 96.8297, 27.8926551 ], [ 96.8234587, 27.8947104 ], [ 96.8094469, 27.8944411 ], [ 96.7935759, 27.9159264 ], [ 96.7911083, 27.9217018 ], [ 96.7918124, 27.9279094 ], [ 96.7871782, 27.9355895 ], [ 96.7869735, 27.9384536 ] ] } },
{ "type": "Feature", "properties": { "highway": "trunk" }, "geometry": { "type": "LineString", "coordinates": [ [ 96.3878127, 27.9155432 ], [ 96.3877242, 27.9174737 ], [ 96.3844222, 27.9196207 ] ] } },
{ "type": "Feature", "properties": { "highway": "trunk" }, "geometry": { "type": "LineString", "coordinates": [ [ 96.3375453, 27.9142052 ], [ 96.3374985, 27.9142495 ] ] } },
{ "type": "Feature", "properties": { "highway": "trunk" }, "geometry": { "type": "LineString", "coordinates": [ [ 96.174258, 27.9162771 ], [ 96.1725601, 27.9158193 ] ] } },
{ "type": "Feature", "properties": { "highway": "trunk" }, "geometry": { "type": "LineString", "coordinates": [ [ 96.2524378, 27.916182 ], [ 96.2505289, 27.9159645 ] ] } },
{ "type": "Feature", "properties": { "highway": "trunk" }, "geometry": { "type": "LineString", "coordinates": [ [ 96.0207649, 27.8880729 ], [ 96.0119825, 27.8878552 ], [ 96.0079598, 27.8902209 ], [ 95.9991178, 27.9245359 ], [ 96.0001319, 27.9382786 ], [ 95.995261, 27.9449113 ] ] } },
{ "type": "Feature", "properties": { "highway": "trunk" }, "geometry": { "type": "LineString", "coordinates": [ [ 96.2505289, 27.9159645 ], [ 96.2461533, 27.9156063 ], [ 96.2378861, 27.9183895 ], [ 96.22049, 27.9183895 ] ] } },
{ "type": "Feature", "properties": { "highway": "trunk" }, "geometry": { "type": "LineString", "coordinates": [ [ 96.2183003, 27.9190775 ], [ 96.1883635, 27.9173447 ], [ 96.1776505, 27.9183491 ], [ 96.174258, 27.9162771 ] ] } },
{ "type": "Feature", "properties": { "highway": "trunk" }, "geometry": { "type": "LineString", "coordinates": [ [ 96.22049, 27.9183895 ], [ 96.2183003, 27.9190775 ] ] } },
{ "type": "Feature", "properties": { "highway": "trunk" }, "geometry": { "type": "LineString", "coordinates": [ [ 96.3374985, 27.9142495 ], [ 96.3337579, 27.9148956 ], [ 96.3317314, 27.9133168 ], [ 96.3296163, 27.9150092 ], [ 96.3257599, 27.9118485 ], [ 96.3221456, 27.9112269 ], [ 96.3212331, 27.9118688 ], [ 96.3275067, 27.9138242 ], [ 96.3279346, 27.9164822 ], [ 96.3215797, 27.9183084 ], [ 96.3266317, 27.9152563 ], [ 96.3227727, 27.9139462 ], [ 96.318783, 27.9147206 ], [ 96.3182917, 27.9125468 ], [ 96.3152021, 27.9146063 ], [ 96.3137951, 27.9137339 ], [ 96.3149875, 27.9149654 ], [ 96.3170436, 27.9140416 ], [ 96.315064, 27.9150578 ], [ 96.3133031, 27.9149737 ], [ 96.3153926, 27.9152356 ], [ 96.3167502, 27.9147125 ], [ 96.3163099, 27.9151562 ], [ 96.3145548, 27.9154895 ], [ 96.3167485, 27.9155754 ], [ 96.3166165, 27.9179519 ], [ 96.3179751, 27.9173094 ], [ 96.3158029, 27.9214664 ], [ 96.320118, 27.923642 ], [ 96.3192658, 27.9263109 ] ] } },
{ "type": "Feature", "properties": { "highway": "trunk" }, "geometry": { "type": "LineString", "coordinates": [ [ 96.1725601, 27.9158193 ], [ 96.1692801, 27.9161532 ], [ 96.1706793, 27.9209713 ], [ 96.163505, 27.9251531 ] ] } },
{ "type": "Feature", "properties": { "highway": "trunk" }, "geometry": { "type": "LineString", "coordinates": [ [ 96.3184433, 27.9264293 ], [ 96.3108311, 27.9225628 ], [ 96.3094875, 27.9248788 ], [ 96.3077416, 27.9233318 ], [ 96.3086201, 27.92149 ], [ 96.3047046, 27.9214543 ], [ 96.3071722, 27.9187898 ], [ 96.3047304, 27.9175882 ], [ 96.304244, 27.915527 ] ] } },
{ "type": "Feature", "properties": { "highway": "trunk" }, "geometry": { "type": "LineString", "coordinates": [ [ 96.3844222, 27.9196207 ], [ 96.3842123, 27.9201572 ] ] } },
{ "type": "Feature", "properties": { "highway": "trunk" }, "geometry": { "type": "LineString", "coordinates": [ [ 96.9555422, 27.9288942 ], [ 96.954766, 27.928876 ] ] } },
{ "type": "Feature", "properties": { "highway": "trunk" }, "geometry": { "type": "LineString", "coordinates": [ [ 96.7869735, 27.9384536 ], [ 96.7865522, 27.9381931 ] ] } },
{ "type": "Feature", "properties": { "highway": "trunk" }, "geometry": { "type": "LineString", "coordinates": [ [ 96.7865522, 27.9381931 ], [ 96.7848951, 27.9351074 ], [ 96.7810513, 27.9363037 ], [ 96.7808126, 27.9384909 ], [ 96.7784854, 27.9376437 ], [ 96.7784653, 27.941749 ] ] } },
{ "type": "Feature", "properties": { "highway": "trunk" }, "geometry": { "type": "LineString", "coordinates": [ [ 96.3842123, 27.9201572 ], [ 96.3887435, 27.9203536 ], [ 96.3948537, 27.916706 ], [ 96.3969124, 27.9179246 ], [ 96.4053102, 27.9171087 ], [ 96.4047675, 27.9202443 ], [ 96.4060513, 27.9218949 ], [ 96.4011801, 27.9229347 ], [ 96.4003086, 27.9251143 ], [ 96.4040936, 27.9244558 ], [ 96.4045465, 27.926634 ], [ 96.4086355, 27.926782 ], [ 96.4084323, 27.9290708 ], [ 96.4032023, 27.930742 ], [ 96.4054894, 27.9369226 ], [ 96.4007445, 27.9384447 ], [ 96.4042281, 27.9400739 ], [ 96.4042292, 27.9419233 ], [ 96.411428, 27.94299 ], [ 96.4077064, 27.9462789 ], [ 96.4065469, 27.9506617 ], [ 96.4015333, 27.9541915 ], [ 96.405183, 27.9568902 ], [ 96.4044331, 27.9602753 ], [ 96.4061014, 27.9584724 ], [ 96.4035063, 27.9625763 ] ] } },
{ "type": "Feature", "properties": { "highway": "trunk" }, "geometry": { "type": "LineString", "coordinates": [ [ 96.7784653, 27.941749 ], [ 96.7777752, 27.9418128 ] ] } },
{ "type": "Feature", "properties": { "highway": "trunk" }, "geometry": { "type": "LineString", "coordinates": [ [ 96.9641638, 27.9572777 ], [ 96.966107, 27.9422631 ], [ 96.9594565, 27.9336472 ], [ 96.9581234, 27.9267511 ], [ 96.9555422, 27.9288942 ] ] } },
{ "type": "Feature", "properties": { "highway": "primary" }, "geometry": { "type": "LineString", "coordinates": [ [ 96.4035063, 27.9625763 ], [ 96.3988387, 27.9655998 ], [ 96.3968857, 27.9642711 ], [ 96.3942992, 27.9653958 ], [ 96.3954801, 27.963605 ], [ 96.3985858, 27.9642089 ], [ 96.3950853, 27.9618293 ], [ 96.393924, 27.9636592 ], [ 96.394597, 27.9610454 ], [ 96.3966036, 27.9619202 ], [ 96.394005, 27.9604411 ], [ 96.3931029, 27.9620892 ], [ 96.39146, 27.9599971 ], [ 96.3994683, 27.9603267 ], [ 96.4010056, 27.9593417 ], [ 96.4007483, 27.9573136 ], [ 96.3989107, 27.956148 ], [ 96.3996629, 27.9593301 ], [ 96.3969676, 27.9593213 ], [ 96.3878063, 27.9557604 ], [ 96.389535, 27.9550115 ], [ 96.3934674, 27.9574651 ], [ 96.3967202, 27.9574506 ], [ 96.3913758, 27.950821 ], [ 96.3928062, 27.9553304 ], [ 96.3877792, 27.9533913 ], [ 96.391915, 27.9539567 ], [ 96.3875201, 27.9490071 ], [ 96.3909586, 27.9465878 ], [ 96.3897409, 27.9429073 ], [ 96.3927081, 27.9443829 ], [ 96.3911592, 27.9423303 ], [ 96.3886317, 27.9421579 ], [ 96.3889437, 27.9462718 ], [ 96.3849688, 27.9500481 ], [ 96.383374, 27.9488628 ], [ 96.3837445, 27.9462887 ], [ 96.3806091, 27.9448838 ], [ 96.378794, 27.9410187 ], [ 96.3747093, 27.9412356 ], [ 96.3774535, 27.9402083 ], [ 96.3766613, 27.9395883 ], [ 96.3718777, 27.9401612 ], [ 96.3703946, 27.9389592 ], [ 96.3714708, 27.9405361 ], [ 96.3696815, 27.9422521 ], [ 96.3653279, 27.9413695 ], [ 96.3695676, 27.9413392 ], [ 96.3706338, 27.9404612 ], [ 96.3689848, 27.9388407 ], [ 96.3696398, 27.9406487 ], [ 96.3668558, 27.9401441 ] ] } },
{ "type": "Feature", "properties": { "highway": "trunk" }, "geometry": { "type": "LineString", "coordinates": [ [ 96.7777752, 27.9418128 ], [ 96.7684989, 27.9355474 ], [ 96.7641126, 27.9385527 ], [ 96.7643878, 27.9399965 ], [ 96.7545344, 27.9416958 ], [ 96.7510134, 27.9456183 ], [ 96.7443064, 27.9490745 ], [ 96.7221602, 27.9539244 ], [ 96.7126287, 27.959648 ], [ 96.7145804, 27.9711968 ] ] } },
{ "type": "Feature", "properties": { "highway": "trunk" }, "geometry": { "type": "LineString", "coordinates": [ [ 96.9642067, 27.9577586 ], [ 96.9641638, 27.9572777 ] ] } },
{ "type": "Feature", "properties": { "highway": "trunk" }, "geometry": { "type": "LineString", "coordinates": [ [ 96.1594777, 27.9266207 ], [ 96.1537241, 27.9275538 ], [ 96.1476194, 27.9332923 ], [ 96.1329824, 27.9378266 ], [ 96.1004122, 27.9099883 ], [ 96.0975605, 27.9100386 ] ] } },
{ "type": "Feature", "properties": { "highway": "trunk" }, "geometry": { "type": "Polygon", "coordinates": [ [ [ 96.1634685, 27.9252998 ], [ 96.163335, 27.9251329 ], [ 96.1633054, 27.9252567 ], [ 96.1634685, 27.9252998 ] ] ] } },
{ "type": "Feature", "properties": { "highway": "trunk" }, "geometry": { "type": "LineString", "coordinates": [ [ 96.1633131, 27.9252662 ], [ 96.1604567, 27.9264316 ] ] } },
{ "type": "Feature", "properties": { "highway": "trunk" }, "geometry": { "type": "LineString", "coordinates": [ [ 96.3192658, 27.9263109 ], [ 96.3184433, 27.9264293 ] ] } },
{ "type": "Feature", "properties": { "highway": "trunk" }, "geometry": { "type": "LineString", "coordinates": [ [ 96.1604567, 27.9264316 ], [ 96.1597316, 27.9265718 ] ] } },
{ "type": "Feature", "properties": { "highway": "trunk" }, "geometry": { "type": "LineString", "coordinates": [ [ 96.1597316, 27.9265718 ], [ 96.1594777, 27.9266207 ] ] } },
{ "type": "Feature", "properties": { "highway": "primary" }, "geometry": { "type": "LineString", "coordinates": [ [ 96.3668558, 27.9401441 ], [ 96.3653011, 27.9401218 ], [ 96.3681019, 27.9392143 ], [ 96.3654949, 27.9395336 ], [ 96.3640911, 27.9370084 ], [ 96.3582303, 27.9365819 ], [ 96.3546515, 27.9311699 ], [ 96.3515472, 27.9300684 ], [ 96.3510754, 27.925888 ], [ 96.3529133, 27.924305 ], [ 96.3457639, 27.9225178 ], [ 96.3455087, 27.923674 ], [ 96.3401878, 27.9191653 ], [ 96.3351982, 27.9221513 ], [ 96.3316942, 27.9212229 ], [ 96.3370939, 27.9199382 ], [ 96.338916, 27.9177993 ], [ 96.3364597, 27.9193656 ], [ 96.3319834, 27.9188735 ], [ 96.3355935, 27.9189296 ], [ 96.3369036, 27.9182134 ], [ 96.3317065, 27.9178444 ], [ 96.3323283, 27.9166703 ], [ 96.3342029, 27.9174113 ], [ 96.3316261, 27.9163041 ], [ 96.3344737, 27.9170776 ], [ 96.3366391, 27.9164134 ], [ 96.3372749, 27.9156699 ], [ 96.3312874, 27.9153323 ], [ 96.3291553, 27.9184188 ], [ 96.3275869, 27.9194993 ], [ 96.3272836, 27.9195103 ], [ 96.3311933, 27.9135224 ] ] } },
{ "type": "Feature", "properties": { "highway": "trunk" }, "geometry": { "type": "LineString", "coordinates": [ [ 95.995261, 27.9449113 ], [ 95.9930853, 27.9465457 ] ] } },
{ "type": "Feature", "properties": { "highway": "secondary" }, "geometry": { "type": "LineString", "coordinates": [ [ 96.1329824, 27.9378266 ], [ 96.1642856, 27.9674747 ], [ 96.197585, 27.9929658 ], [ 96.1996397, 27.995087 ], [ 96.1996678, 28.0015799 ], [ 96.202442, 28.0065694 ], [ 96.2084198, 28.0078896 ] ] } },
{ "type": "Feature", "properties": { "highway": "trunk" }, "geometry": { "type": "LineString", "coordinates": [ [ 95.9930853, 27.9465457 ], [ 95.991761, 27.9500151 ], [ 96.0064623, 27.9738817 ], [ 96.0108734, 27.9869251 ], [ 96.0071715, 28.0394716 ], [ 96.0058578, 28.0447778 ], [ 96.0003141, 28.0501884 ] ] } },
{ "type": "Feature", "properties": { "highway": "secondary" }, "geometry": { "type": "LineString", "coordinates": [ [ 95.33270164435126, 27.864197433013818 ], [ 95.3320601, 27.8667908 ], [ 95.3270531, 27.8699935 ], [ 95.3267246, 27.874589 ], [ 95.3175141, 27.8795958 ], [ 95.3148491, 27.8846401 ] ] } },
{ "type": "Feature", "properties": { "highway": "secondary" }, "geometry": { "type": "LineString", "coordinates": [ [ 95.1435918, 27.8347262 ], [ 95.1363552, 27.8318087 ], [ 95.1149028, 27.8296076 ], [ 95.1122421, 27.8221593 ], [ 95.1134813, 27.8159203 ], [ 95.109689304764203, 27.808118262507438 ] ] } },
{ "type": "Feature", "properties": { "highway": "secondary" }, "geometry": { "type": "LineString", "coordinates": [ [ 95.145244, 27.8351911 ], [ 95.1435918, 27.8347262 ] ] } },
{ "type": "Feature", "properties": { "highway": "secondary" }, "geometry": { "type": "LineString", "coordinates": [ [ 95.161922, 27.8507114 ], [ 95.1525342, 27.8385638 ], [ 95.145244, 27.8351911 ] ] } },
{ "type": "Feature", "properties": { "highway": "secondary" }, "geometry": { "type": "LineString", "coordinates": [ [ 95.51834, 27.8881711 ], [ 95.5110147, 27.8938741 ] ] } },
{ "type": "Feature", "properties": { "highway": "secondary" }, "geometry": { "type": "LineString", "coordinates": [ [ 95.5110147, 27.8938741 ], [ 95.5080714, 27.8954446 ] ] } },
{ "type": "Feature", "properties": { "highway": "secondary" }, "geometry": { "type": "LineString", "coordinates": [ [ 95.5080714, 27.8954446 ], [ 95.5073905, 27.8958297 ] ] } },
{ "type": "Feature", "properties": { "highway": "secondary" }, "geometry": { "type": "LineString", "coordinates": [ [ 95.5073905, 27.8958297 ], [ 95.4994579, 27.9004356 ] ] } },
{ "type": "Feature", "properties": { "highway": "secondary" }, "geometry": { "type": "LineString", "coordinates": [ [ 95.4994579, 27.9004356 ], [ 95.4994123, 27.9005008 ] ] } },
{ "type": "Feature", "properties": { "highway": "secondary" }, "geometry": { "type": "LineString", "coordinates": [ [ 95.4994123, 27.9005008 ], [ 95.4987028, 27.9070797 ], [ 95.493245, 27.9152317 ], [ 95.4793336, 27.9540241 ], [ 95.4810718, 27.9680157 ], [ 95.4852888, 27.9748209 ], [ 95.4836641, 27.9862992 ], [ 95.4847205, 27.9902046 ] ] } },
{ "type": "Feature", "properties": { "highway": "secondary" }, "geometry": { "type": "LineString", "coordinates": [ [ 95.4847205, 27.9902046 ], [ 95.4845702, 27.9907399 ] ] } },
{ "type": "Feature", "properties": { "highway": "secondary" }, "geometry": { "type": "LineString", "coordinates": [ [ 95.4845702, 27.9907399 ], [ 95.4837871, 27.9941433 ], [ 95.4759151, 27.9967001 ], [ 95.4720833, 27.999752 ], [ 95.4701261, 28.0052799 ], [ 95.464691, 28.0087523 ] ] } },
{ "type": "Feature", "properties": { "highway": "secondary" }, "geometry": { "type": "LineString", "coordinates": [ [ 95.1634991, 27.8511241 ], [ 95.161922, 27.8507114 ] ] } },
{ "type": "Feature", "properties": { "highway": "secondary" }, "geometry": { "type": "LineString", "coordinates": [ [ 95.2184642, 27.8488797 ], [ 95.2112371, 27.8510482 ], [ 95.2061892, 27.8487051 ], [ 95.1889533, 27.8545437 ], [ 95.1634991, 27.8511241 ] ] } },
{ "type": "Feature", "properties": { "highway": "trunk" }, "geometry": { "type": "LineString", "coordinates": [ [ 95.299980748848569, 27.866311332878439 ], [ 95.3083624, 27.8691633 ] ] } },
{ "type": "Feature", "properties": { "highway": "primary" }, "geometry": { "type": "LineString", "coordinates": [ [ 95.220803738485216, 27.843101640926474 ], [ 95.2184173, 27.8499051 ], [ 95.2236596, 27.8586091 ], [ 95.2300825, 27.875438 ], [ 95.2326403, 27.9062134 ], [ 95.2400137, 27.9073618 ], [ 95.2422298, 27.9125841 ], [ 95.2384268, 27.9196434 ], [ 95.2389741, 27.9243181 ], [ 95.2354765, 27.9268657 ], [ 95.2327756, 27.9323664 ], [ 95.2044725, 27.9559937 ] ] } },
{ "type": "Feature", "properties": { "highway": "secondary" }, "geometry": { "type": "LineString", "coordinates": [ [ 95.1182932, 27.943822 ], [ 95.1181135, 27.9435637 ] ] } },
{ "type": "Feature", "properties": { "highway": "secondary" }, "geometry": { "type": "LineString", "coordinates": [ [ 95.2044725, 27.9559937 ], [ 95.1868397, 27.9449195 ], [ 95.1730504, 27.9402653 ], [ 95.1552776, 27.9383385 ], [ 95.1366878, 27.9400521 ], [ 95.1312657, 27.9469686 ], [ 95.1293868, 27.9447722 ], [ 95.1247627, 27.9435685 ], [ 95.1182932, 27.943822 ] ] } },
{ "type": "Feature", "properties": { "highway": "primary" }, "geometry": { "type": "LineString", "coordinates": [ [ 95.2044725, 27.9559937 ], [ 95.2113039, 27.9598512 ], [ 95.2167131, 27.9609619 ], [ 95.2270324, 27.9593223 ], [ 95.2310843, 27.9602744 ], [ 95.2424816, 27.9661451 ], [ 95.2460145, 27.9755587 ], [ 95.240385, 27.9855433 ], [ 95.2268074, 28.0009471 ], [ 95.229235, 28.0062059 ], [ 95.2324248, 28.0093709 ], [ 95.2606244, 28.0208127 ], [ 95.2628517, 28.023149 ], [ 95.2677517, 28.0246756 ], [ 95.2776304, 28.0236347 ], [ 95.2934048, 28.0261097 ], [ 95.3065685, 28.0315785 ], [ 95.30975, 28.0365983 ], [ 95.3055032, 28.0432831 ], [ 95.3056827, 28.054612 ], [ 95.3148365, 28.0661892 ], [ 95.3225761, 28.0710685 ] ] } },
{ "type": "Feature", "properties": { "highway": "secondary" }, "geometry": { "type": "LineString", "coordinates": [ [ 95.289581, 28.0600092 ], [ 95.289312, 28.060225 ] ] } },
{ "type": "Feature", "properties": { "highway": "trunk" }, "geometry": { "type": "LineString", "coordinates": [ [ 95.3083624, 27.8691633 ], [ 95.3108068, 27.8746531 ] ] } },
{ "type": "Feature", "properties": { "highway": "trunk" }, "geometry": { "type": "LineString", "coordinates": [ [ 95.3108068, 27.8746531 ], [ 95.3111127, 27.875884 ] ] } },
{ "type": "Feature", "properties": { "highway": "trunk" }, "geometry": { "type": "LineString", "coordinates": [ [ 95.3111127, 27.875884 ], [ 95.3148491, 27.8846401 ] ] } },
{ "type": "Feature", "properties": { "highway": "trunk" }, "geometry": { "type": "LineString", "coordinates": [ [ 95.3148491, 27.8846401 ], [ 95.3088186, 27.8937002 ], [ 95.3023667, 27.8977519 ], [ 95.301609, 27.9082886 ], [ 95.3165951, 27.9172808 ], [ 95.3126245, 27.9629549 ], [ 95.3285572, 27.9655891 ], [ 95.3327585, 27.9789405 ], [ 95.336041, 27.9831507 ] ] } },
{ "type": "Feature", "properties": { "highway": "trunk" }, "geometry": { "type": "LineString", "coordinates": [ [ 95.336041, 27.9831507 ], [ 95.337097, 27.9858939 ], [ 95.3359276, 27.9922983 ], [ 95.3411393, 28.0019198 ], [ 95.3434436, 28.018914 ], [ 95.3426917, 28.0252171 ], [ 95.3313087, 28.0443439 ], [ 95.3311389, 28.0543446 ], [ 95.3325671, 28.0593504 ] ] } },
{ "type": "Feature", "properties": { "highway": "secondary" }, "geometry": { "type": "LineString", "coordinates": [ [ 95.3130416, 28.0641446 ], [ 95.289581, 28.0600092 ] ] } },
{ "type": "Feature", "properties": { "highway": "primary" }, "geometry": { "type": "LineString", "coordinates": [ [ 95.3274181, 28.0658592 ], [ 95.3271846, 28.0637856 ], [ 95.3222368, 28.0627163 ], [ 95.3130416, 28.0641446 ] ] } },
{ "type": "Feature", "properties": { "highway": "primary" }, "geometry": { "type": "LineString", "coordinates": [ [ 95.3225761, 28.0710685 ], [ 95.3248664, 28.0677661 ], [ 95.3276744, 28.0667676 ], [ 95.328069, 28.0634317 ], [ 95.3325671, 28.0593504 ] ] } },
{ "type": "Feature", "properties": { "highway": "trunk" }, "geometry": { "type": "LineString", "coordinates": [ [ 95.3225761, 28.0710685 ], [ 95.3301312, 28.0738887 ], [ 95.3352509, 28.0618424 ], [ 95.3325671, 28.0593504 ] ] } },
{ "type": "Feature", "properties": { "highway": "trunk" }, "geometry": { "type": "LineString", "coordinates": [ [ 95.3225761, 28.0710685 ], [ 95.3195684, 28.0772042 ] ] } },
{ "type": "Feature", "properties": { "highway": "secondary" }, "geometry": { "type": "LineString", "coordinates": [ [ 95.329395, 28.0742365 ], [ 95.335635, 28.0768497 ] ] } },
{ "type": "Feature", "properties": { "highway": "trunk" }, "geometry": { "type": "LineString", "coordinates": [ [ 95.3195684, 28.0772042 ], [ 95.3184747, 28.078111 ] ] } },
{ "type": "Feature", "properties": { "highway": "trunk" }, "geometry": { "type": "LineString", "coordinates": [ [ 95.3028326, 28.0898224 ], [ 95.3160084, 28.0869311 ], [ 95.3158523, 28.0804484 ], [ 95.3184747, 28.078111 ] ] } },
{ "type": "Feature", "properties": { "highway": "secondary" }, "geometry": { "type": "LineString", "coordinates": [ [ 95.464691, 28.0087523 ], [ 95.4620744, 28.022872 ], [ 95.4650784, 28.0283812 ], [ 95.4629975, 28.0462767 ], [ 95.4699903, 28.0516963 ], [ 95.4704872, 28.0564891 ], [ 95.4761267, 28.0698077 ], [ 95.4733586, 28.0768934 ], [ 95.4675765, 28.0817965 ], [ 95.4598561, 28.0939313 ], [ 95.4499129, 28.1028867 ], [ 95.44505, 28.1118726 ], [ 95.4189603, 28.140923 ], [ 95.4047619, 28.1538179 ], [ 95.4050459, 28.1609845 ], [ 95.408095, 28.1663221 ] ] } },
{ "type": "Feature", "properties": { "highway": "trunk" }, "geometry": { "type": "LineString", "coordinates": [ [ 95.3028326, 28.0898224 ], [ 95.2962094, 28.0898566 ], [ 95.2956301, 28.0912128 ] ] } },
{ "type": "Feature", "properties": { "highway": "trunk" }, "geometry": { "type": "LineString", "coordinates": [ [ 95.3037097, 28.0954267 ], [ 95.3028326, 28.0898224 ] ] } },
{ "type": "Feature", "properties": { "highway": "trunk" }, "geometry": { "type": "LineString", "coordinates": [ [ 95.3037097, 28.0954267 ], [ 95.3049363, 28.102731 ] ] } },
{ "type": "Feature", "properties": { "highway": "trunk_link" }, "geometry": { "type": "LineString", "coordinates": [ [ 95.305571, 28.1085552 ], [ 95.3063518, 28.1084234 ] ] } },
{ "type": "Feature", "properties": { "highway": "trunk" }, "geometry": { "type": "LineString", "coordinates": [ [ 95.3049363, 28.102731 ], [ 95.306248, 28.1083317 ], [ 95.3122851, 28.1101492 ], [ 95.345789, 28.140753 ], [ 95.3632846, 28.1504568 ], [ 95.3798445, 28.1516222 ] ] } },
{ "type": "Feature", "properties": { "highway": "trunk" }, "geometry": { "type": "LineString", "coordinates": [ [ 95.3798445, 28.1516222 ], [ 95.3851005, 28.1497752 ] ] } },
{ "type": "Feature", "properties": { "highway": "secondary" }, "geometry": { "type": "LineString", "coordinates": [ [ 95.289312, 28.060225 ], [ 95.2897705, 28.0618182 ], [ 95.2878433, 28.0612444 ] ] } },
{ "type": "Feature", "properties": { "highway": "trunk" }, "geometry": { "type": "LineString", "coordinates": [ [ 95.2956301, 28.0912128 ], [ 95.2952866, 28.0929896 ], [ 95.290988, 28.0944401 ], [ 95.2847157, 28.095176 ], [ 95.2831556, 28.0937969 ], [ 95.2837159, 28.0952153 ], [ 95.2806371, 28.0956479 ], [ 95.2795387, 28.0979566 ], [ 95.2762369, 28.0958501 ], [ 95.2743234, 28.0988161 ], [ 95.2707829, 28.0979735 ] ] } },
{ "type": "Feature", "properties": { "highway": "trunk" }, "geometry": { "type": "LineString", "coordinates": [ [ 95.2707829, 28.0979735 ], [ 95.2708179, 28.0983049 ] ] } },
{ "type": "Feature", "properties": { "highway": "trunk" }, "geometry": { "type": "LineString", "coordinates": [ [ 95.2708179, 28.0983049 ], [ 95.272464, 28.1027228 ], [ 95.2680575, 28.1034755 ], [ 95.2695543, 28.1064224 ], [ 95.2694552, 28.1123163 ], [ 95.2739254, 28.1144871 ], [ 95.2736675, 28.1176407 ], [ 95.2716967, 28.1178457 ], [ 95.2737526, 28.1194288 ] ] } },
{ "type": "Feature", "properties": { "highway": "trunk" }, "geometry": { "type": "LineString", "coordinates": [ [ 95.12196, 28.1293116 ], [ 95.121495, 28.1294364 ] ] } },
{ "type": "Feature", "properties": { "highway": "trunk" }, "geometry": { "type": "LineString", "coordinates": [ [ 95.1439266, 28.1338004 ], [ 95.1380926, 28.1314666 ], [ 95.1234594, 28.1312891 ], [ 95.12196, 28.1293116 ] ] } },
{ "type": "Feature", "properties": { "highway": "trunk" }, "geometry": { "type": "LineString", "coordinates": [ [ 95.1443026, 28.1340682 ], [ 95.1439266, 28.1338004 ] ] } },
{ "type": "Feature", "properties": { "highway": "trunk" }, "geometry": { "type": "LineString", "coordinates": [ [ 95.1445144, 28.1341914 ], [ 95.1443026, 28.1340682 ] ] } },
{ "type": "Feature", "properties": { "highway": "trunk" }, "geometry": { "type": "LineString", "coordinates": [ [ 95.2737526, 28.1194288 ], [ 95.2741755, 28.1234657 ], [ 95.2777136, 28.124947 ], [ 95.2802963, 28.1313648 ], [ 95.2795655, 28.1370365 ], [ 95.2825384, 28.138 ], [ 95.2822984, 28.1393719 ], [ 95.280186, 28.14015 ], [ 95.2781689, 28.1381612 ], [ 95.2750076, 28.1382849 ], [ 95.2778145, 28.1409737 ], [ 95.2759753, 28.1396556 ], [ 95.2730712, 28.1408405 ], [ 95.2718498, 28.1392887 ], [ 95.2681256, 28.1402317 ], [ 95.2668604, 28.1391869 ], [ 95.2676689, 28.1417257 ], [ 95.2699418, 28.142348 ], [ 95.2682086, 28.142755 ], [ 95.2572308, 28.1389406 ], [ 95.2526487, 28.1399508 ], [ 95.253053, 28.1385291 ], [ 95.2498137, 28.1386914 ], [ 95.2494524, 28.1360697 ], [ 95.2507943, 28.13502 ], [ 95.2466658, 28.1312025 ], [ 95.2468299, 28.1349964 ], [ 95.2410797, 28.1377156 ], [ 95.2425968, 28.1395454 ], [ 95.2409, 28.1421326 ], [ 95.2337912, 28.1429806 ], [ 95.2373651, 28.1452961 ], [ 95.2461254, 28.1453898 ], [ 95.2427522, 28.1481653 ], [ 95.2363858, 28.1495822 ], [ 95.2374779, 28.1518065 ], [ 95.2356682, 28.153188 ], [ 95.2303443, 28.1512708 ], [ 95.23001, 28.146578 ], [ 95.2283078, 28.1459555 ], [ 95.2262153, 28.1482086 ], [ 95.2236971, 28.1474782 ], [ 95.2228454, 28.15206 ], [ 95.2195166, 28.151977 ], [ 95.2174522, 28.1549555 ], [ 95.2147241, 28.1553451 ], [ 95.2162049, 28.1534612 ], [ 95.2140416, 28.1520492 ], [ 95.2141419, 28.1502137 ], [ 95.2103048, 28.1532509 ], [ 95.2076169, 28.1526312 ], [ 95.2064449, 28.1502073 ], [ 95.2007043, 28.1486819 ], [ 95.2006809, 28.1457006 ], [ 95.1901032, 28.1510545 ], [ 95.1923019, 28.1546767 ], [ 95.1898761, 28.1573456 ], [ 95.1903868, 28.1555209 ], [ 95.1818203, 28.1545574 ], [ 95.1796452, 28.1511261 ], [ 95.1812426, 28.1474711 ], [ 95.1732323, 28.149734 ], [ 95.1657979, 28.1493034 ], [ 95.1590024, 28.1445283 ], [ 95.1512244, 28.1426178 ], [ 95.1517849, 28.1408593 ], [ 95.1495165, 28.141076 ], [ 95.1450657, 28.13728 ], [ 95.1453147, 28.1327878 ], [ 95.1445144, 28.1341914 ] ] } },
{ "type": "Feature", "properties": { "highway": "trunk" }, "geometry": { "type": "LineString", "coordinates": [ [ 95.3058909, 28.1078131 ], [ 95.3019232, 28.1149739 ], [ 95.3023769, 28.1220692 ], [ 95.3005236, 28.1272478 ], [ 95.3015505, 28.131057 ], [ 95.2963521, 28.1340288 ], [ 95.2963758, 28.1373958 ], [ 95.2699943, 28.1540562 ], [ 95.2562816, 28.1581413 ], [ 95.2464842, 28.1690124 ], [ 95.2298383, 28.1698743 ], [ 95.2278078, 28.1684433 ], [ 95.2175281, 28.1735286 ], [ 95.2261194, 28.1770996 ], [ 95.2238474, 28.1851798 ], [ 95.2239713, 28.1911001 ], [ 95.2275722, 28.1962554 ], [ 95.2322429, 28.1980086 ], [ 95.2272142, 28.2012961 ], [ 95.2259597, 28.2052448 ], [ 95.2344648, 28.21195 ], [ 95.2305707, 28.2131274 ], [ 95.2328331, 28.2197493 ], [ 95.2256681, 28.2250397 ], [ 95.2246742, 28.2283164 ], [ 95.2218362, 28.2306134 ], [ 95.2234837, 28.2320548 ], [ 95.2215309, 28.2341255 ], [ 95.2222707, 28.2374832 ], [ 95.21759, 28.2480596 ], [ 95.2101704, 28.2529057 ], [ 95.2127709, 28.2559299 ], [ 95.2176528, 28.2568239 ], [ 95.2148626, 28.2592371 ], [ 95.2134446, 28.2636839 ], [ 95.2152016, 28.2670274 ], [ 95.2106853, 28.2673978 ], [ 95.2089984, 28.2718922 ], [ 95.2069477, 28.2717653 ], [ 95.2057332, 28.2768394 ], [ 95.2008247, 28.2808289 ], [ 95.2011093, 28.288408 ] ] } },
{ "type": "Feature", "properties": { "highway": "trunk" }, "geometry": { "type": "LineString", "coordinates": [ [ 95.4425963, 28.163187 ], [ 95.4445167, 28.1605308 ], [ 95.4509484, 28.1586941 ], [ 95.4497801, 28.1627492 ], [ 95.4520402, 28.1640989 ], [ 95.4531167, 28.1628768 ], [ 95.4594321, 28.1631032 ], [ 95.4652885, 28.1671178 ], [ 95.4703441, 28.1662785 ], [ 95.4731991, 28.1709694 ], [ 95.4723207, 28.1758039 ], [ 95.4693401, 28.1760307 ], [ 95.4714359, 28.177867 ], [ 95.4709465, 28.1801459 ] ] } },
{ "type": "Feature", "properties": { "highway": "trunk" }, "geometry": { "type": "LineString", "coordinates": [ [ 95.4894544, 28.1779735 ], [ 95.489748, 28.1778817 ] ] } },
{ "type": "Feature", "properties": { "highway": "trunk" }, "geometry": { "type": "LineString", "coordinates": [ [ 95.4728979, 28.1807764 ], [ 95.4816728, 28.175785 ], [ 95.4894544, 28.1779735 ] ] } },
{ "type": "Feature", "properties": { "highway": "trunk" }, "geometry": { "type": "LineString", "coordinates": [ [ 95.489748, 28.1778817 ], [ 95.4909459, 28.1766826 ], [ 95.4953581, 28.1775172 ], [ 95.4993117, 28.1812079 ], [ 95.5067972, 28.184227 ] ] } },
{ "type": "Feature", "properties": { "highway": "trunk" }, "geometry": { "type": "LineString", "coordinates": [ [ 95.4709465, 28.1801459 ], [ 95.4728979, 28.1807764 ] ] } },
{ "type": "Feature", "properties": { "highway": "trunk" }, "geometry": { "type": "LineString", "coordinates": [ [ 95.5067972, 28.184227 ], [ 95.5081533, 28.1840989 ] ] } },
{ "type": "Feature", "properties": { "highway": "trunk" }, "geometry": { "type": "LineString", "coordinates": [ [ 95.5081533, 28.1840989 ], [ 95.5142035, 28.1847657 ] ] } },
{ "type": "Feature", "properties": { "highway": "trunk" }, "geometry": { "type": "LineString", "coordinates": [ [ 95.5142035, 28.1847657 ], [ 95.5155337, 28.1853145 ] ] } },
{ "type": "Feature", "properties": { "highway": "trunk" }, "geometry": { "type": "LineString", "coordinates": [ [ 95.5155337, 28.1853145 ], [ 95.5229244, 28.1902022 ] ] } },
{ "type": "Feature", "properties": { "highway": "trunk" }, "geometry": { "type": "LineString", "coordinates": [ [ 95.5229244, 28.1902022 ], [ 95.5255689, 28.1922983 ] ] } },
{ "type": "Feature", "properties": { "highway": "trunk" }, "geometry": { "type": "LineString", "coordinates": [ [ 95.667649, 28.1586431 ], [ 95.659805, 28.1646403 ], [ 95.6527995, 28.1772605 ], [ 95.6458585, 28.1858456 ], [ 95.6351309, 28.2086061 ], [ 95.6379188, 28.2181267 ], [ 95.6472166, 28.22847 ], [ 95.6513181, 28.2392033 ] ] } },
{ "type": "Feature", "properties": { "highway": "trunk" }, "geometry": { "type": "LineString", "coordinates": [ [ 95.5255689, 28.1922983 ], [ 95.5261933, 28.196984 ], [ 95.5243027, 28.1993463 ], [ 95.5260258, 28.1997365 ], [ 95.5278521, 28.210519 ] ] } },
{ "type": "Feature", "properties": { "highway": "trunk" }, "geometry": { "type": "LineString", "coordinates": [ [ 95.5278521, 28.210519 ], [ 95.5295586, 28.2112443 ] ] } },
{ "type": "Feature", "properties": { "highway": "trunk" }, "geometry": { "type": "LineString", "coordinates": [ [ 95.5295586, 28.2112443 ], [ 95.5332256, 28.2141512 ], [ 95.5419824, 28.2289472 ], [ 95.5405299, 28.2298248 ], [ 95.5408723, 28.2350075 ], [ 95.5360168, 28.236927 ], [ 95.5363903, 28.2384991 ] ] } },
{ "type": "Feature", "properties": { "highway": "trunk" }, "geometry": { "type": "LineString", "coordinates": [ [ 95.5363903, 28.2384991 ], [ 95.536629, 28.2396324 ] ] } },
{ "type": "Feature", "properties": { "highway": "trunk" }, "geometry": { "type": "LineString", "coordinates": [ [ 95.6513181, 28.2392033 ], [ 95.651633, 28.2394648 ] ] } },
{ "type": "Feature", "properties": { "highway": "trunk" }, "geometry": { "type": "LineString", "coordinates": [ [ 95.536629, 28.2396324 ], [ 95.5369091, 28.2424475 ], [ 95.5410383, 28.2435077 ], [ 95.5395064, 28.2453029 ] ] } },
{ "type": "Feature", "properties": { "highway": "trunk" }, "geometry": { "type": "LineString", "coordinates": [ [ 95.5395064, 28.2453029 ], [ 95.5392279, 28.2460218 ] ] } },
{ "type": "Feature", "properties": { "highway": "trunk" }, "geometry": { "type": "LineString", "coordinates": [ [ 95.5392279, 28.2460218 ], [ 95.5427605, 28.2463044 ], [ 95.5468954, 28.2496141 ] ] } },
{ "type": "Feature", "properties": { "highway": "trunk" }, "geometry": { "type": "LineString", "coordinates": [ [ 95.651633, 28.2394648 ], [ 95.653104, 28.2424809 ], [ 95.650195, 28.2509281 ], [ 95.6480551, 28.2525355 ], [ 95.6477233, 28.263918 ], [ 95.6433937, 28.266285 ], [ 95.6350163, 28.2653353 ], [ 95.6310516, 28.2716323 ], [ 95.6262259, 28.2744472 ] ] } },
{ "type": "Feature", "properties": { "highway": "trunk" }, "geometry": { "type": "LineString", "coordinates": [ [ 95.2011093, 28.288408 ], [ 95.2029626, 28.2907789 ], [ 95.1957488, 28.2914174 ], [ 95.195097, 28.2960012 ], [ 95.1919342, 28.299284 ] ] } },
{ "type": "Feature", "properties": { "highway": "trunk" }, "geometry": { "type": "LineString", "coordinates": [ [ 95.1919342, 28.299284 ], [ 95.1943409, 28.302013 ], [ 95.2012132, 28.3025797 ], [ 95.193851, 28.3072483 ], [ 95.1950288, 28.3098251 ], [ 95.1973072, 28.3100084 ], [ 95.2003354, 28.3135168 ], [ 95.1992106, 28.3150941 ], [ 95.2009656, 28.3172778 ], [ 95.2010731, 28.3234364 ], [ 95.2052186, 28.3235048 ], [ 95.2047794, 28.3265016 ], [ 95.2087308, 28.3305901 ], [ 95.2103882, 28.3352327 ], [ 95.2094795, 28.3372966 ], [ 95.2126232, 28.3439848 ], [ 95.2111942, 28.35213 ], [ 95.2138688, 28.3599606 ], [ 95.2167239, 28.3597418 ], [ 95.2204866, 28.3626744 ], [ 95.2199748, 28.3662051 ], [ 95.223817, 28.3684043 ], [ 95.2242834, 28.3729891 ], [ 95.2302498, 28.3747231 ], [ 95.2300593, 28.3830787 ], [ 95.2384424, 28.387643 ], [ 95.2406521, 28.3866314 ], [ 95.2428285, 28.3957918 ], [ 95.2413336, 28.4006135 ], [ 95.243753, 28.4033088 ], [ 95.2470278, 28.4025841 ] ] } },
{ "type": "Feature", "properties": { "highway": "trunk" }, "geometry": { "type": "LineString", "coordinates": [ [ 95.2470278, 28.4025841 ], [ 95.2473285, 28.4032537 ] ] } },
{ "type": "Feature", "properties": { "highway": "trunk" }, "geometry": { "type": "LineString", "coordinates": [ [ 95.2473285, 28.4032537 ], [ 95.2451883, 28.4061033 ], [ 95.2491893, 28.4039117 ], [ 95.2475515, 28.4069992 ], [ 95.2484199, 28.4080595 ], [ 95.2459614, 28.4093711 ], [ 95.244799, 28.4151212 ], [ 95.2475213, 28.4125851 ], [ 95.2466016, 28.4159429 ], [ 95.2441688, 28.4177894 ], [ 95.2428534, 28.4261577 ], [ 95.2499688, 28.4225069 ], [ 95.2474224, 28.4314162 ], [ 95.2564114, 28.4279175 ], [ 95.2593235, 28.4303053 ], [ 95.2569058, 28.4309641 ], [ 95.2564809, 28.4292918 ], [ 95.2554602, 28.4308957 ], [ 95.256542, 28.4325917 ], [ 95.2541879, 28.4320433 ], [ 95.2554574, 28.4340186 ] ] } },
{ "type": "Feature", "properties": { "highway": "trunk" }, "geometry": { "type": "LineString", "coordinates": [ [ 95.2554574, 28.4340186 ], [ 95.2564863, 28.438223 ], [ 95.2545826, 28.4377213 ] ] } },
{ "type": "Feature", "properties": { "highway": "trunk" }, "geometry": { "type": "LineString", "coordinates": [ [ 95.2545826, 28.4377213 ], [ 95.2513812, 28.4417037 ] ] } },
{ "type": "Feature", "properties": { "highway": "trunk" }, "geometry": { "type": "LineString", "coordinates": [ [ 95.2513812, 28.4417037 ], [ 95.2497195, 28.4410227 ], [ 95.2424275, 28.4438476 ] ] } },
{ "type": "Feature", "properties": { "highway": "trunk" }, "geometry": { "type": "LineString", "coordinates": [ [ 95.2424275, 28.4438476 ], [ 95.2398578, 28.4441038 ], [ 95.2408741, 28.4472862 ] ] } },
{ "type": "Feature", "properties": { "highway": "secondary" }, "geometry": { "type": "LineString", "coordinates": [ [ 95.2421445, 28.4502028 ], [ 95.2422646, 28.4458012 ], [ 95.2435901, 28.4487204 ], [ 95.2431419, 28.446852 ] ] } },
{ "type": "Feature", "properties": { "highway": "trunk" }, "geometry": { "type": "LineString", "coordinates": [ [ 95.1775409, 28.5101649 ], [ 95.1773812, 28.5161517 ], [ 95.1803022, 28.5123548 ], [ 95.180801, 28.5083598 ], [ 95.1895477, 28.5025332 ], [ 95.1915835, 28.4975784 ], [ 95.1983937, 28.494844 ], [ 95.2014996, 28.4956125 ], [ 95.2040612, 28.4889695 ], [ 95.2192291, 28.486124 ], [ 95.2196609, 28.482965 ], [ 95.2248825, 28.4791869 ], [ 95.2249482, 28.4761184 ], [ 95.234226, 28.4686584 ], [ 95.2323558, 28.4665115 ], [ 95.2331799, 28.4640297 ], [ 95.2302274, 28.4619936 ], [ 95.2331939, 28.4610197 ], [ 95.2334327, 28.4570298 ], [ 95.2414283, 28.4517475 ], [ 95.2408741, 28.4472862 ] ] } },
{ "type": "Feature", "properties": { "highway": "trunk" }, "geometry": { "type": "LineString", "coordinates": [ [ 96.9639048, 27.9678126 ], [ 96.967192, 27.9625513 ], [ 96.9642067, 27.9577586 ] ] } },
{ "type": "Feature", "properties": { "highway": "trunk" }, "geometry": { "type": "LineString", "coordinates": [ [ 96.3986667, 27.9669674 ], [ 96.402068, 27.9663468 ], [ 96.4020218, 27.9635845 ], [ 96.4035063, 27.9625763 ] ] } },
{ "type": "Feature", "properties": { "highway": "trunk" }, "geometry": { "type": "LineString", "coordinates": [ [ 96.398538, 27.9675793 ], [ 96.3986667, 27.9669674 ] ] } },
{ "type": "Feature", "properties": { "highway": "trunk" }, "geometry": { "type": "LineString", "coordinates": [ [ 96.9635917, 27.9680943 ], [ 96.9639048, 27.9678126 ] ] } },
{ "type": "Feature", "properties": { "highway": "trunk" }, "geometry": { "type": "LineString", "coordinates": [ [ 96.3946513, 27.9731997 ], [ 96.3958098, 27.9688817 ], [ 96.398538, 27.9675793 ] ] } },
{ "type": "Feature", "properties": { "highway": "trunk" }, "geometry": { "type": "LineString", "coordinates": [ [ 96.7145804, 27.9711968 ], [ 96.7140708, 27.9716185 ] ] } },
{ "type": "Feature", "properties": { "highway": "trunk" }, "geometry": { "type": "LineString", "coordinates": [ [ 96.3956461, 27.973665 ], [ 96.3946513, 27.9731997 ] ] } },
{ "type": "Feature", "properties": { "highway": "trunk" }, "geometry": { "type": "LineString", "coordinates": [ [ 96.9654661, 27.9987189 ], [ 96.9689676, 27.9952822 ], [ 96.9687879, 27.9778426 ], [ 96.9635917, 27.9680943 ] ] } },
{ "type": "Feature", "properties": { "highway": "trunk" }, "geometry": { "type": "LineString", "coordinates": [ [ 96.7140708, 27.9716185 ], [ 96.7091168, 27.9636889 ], [ 96.7077225, 27.9639281 ], [ 96.7092472, 27.9652216 ], [ 96.7042478, 27.9640787 ], [ 96.7000373, 27.9603199 ], [ 96.69661, 27.9619563 ], [ 96.6924643, 27.9589275 ], [ 96.6913007, 27.9602388 ], [ 96.6904203, 27.9583673 ], [ 96.6859375, 27.9573749 ], [ 96.6746149, 27.9586004 ], [ 96.6716602, 27.9602968 ], [ 96.6711657, 27.9627963 ], [ 96.6676449, 27.9635458 ], [ 96.6594898, 27.9700185 ], [ 96.6602742, 27.9718577 ], [ 96.6581537, 27.9709275 ], [ 96.6560151, 27.9722032 ], [ 96.6472998, 27.98451 ], [ 96.638045, 27.9926273 ], [ 96.63895, 27.9972118 ], [ 96.6365101, 28.0029033 ], [ 96.6305066, 28.0097142 ], [ 96.6301662, 28.0135114 ], [ 96.6278823, 28.0154952 ], [ 96.6293816, 28.017791 ] ] } },
{ "type": "Feature", "properties": { "highway": "trunk" }, "geometry": { "type": "LineString", "coordinates": [ [ 96.4288024, 28.008162 ], [ 96.4275907, 28.0065167 ], [ 96.420224, 28.0064984 ], [ 96.4168595, 28.00461 ], [ 96.4171428, 27.9925069 ], [ 96.4143473, 27.9897925 ], [ 96.4041045, 27.9871799 ], [ 96.4006133, 27.9845013 ], [ 96.4004561, 27.9801737 ], [ 96.4021316, 27.9771882 ], [ 96.397154, 27.9795134 ], [ 96.39541, 27.9795214 ], [ 96.400193, 27.9763993 ], [ 96.3980274, 27.977253 ], [ 96.3990882, 27.9757951 ], [ 96.3956461, 27.973665 ] ] } },
{ "type": "Feature", "properties": { "highway": "trunk" }, "geometry": { "type": "LineString", "coordinates": [ [ 96.9649736, 27.9992221 ], [ 96.9654661, 27.9987189 ] ] } },
{ "type": "Feature", "properties": { "highway": "trunk" }, "geometry": { "type": "LineString", "coordinates": [ [ 96.9628924, 28.007848 ], [ 96.9615498, 28.0038169 ], [ 96.9649736, 27.9992221 ] ] } },
{ "type": "Feature", "properties": { "highway": "trunk" }, "geometry": { "type": "LineString", "coordinates": [ [ 96.963402, 28.0081321 ], [ 96.9628924, 28.007848 ] ] } },
{ "type": "Feature", "properties": { "highway": "trunk" }, "geometry": { "type": "LineString", "coordinates": [ [ 96.4292333, 28.0082561 ], [ 96.4288024, 28.008162 ] ] } },
{ "type": "Feature", "properties": { "highway": "trunk" }, "geometry": { "type": "LineString", "coordinates": [ [ 96.4388499, 28.017873 ], [ 96.4346821, 28.0098907 ], [ 96.4292333, 28.0082561 ] ] } },
{ "type": "Feature", "properties": { "highway": "trunk" }, "geometry": { "type": "LineString", "coordinates": [ [ 96.6293816, 28.017791 ], [ 96.6285348, 28.0180905 ] ] } },
{ "type": "Feature", "properties": { "highway": "trunk" }, "geometry": { "type": "LineString", "coordinates": [ [ 96.9698497, 28.0367815 ], [ 96.9700341, 28.0300254 ], [ 96.963402, 28.0081321 ] ] } },
{ "type": "Feature", "properties": { "highway": "trunk" }, "geometry": { "type": "LineString", "coordinates": [ [ 96.4379553, 28.0374214 ], [ 96.4421586, 28.0361077 ], [ 96.4452094, 28.0321278 ], [ 96.4427659, 28.0243994 ], [ 96.4371226, 28.0171685 ], [ 96.4388499, 28.017873 ] ] } },
{ "type": "Feature", "properties": { "highway": "trunk" }, "geometry": { "type": "LineString", "coordinates": [ [ 96.4379056, 28.0379729 ], [ 96.4379553, 28.0374214 ] ] } },
{ "type": "Feature", "properties": { "highway": "trunk" }, "geometry": { "type": "LineString", "coordinates": [ [ 96.9742784, 28.0484434 ], [ 96.9709647, 28.0431741 ], [ 96.9698497, 28.0367815 ] ] } },
{ "type": "Feature", "properties": { "highway": "trunk" }, "geometry": { "type": "LineString", "coordinates": [ [ 95.755240932874159, 27.971052431972222 ], [ 95.7589575, 27.9804192 ], [ 95.7573219, 27.9923261 ], [ 95.7578804, 28.0012143 ], [ 95.7591569, 28.0106654 ], [ 95.7625412, 28.0169074 ], [ 95.7624702, 28.025924 ], [ 95.7594164, 28.0297163 ], [ 95.7571416, 28.0408557 ], [ 95.7532561, 28.0501426 ], [ 95.8070839, 28.1046566 ], [ 95.8201023, 28.1153016 ] ] } },
{ "type": "Feature", "properties": { "highway": "trunk" }, "geometry": { "type": "LineString", "coordinates": [ [ 95.9736087, 28.0632391 ], [ 95.9648329, 28.0622086 ], [ 95.9518862, 28.0519739 ], [ 95.9381541, 28.0559269 ], [ 95.9248881, 28.0644142 ] ] } },
{ "type": "Feature", "properties": { "highway": "trunk" }, "geometry": { "type": "LineString", "coordinates": [ [ 95.9248881, 28.0644142 ], [ 95.9235085, 28.0651176 ] ] } },
{ "type": "Feature", "properties": { "highway": "trunk" }, "geometry": { "type": "LineString", "coordinates": [ [ 95.9235085, 28.0651176 ], [ 95.916101, 28.0711172 ], [ 95.9063559, 28.0833546 ], [ 95.8984491, 28.086319 ], [ 95.8936095, 28.0932536 ], [ 95.8916261, 28.1001351 ] ] } },
{ "type": "Feature", "properties": { "highway": "trunk" }, "geometry": { "type": "LineString", "coordinates": [ [ 95.8908756, 28.1008165 ], [ 95.8895975, 28.1011164 ], [ 95.8862472, 28.0955488 ], [ 95.8763649, 28.0894492 ], [ 95.8554009, 28.0852086 ], [ 95.8263578, 28.0847107 ], [ 95.8226946, 28.0927575 ] ] } },
{ "type": "Feature", "properties": { "highway": "trunk" }, "geometry": { "type": "LineString", "coordinates": [ [ 95.8226946, 28.0927575 ], [ 95.8222104, 28.0947544 ] ] } },
{ "type": "Feature", "properties": { "highway": "trunk" }, "geometry": { "type": "LineString", "coordinates": [ [ 95.8916261, 28.1001351 ], [ 95.8912498, 28.1004768 ] ] } },
{ "type": "Feature", "properties": { "highway": "trunk" }, "geometry": { "type": "LineString", "coordinates": [ [ 95.8912498, 28.1004768 ], [ 95.8911858, 28.1005349 ] ] } },
{ "type": "Feature", "properties": { "highway": "trunk" }, "geometry": { "type": "LineString", "coordinates": [ [ 95.8911858, 28.1005349 ], [ 95.8908756, 28.1008165 ] ] } },
{ "type": "Feature", "properties": { "highway": "trunk" }, "geometry": { "type": "LineString", "coordinates": [ [ 96.6285348, 28.0180905 ], [ 96.6262083, 28.0166574 ], [ 96.6234024, 28.019455 ], [ 96.6231425, 28.0277453 ], [ 96.6099203, 28.0416992 ], [ 96.5977405, 28.0447432 ], [ 96.5860489, 28.0448525 ], [ 96.5832849, 28.0471701 ], [ 96.5810771, 28.0560272 ], [ 96.5777635, 28.061856 ], [ 96.5673901, 28.0667913 ], [ 96.5681572, 28.0687908 ], [ 96.5637418, 28.0664465 ], [ 96.5583082, 28.0662173 ], [ 96.5527434, 28.0711002 ] ] } },
{ "type": "Feature", "properties": { "highway": "trunk" }, "geometry": { "type": "LineString", "coordinates": [ [ 96.4418242, 28.0594262 ], [ 96.4434814, 28.0581747 ], [ 96.4447224, 28.0523168 ], [ 96.439366, 28.0458757 ], [ 96.4392489, 28.039271 ], [ 96.4379056, 28.0379729 ] ] } },
{ "type": "Feature", "properties": { "highway": "trunk" }, "geometry": { "type": "LineString", "coordinates": [ [ 96.9779673, 28.057249 ], [ 96.9790242, 28.0537319 ], [ 96.9742784, 28.0484434 ] ] } },
{ "type": "Feature", "properties": { "highway": "trunk" }, "geometry": { "type": "LineString", "coordinates": [ [ 96.9784666, 28.057915 ], [ 96.9779673, 28.057249 ] ] } },
{ "type": "Feature", "properties": { "highway": "trunk" }, "geometry": { "type": "LineString", "coordinates": [ [ 96.4860603, 28.0623678 ], [ 96.4760636, 28.0580496 ], [ 96.4697326, 28.0572174 ], [ 96.4617858, 28.0599877 ], [ 96.4562973, 28.0589911 ], [ 96.4518694, 28.0594794 ], [ 96.4550562, 28.0594947 ], [ 96.4590664, 28.060383 ], [ 96.4581517, 28.0605699 ], [ 96.4506199, 28.0599854 ], [ 96.4500059, 28.0612434 ], [ 96.448267, 28.059417 ], [ 96.44927, 28.0612411 ], [ 96.4402208, 28.0623969 ], [ 96.4448659, 28.0602671 ], [ 96.4421205, 28.0604766 ] ] } },
{ "type": "Feature", "properties": { "highway": "trunk" }, "geometry": { "type": "LineString", "coordinates": [ [ 96.4421205, 28.0604766 ], [ 96.4418242, 28.0594262 ] ] } },
{ "type": "Feature", "properties": { "highway": "trunk" }, "geometry": { "type": "LineString", "coordinates": [ [ 96.4866171, 28.0629422 ], [ 96.4860603, 28.0623678 ] ] } },
{ "type": "Feature", "properties": { "highway": "trunk" }, "geometry": { "type": "LineString", "coordinates": [ [ 96.5010139, 28.0760833 ], [ 96.4963794, 28.0713015 ], [ 96.4976266, 28.0664584 ], [ 96.4967676, 28.0635479 ], [ 96.4888784, 28.0617104 ], [ 96.4866171, 28.0629422 ] ] } },
{ "type": "Feature", "properties": { "highway": "trunk" }, "geometry": { "type": "LineString", "coordinates": [ [ 96.5527434, 28.0711002 ], [ 96.5520248, 28.0710196 ] ] } },
{ "type": "Feature", "properties": { "highway": "trunk" }, "geometry": { "type": "LineString", "coordinates": [ [ 96.987838, 28.0884065 ], [ 96.9887759, 28.0862014 ], [ 96.9852513, 28.0718714 ], [ 96.9784666, 28.057915 ] ] } },
{ "type": "Feature", "properties": { "highway": "secondary" }, "geometry": { "type": "LineString", "coordinates": [ [ 96.5457085, 28.0740635 ], [ 96.5463602, 28.0758006 ], [ 96.5456175, 28.0751029 ] ] } },
{ "type": "Feature", "properties": { "highway": "trunk" }, "geometry": { "type": "LineString", "coordinates": [ [ 96.5010952, 28.076257 ], [ 96.5010139, 28.0760833 ] ] } },
{ "type": "Feature", "properties": { "highway": "trunk" }, "geometry": { "type": "LineString", "coordinates": [ [ 96.5520248, 28.0710196 ], [ 96.5502062, 28.0700051 ], [ 96.5442654, 28.0713147 ], [ 96.545609, 28.0752619 ], [ 96.5440711, 28.0754338 ], [ 96.5410755, 28.0810079 ], [ 96.5396967, 28.0799634 ], [ 96.535865, 28.0812723 ], [ 96.5379994, 28.0799321 ], [ 96.5319392, 28.0809581 ], [ 96.5312704, 28.0876017 ] ] } },
{ "type": "Feature", "properties": { "highway": "trunk" }, "geometry": { "type": "LineString", "coordinates": [ [ 96.5304951, 28.0886729 ], [ 96.5286132, 28.0874513 ], [ 96.5251063, 28.0793385 ], [ 96.5217084, 28.0783444 ], [ 96.5191848, 28.081354 ], [ 96.5126419, 28.082871 ], [ 96.5010952, 28.076257 ] ] } },
{ "type": "Feature", "properties": { "highway": "trunk" }, "geometry": { "type": "LineString", "coordinates": [ [ 96.5312704, 28.0876017 ], [ 96.5304951, 28.0886729 ] ] } },
{ "type": "Feature", "properties": { "highway": "secondary" }, "geometry": { "type": "LineString", "coordinates": [ [ 96.5457085, 28.0740635 ], [ 96.5472373, 28.0760166 ], [ 96.5567431, 28.0770366 ], [ 96.5598142, 28.0839964 ], [ 96.5625394, 28.0836462 ], [ 96.5686172, 28.0885443 ], [ 96.5731609, 28.08915 ], [ 96.5731448, 28.092114 ], [ 96.5757841, 28.0941948 ], [ 96.5751699, 28.0962416 ], [ 96.5846407, 28.1027699 ] ] } },
{ "type": "Feature", "properties": { "highway": "trunk" }, "geometry": { "type": "LineString", "coordinates": [ [ 96.9883658, 28.0890014 ], [ 96.987838, 28.0884065 ] ] } },
{ "type": "Feature", "properties": { "highway": "trunk" }, "geometry": { "type": "LineString", "coordinates": [ [ 97.0039927, 28.1051747 ], [ 97.0037395, 28.1018256 ], [ 97.001184, 28.0983406 ], [ 96.9883658, 28.0890014 ] ] } },
{ "type": "Feature", "properties": { "highway": "trunk" }, "geometry": { "type": "LineString", "coordinates": [ [ 97.0039424, 28.1062207 ], [ 97.0039927, 28.1051747 ] ] } },
{ "type": "Feature", "properties": { "highway": "trunk" }, "geometry": { "type": "LineString", "coordinates": [ [ 97.0201996, 28.1384854 ], [ 97.0189674, 28.1377136 ], [ 97.0224237, 28.1378841 ], [ 97.0238019, 28.1338123 ], [ 97.0221247, 28.1323425 ], [ 97.020253, 28.1329638 ], [ 97.0203012, 28.1310545 ], [ 97.0152903, 28.12864 ], [ 97.0146751, 28.1248258 ], [ 97.0039424, 28.1062207 ] ] } },
{ "type": "Feature", "properties": { "highway": "trunk" }, "geometry": { "type": "LineString", "coordinates": [ [ 95.8222104, 28.0947544 ], [ 95.8242567, 28.1070924 ], [ 95.8222736, 28.117225 ] ] } },
{ "type": "Feature", "properties": { "highway": "trunk" }, "geometry": { "type": "LineString", "coordinates": [ [ 95.8222736, 28.117225 ], [ 95.8100698, 28.1116139 ], [ 95.7755983, 28.1117707 ], [ 95.7578955, 28.1153178 ], [ 95.7450333, 28.1246908 ] ] } },
{ "type": "Feature", "properties": { "highway": "trunk" }, "geometry": { "type": "LineString", "coordinates": [ [ 95.8430366, 28.1368351 ], [ 95.8222736, 28.117225 ] ] } },
{ "type": "Feature", "properties": { "highway": "trunk" }, "geometry": { "type": "LineString", "coordinates": [ [ 95.7450333, 28.1246908 ], [ 95.7297376, 28.1341441 ] ] } },
{ "type": "Feature", "properties": { "highway": "trunk" }, "geometry": { "type": "LineString", "coordinates": [ [ 95.7297376, 28.1341441 ], [ 95.7252328, 28.1362669 ] ] } },
{ "type": "Feature", "properties": { "highway": "trunk" }, "geometry": { "type": "LineString", "coordinates": [ [ 95.7252328, 28.1362669 ], [ 95.721412, 28.1381248 ] ] } },
{ "type": "Feature", "properties": { "highway": "trunk" }, "geometry": { "type": "LineString", "coordinates": [ [ 95.721412, 28.1381248 ], [ 95.7099161, 28.1436711 ] ] } },
{ "type": "Feature", "properties": { "highway": "trunk" }, "geometry": { "type": "LineString", "coordinates": [ [ 95.7099161, 28.1436711 ], [ 95.7054421, 28.1456081 ] ] } },
{ "type": "Feature", "properties": { "highway": "trunk" }, "geometry": { "type": "LineString", "coordinates": [ [ 95.8474949, 28.1570143 ], [ 95.8481086, 28.1532415 ], [ 95.8431642, 28.1437065 ], [ 95.8430366, 28.1368351 ] ] } },
{ "type": "Feature", "properties": { "highway": "trunk" }, "geometry": { "type": "LineString", "coordinates": [ [ 95.7054421, 28.1456081 ], [ 95.667649, 28.1586431 ] ] } },
{ "type": "Feature", "properties": { "highway": "trunk" }, "geometry": { "type": "LineString", "coordinates": [ [ 97.0294753, 28.1716161 ], [ 97.0290275, 28.1642057 ], [ 97.0305571, 28.1608585 ], [ 97.0300287, 28.1597589 ], [ 97.0293018, 28.1608656 ], [ 97.029102, 28.1597353 ], [ 97.0252181, 28.1603194 ], [ 97.0225333, 28.15751 ], [ 97.0251082, 28.1461183 ], [ 97.0201996, 28.1384854 ] ] } },
{ "type": "Feature", "properties": { "highway": "trunk" }, "geometry": { "type": "LineString", "coordinates": [ [ 97.0303027, 28.1859769 ], [ 97.0310873, 28.18427 ], [ 97.0288771, 28.1822013 ], [ 97.0294753, 28.1716161 ] ] } },
{ "type": "Feature", "properties": { "highway": "trunk" }, "geometry": { "type": "LineString", "coordinates": [ [ 97.0289193, 28.2323794 ], [ 97.0259243, 28.2329403 ], [ 97.026583, 28.2308693 ], [ 97.0242441, 28.2311742 ], [ 97.0287743, 28.2297515 ], [ 97.0296916, 28.2282881 ], [ 97.0262128, 28.2291537 ], [ 97.0288592, 28.2280222 ], [ 97.0233701, 28.2214505 ], [ 97.0205326, 28.2216762 ], [ 97.0205992, 28.2181348 ], [ 97.0184103, 28.2171621 ], [ 97.0193373, 28.2155349 ], [ 97.0174554, 28.2135956 ], [ 97.0196807, 28.2124504 ], [ 97.019171, 28.209134 ], [ 97.0227215, 28.2026476 ], [ 97.0222548, 28.2011513 ], [ 97.0195994, 28.2008582 ], [ 97.0210746, 28.1994422 ], [ 97.0203906, 28.1944733 ], [ 97.0227108, 28.1938871 ], [ 97.0214555, 28.1921826 ], [ 97.0229709, 28.1909013 ], [ 97.0217157, 28.1902536 ], [ 97.0236898, 28.1894971 ], [ 97.0220375, 28.1882275 ], [ 97.0321199, 28.1866554 ], [ 97.0303027, 28.1859769 ] ] } },
{ "type": "Feature", "properties": { "highway": "trunk" }, "geometry": { "type": "LineString", "coordinates": [ [ 97.0295131, 28.2331663 ], [ 97.0289193, 28.2323794 ] ] } },
{ "type": "Feature", "properties": { "highway": "trunk" }, "geometry": { "type": "LineString", "coordinates": [ [ 97.0244036, 28.2441566 ], [ 97.0250595, 28.2400262 ], [ 97.0295131, 28.2331663 ] ] } },
{ "type": "Feature", "properties": { "highway": "trunk" }, "geometry": { "type": "LineString", "coordinates": [ [ 97.0245675, 28.2445562 ], [ 97.0244036, 28.2441566 ] ] } },
{ "type": "Feature", "properties": { "highway": "trunk" }, "geometry": { "type": "LineString", "coordinates": [ [ 97.0194835, 28.2609526 ], [ 97.0229336, 28.2572446 ], [ 97.0215377, 28.2559678 ], [ 97.0239396, 28.2559607 ], [ 97.0252472, 28.2540952 ], [ 97.0237444, 28.2476644 ], [ 97.0245675, 28.2445562 ] ] } },
{ "type": "Feature", "properties": { "highway": "trunk" }, "geometry": { "type": "LineString", "coordinates": [ [ 97.0194835, 28.2609526 ], [ 97.01873, 28.2601852 ], [ 97.0209839, 28.2576882 ] ] } },
{ "type": "Feature", "properties": { "highway": "trunk" }, "geometry": { "type": "LineString", "coordinates": [ [ 97.0209839, 28.2576882 ], [ 97.0179085, 28.2599171 ], [ 97.018182, 28.2620295 ], [ 97.0147758, 28.2624265 ], [ 97.0125921, 28.2648801 ], [ 97.0190627, 28.2644256 ] ] } },
{ "type": "Feature", "properties": { "highway": "trunk" }, "geometry": { "type": "LineString", "coordinates": [ [ 97.0180095, 28.2818501 ], [ 97.0164211, 28.2800864 ], [ 97.0201242, 28.2811384 ], [ 97.0144486, 28.277659 ], [ 97.0150418, 28.2736743 ], [ 97.012504, 28.2722425 ], [ 97.0159588, 28.2723631 ], [ 97.0190627, 28.2644256 ] ] } },
{ "type": "Feature", "properties": { "highway": "trunk" }, "geometry": { "type": "LineString", "coordinates": [ [ 95.8474949, 28.1570143 ], [ 95.846856, 28.1583193 ] ] } },
{ "type": "Feature", "properties": { "highway": "trunk" }, "geometry": { "type": "LineString", "coordinates": [ [ 95.846856, 28.1583193 ], [ 95.8469349, 28.1610909 ] ] } },
{ "type": "Feature", "properties": { "highway": "trunk" }, "geometry": { "type": "LineString", "coordinates": [ [ 95.8469349, 28.1610909 ], [ 95.8470388, 28.1615823 ] ] } },
{ "type": "Feature", "properties": { "highway": "trunk" }, "geometry": { "type": "LineString", "coordinates": [ [ 95.8326652, 28.1715224 ], [ 95.8330187, 28.1667774 ], [ 95.8363942, 28.1666893 ], [ 95.8374408, 28.1647791 ], [ 95.8386714, 28.1656647 ], [ 95.844388, 28.1620789 ], [ 95.8492986, 28.1623918 ], [ 95.8470388, 28.1615823 ] ] } },
{ "type": "Feature", "properties": { "highway": "trunk" }, "geometry": { "type": "LineString", "coordinates": [ [ 95.8312341, 28.172051 ], [ 95.8326652, 28.1715224 ] ] } },
{ "type": "Feature", "properties": { "highway": "trunk" }, "geometry": { "type": "LineString", "coordinates": [ [ 95.9282237, 28.2398184 ], [ 95.9273829, 28.2390078 ], [ 95.9255586, 28.2406674 ], [ 95.9178014, 28.2349059 ], [ 95.9138795, 28.2354412 ], [ 95.9096474, 28.2322946 ], [ 95.9056412, 28.2342934 ], [ 95.902111, 28.228226 ], [ 95.898961, 28.2278049 ], [ 95.8980403, 28.2382664 ], [ 95.8894554, 28.2396973 ], [ 95.8935723, 28.2432565 ], [ 95.8936101, 28.2450225 ], [ 95.8888634, 28.2462664 ], [ 95.886919, 28.2484385 ], [ 95.8836495, 28.2484864 ], [ 95.8820483, 28.2515371 ], [ 95.877421, 28.2522451 ], [ 95.8765085, 28.2516136 ], [ 95.8813748, 28.2503697 ], [ 95.8795934, 28.2491258 ], [ 95.8806605, 28.2472563 ], [ 95.8861495, 28.2457756 ], [ 95.8845132, 28.2436658 ], [ 95.8897493, 28.2422374 ], [ 95.8865322, 28.2397156 ], [ 95.8793326, 28.2401873 ], [ 95.877369, 28.2376712 ], [ 95.8728896, 28.2371169 ], [ 95.8692749, 28.2412449 ], [ 95.8664188, 28.2413367 ], [ 95.8638494, 28.2368538 ], [ 95.8638284, 28.2312843 ], [ 95.8609989, 28.2280871 ], [ 95.8602363, 28.2248527 ], [ 95.8606097, 28.2215579 ], [ 95.8612916, 28.2266067 ], [ 95.8630246, 28.2291624 ], [ 95.8641536, 28.228724 ], [ 95.8616471, 28.2259455 ], [ 95.862681, 28.2201195 ], [ 95.8580835, 28.2197134 ], [ 95.8546398, 28.2221776 ], [ 95.8386817, 28.2170056 ], [ 95.8384959, 28.2224931 ], [ 95.8331894, 28.2242447 ], [ 95.8315064, 28.2224885 ], [ 95.8262682, 28.2245506 ], [ 95.8207039, 28.2222521 ], [ 95.8162126, 28.225014 ], [ 95.8069037, 28.2228545 ], [ 95.8041859, 28.2243431 ], [ 95.8079178, 28.22442 ], [ 95.8049427, 28.2261428 ], [ 95.8045677, 28.2282972 ], [ 95.8013844, 28.2238279 ], [ 95.7982606, 28.2255711 ], [ 95.8004942, 28.2202031 ], [ 95.7947523, 28.2227459 ], [ 95.7920911, 28.2196048 ], [ 95.7949048, 28.217626 ], [ 95.7949942, 28.215346 ], [ 95.7975712, 28.2169355 ], [ 95.8020731, 28.2150262 ], [ 95.8016411, 28.212477 ], [ 95.8037236, 28.2113563 ], [ 95.802965, 28.2090623 ], [ 95.8064458, 28.2120051 ], [ 95.8071301, 28.2074434 ], [ 95.8114216, 28.2055491 ], [ 95.8141215, 28.20608 ], [ 95.8104038, 28.2008712 ], [ 95.8132069, 28.1987438 ], [ 95.808822, 28.1979841 ], [ 95.8102367, 28.1961764 ], [ 95.8102315, 28.1944336 ], [ 95.8100316, 28.1959122 ], [ 95.8086793, 28.1947264 ], [ 95.8057394, 28.1957322 ], [ 95.8049084, 28.1928723 ], [ 95.8021789, 28.1935212 ], [ 95.8033465, 28.189762 ], [ 95.8063074, 28.1903136 ], [ 95.8073803, 28.1885707 ], [ 95.8059408, 28.1871409 ], [ 95.8106524, 28.1860938 ], [ 95.8116119, 28.1828814 ], [ 95.8146651, 28.1835206 ], [ 95.815922, 28.1808097 ], [ 95.8223779, 28.1804237 ], [ 95.8181706, 28.1795861 ], [ 95.8197005, 28.1781714 ], [ 95.8267179, 28.1778174 ], [ 95.8312341, 28.172051 ] ] } },
{ "type": "Feature", "properties": { "highway": "trunk" }, "geometry": { "type": "LineString", "coordinates": [ [ 95.9422389, 28.3122579 ], [ 95.9374521, 28.3153646 ], [ 95.9359933, 28.3142957 ], [ 95.9354692, 28.314438 ], [ 95.9372599, 28.3161106 ], [ 95.9420398, 28.3135822 ], [ 95.9368101, 28.3169103 ], [ 95.9424704, 28.3146918 ], [ 95.9372922, 28.3182171 ], [ 95.9348462, 28.3172601 ], [ 95.9249371, 28.3202116 ], [ 95.9234801, 28.3187489 ], [ 95.9254594, 28.315398 ], [ 95.9200966, 28.3147576 ], [ 95.9201973, 28.3095159 ], [ 95.9175987, 28.303335 ], [ 95.9196532, 28.3005386 ], [ 95.9183326, 28.3034018 ], [ 95.9186663, 28.3047173 ], [ 95.9196884, 28.3020523 ], [ 95.9197057, 28.3050078 ], [ 95.9208772, 28.3023261 ], [ 95.9204437, 28.3061107 ], [ 95.9210327, 28.3067316 ], [ 95.9212392, 28.3040622 ], [ 95.9224235, 28.303109 ], [ 95.9214605, 28.3043518 ], [ 95.922256, 28.3062687 ], [ 95.922908, 28.3066636 ], [ 95.9222799, 28.3040253 ], [ 95.9230874, 28.3031406 ], [ 95.9226328, 28.3041886 ], [ 95.9236975, 28.3064793 ], [ 95.92391, 28.2997497 ], [ 95.9216758, 28.2992542 ], [ 95.9228094, 28.2952884 ], [ 95.9215062, 28.2944928 ], [ 95.9212051, 28.2884289 ], [ 95.9239852, 28.2840427 ], [ 95.9224561, 28.2820841 ], [ 95.9205911, 28.2826605 ], [ 95.9202146, 28.2805948 ], [ 95.9228326, 28.2785851 ], [ 95.9199251, 28.2766724 ], [ 95.9097689, 28.2801966 ], [ 95.9056279, 28.2682379 ], [ 95.9059815, 28.2648183 ], [ 95.9084773, 28.2626447 ], [ 95.9041587, 28.2601352 ], [ 95.9034184, 28.258085 ], [ 95.9045906, 28.2553086 ], [ 95.9087076, 28.2556128 ], [ 95.9063836, 28.250785 ], [ 95.912352, 28.2488383 ], [ 95.9134905, 28.2451393 ], [ 95.9204942, 28.244224 ], [ 95.9272957, 28.2402062 ], [ 95.9288186, 28.2416631 ], [ 95.9318921, 28.2413102 ], [ 95.9282237, 28.2398184 ] ] } },
{ "type": "Feature", "properties": { "highway": "trunk" }, "geometry": { "type": "LineString", "coordinates": [ [ 95.9312186, 28.3745454 ], [ 95.9319075, 28.3718506 ], [ 95.9386602, 28.3678101 ], [ 95.9421228, 28.3605167 ], [ 95.9444463, 28.3592484 ], [ 95.9443677, 28.3547285 ], [ 95.9485343, 28.352407 ], [ 95.9485518, 28.3501162 ], [ 95.9523341, 28.3474409 ], [ 95.9513295, 28.346011 ], [ 95.9531565, 28.3451479 ], [ 95.9541942, 28.3420167 ], [ 95.9460473, 28.3517415 ], [ 95.9419501, 28.3533317 ], [ 95.9413125, 28.3562221 ], [ 95.937635, 28.3576441 ], [ 95.937635, 28.3596888 ], [ 95.9340012, 28.3640855 ], [ 95.9280651, 28.3646554 ], [ 95.9274659, 28.3666664 ], [ 95.9202578, 28.370123 ], [ 95.9274371, 28.3634691 ], [ 95.9321956, 28.3625115 ], [ 95.9349908, 28.3577918 ], [ 95.9338552, 28.3550553 ], [ 95.9373546, 28.354256 ], [ 95.9432774, 28.3429934 ], [ 95.946761, 28.3401013 ], [ 95.9468696, 28.334516 ], [ 95.9491743, 28.3325535 ], [ 95.955325, 28.3338691 ], [ 95.9599283, 28.3258161 ], [ 95.9653885, 28.3263272 ], [ 95.9690615, 28.3247006 ], [ 95.9638335, 28.3252705 ], [ 95.9572986, 28.3223643 ], [ 95.9568663, 28.3201339 ], [ 95.954618, 28.3191878 ], [ 95.9562548, 28.3104604 ], [ 95.9537124, 28.3091741 ], [ 95.946209, 28.3135959 ], [ 95.9422389, 28.3122579 ] ] } },
{ "type": "Feature", "properties": { "highway": "trunk" }, "geometry": { "type": "LineString", "coordinates": [ [ 95.9316268, 28.3748681 ], [ 95.9312186, 28.3745454 ] ] } },
{ "type": "Feature", "properties": { "highway": "trunk" }, "geometry": { "type": "LineString", "coordinates": [ [ 95.9316295, 28.3861399 ], [ 95.9219577, 28.3875641 ], [ 95.9272477, 28.3787277 ], [ 95.9324177, 28.3767173 ], [ 95.9358972, 28.3712285 ], [ 95.9316268, 28.3748681 ] ] } },
{ "type": "Feature", "properties": { "highway": "trunk" }, "geometry": { "type": "LineString", "coordinates": [ [ 95.8967157, 28.402335 ], [ 95.899491, 28.4002534 ], [ 95.9041181, 28.4005538 ], [ 95.8993131, 28.400888 ], [ 95.9033814, 28.4015492 ], [ 95.9090544, 28.3991498 ], [ 95.9120206, 28.4001987 ], [ 95.9165036, 28.3990219 ], [ 95.9175647, 28.3967002 ], [ 95.9227616, 28.3950487 ], [ 95.9316295, 28.3861399 ] ] } },
{ "type": "Feature", "properties": { "highway": "trunk" }, "geometry": { "type": "LineString", "coordinates": [ [ 95.8810227, 28.4353246 ], [ 95.8793648, 28.4310315 ], [ 95.8801063, 28.429225 ], [ 95.8828588, 28.4251941 ], [ 95.8872798, 28.4228754 ], [ 95.8910084, 28.4136297 ], [ 95.893566, 28.4123374 ], [ 95.8979602, 28.4132827 ], [ 95.9006267, 28.4105665 ], [ 95.9007763, 28.4073237 ], [ 95.8989942, 28.4055885 ], [ 95.9007899, 28.4046791 ], [ 95.8967157, 28.402335 ] ] } },
{ "type": "Feature", "properties": { "highway": "trunk" }, "geometry": { "type": "LineString", "coordinates": [ [ 95.8810997, 28.4361959 ], [ 95.8810227, 28.4353246 ] ] } },
{ "type": "Feature", "properties": { "highway": "trunk" }, "geometry": { "type": "LineString", "coordinates": [ [ 95.8447179, 28.4563873 ], [ 95.8484342, 28.4515991 ], [ 95.847843, 28.4429612 ], [ 95.84929, 28.4386152 ], [ 95.8533832, 28.4375917 ], [ 95.8608, 28.4386533 ], [ 95.8659466, 28.4345633 ], [ 95.8692029, 28.4344872 ], [ 95.8703085, 28.4362913 ], [ 95.8754529, 28.4338104 ], [ 95.8810997, 28.4361959 ] ] } },
{ "type": "Feature", "properties": { "highway": "trunk" }, "geometry": { "type": "LineString", "coordinates": [ [ 95.8603974, 28.4720542 ], [ 95.8508607, 28.4660865 ], [ 95.8487875, 28.4632343 ], [ 95.8532497, 28.4580675 ], [ 95.8528808, 28.4518141 ], [ 95.8553536, 28.4489563 ], [ 95.8504798, 28.4513093 ], [ 95.8481258, 28.4554244 ], [ 95.8447179, 28.4563873 ] ] } },
{ "type": "Feature", "properties": { "highway": "trunk" }, "geometry": { "type": "LineString", "coordinates": [ [ 95.8477069, 28.4900003 ], [ 95.8470685, 28.4853512 ], [ 95.8377485, 28.4829075 ], [ 95.8390924, 28.4753843 ], [ 95.8433877, 28.4762637 ], [ 95.8486769, 28.4737728 ], [ 95.8497003, 28.4681673 ], [ 95.856248, 28.4725565 ], [ 95.8603974, 28.4720542 ] ] } },
{ "type": "Feature", "properties": { "highway": "trunk" }, "geometry": { "type": "LineString", "coordinates": [ [ 95.8223372, 28.4914641 ], [ 95.8350043, 28.4905233 ], [ 95.835483, 28.4876534 ], [ 95.841545, 28.4875082 ], [ 95.8477069, 28.4900003 ] ] } },
{ "type": "Feature", "properties": { "highway": "trunk" }, "geometry": { "type": "LineString", "coordinates": [ [ 95.85084, 28.5175754 ], [ 95.8468903, 28.5185017 ], [ 95.8430503, 28.5156709 ], [ 95.8319222, 28.5126365 ], [ 95.8303109, 28.5098512 ], [ 95.8304906, 28.5034302 ], [ 95.832809, 28.502179 ], [ 95.8268736, 28.4989581 ], [ 95.8249905, 28.4937386 ], [ 95.8223372, 28.4914641 ] ] } },
{ "type": "Feature", "properties": { "highway": "trunk" }, "geometry": { "type": "LineString", "coordinates": [ [ 95.8232134, 28.5159482 ], [ 95.8214206, 28.5137794 ], [ 95.8237612, 28.5093434 ], [ 95.8273584, 28.5127598 ], [ 95.8265888, 28.5144504 ], [ 95.8336927, 28.5183235 ], [ 95.8408895, 28.5171819 ], [ 95.8466849, 28.5207799 ], [ 95.8506187, 28.5190461 ], [ 95.85084, 28.5175754 ] ] } },
{ "type": "Feature", "properties": { "highway": "trunk" }, "geometry": { "type": "LineString", "coordinates": [ [ 95.8232134, 28.5159482 ], [ 95.8238086, 28.5163339 ] ] } },
{ "type": "Feature", "properties": { "highway": "trunk" }, "geometry": { "type": "LineString", "coordinates": [ [ 95.8238086, 28.5163339 ], [ 95.8305444, 28.5194154 ], [ 95.8330918, 28.5270843 ], [ 95.8403103, 28.5268062 ], [ 95.8432456, 28.5293486 ], [ 95.8452985, 28.5347464 ], [ 95.843039, 28.5379651 ], [ 95.8489128, 28.5397324 ], [ 95.8417354, 28.5433514 ], [ 95.8431015, 28.5477475 ], [ 95.8408718, 28.5504895 ], [ 95.8420539, 28.5526532 ], [ 95.8383956, 28.5547931 ], [ 95.8459112, 28.559585 ], [ 95.8540061, 28.5592693 ], [ 95.8532533, 28.561394 ], [ 95.8490974, 28.5619232 ], [ 95.8452994, 28.5664886 ], [ 95.8395328, 28.5688135 ], [ 95.8400128, 28.5734465 ], [ 95.8355714, 28.5750486 ], [ 95.8327118, 28.5792258 ], [ 95.8335045, 28.5819484 ], [ 95.8420835, 28.5833842 ], [ 95.8440775, 28.5865737 ], [ 95.8433983, 28.5884723 ] ] } },
{ "type": "Feature", "properties": { "highway": "trunk" }, "geometry": { "type": "LineString", "coordinates": [ [ 95.8433983, 28.5884723 ], [ 95.8413015, 28.5917477 ], [ 95.8489966, 28.6006777 ], [ 95.8531499, 28.6026595 ] ] } },
{ "type": "Feature", "properties": { "highway": "trunk" }, "geometry": { "type": "LineString", "coordinates": [ [ 95.8531499, 28.6026595 ], [ 95.8598537, 28.6050048 ], [ 95.8653745, 28.6041356 ] ] } },
{ "type": "Feature", "properties": { "highway": "trunk" }, "geometry": { "type": "LineString", "coordinates": [ [ 95.8653745, 28.6041356 ], [ 95.8757866, 28.6112558 ] ] } },
{ "type": "Feature", "properties": { "highway": "trunk" }, "geometry": { "type": "LineString", "coordinates": [ [ 95.8757866, 28.6112558 ], [ 95.8751693, 28.6115118 ] ] } },
{ "type": "Feature", "properties": { "highway": "trunk" }, "geometry": { "type": "LineString", "coordinates": [ [ 95.8751693, 28.6115118 ], [ 95.8707576, 28.6107949 ], [ 95.8652937, 28.6057613 ], [ 95.8603117, 28.6094752 ], [ 95.8612508, 28.6129934 ], [ 95.8598488, 28.6171036 ], [ 95.8559666, 28.6218217 ], [ 95.8565191, 28.6279665 ], [ 95.8520136, 28.6334221 ], [ 95.8555744, 28.636883 ], [ 95.8552088, 28.6416841 ], [ 95.8518851, 28.6442831 ], [ 95.8484562, 28.6436179 ], [ 95.8497168, 28.6460118 ], [ 95.8491388, 28.6509502 ], [ 95.8465934, 28.6515034 ], [ 95.8498509, 28.6565898 ], [ 95.8575695, 28.6596188 ] ] } },
{ "type": "Feature", "properties": { "highway": "trunk" }, "geometry": { "type": "LineString", "coordinates": [ [ 95.8586116, 28.6612898 ], [ 95.861367, 28.6593882 ], [ 95.8575695, 28.6596188 ] ] } },
{ "type": "Feature", "properties": { "highway": "trunk" }, "geometry": { "type": "LineString", "coordinates": [ [ 95.8586116, 28.6612898 ], [ 95.8540446, 28.6620207 ], [ 95.8556039, 28.6696586 ], [ 95.8522677, 28.6738263 ], [ 95.8544724, 28.6747656 ], [ 95.8522716, 28.6773306 ], [ 95.8551577, 28.680545 ], [ 95.8491187, 28.6817839 ], [ 95.8480401, 28.6855855 ], [ 95.8533217, 28.6908559 ], [ 95.8519972, 28.6929133 ], [ 95.8525429, 28.6973955 ], [ 95.8599701, 28.6983242 ], [ 95.8619211, 28.6963271 ], [ 95.8626705, 28.7000341 ] ] } },
{ "type": "Feature", "properties": { "highway": "trunk" }, "geometry": { "type": "LineString", "coordinates": [ [ 95.8626705, 28.7000341 ], [ 95.8624857, 28.7038468 ], [ 95.8667998, 28.7051726 ], [ 95.8689067, 28.7081494 ], [ 95.8677104, 28.7153866 ], [ 95.8773892, 28.7144048 ] ] } },
{ "type": "Feature", "properties": { "highway": "trunk" }, "geometry": { "type": "LineString", "coordinates": [ [ 95.8773892, 28.7144048 ], [ 95.877526, 28.7148048 ] ] } },
{ "type": "Feature", "properties": { "highway": "trunk" }, "geometry": { "type": "LineString", "coordinates": [ [ 96.0003141, 28.0501884 ], [ 95.9974196, 28.0535167 ], [ 95.9840658, 28.0602695 ], [ 95.9803653, 28.063978 ] ] } },
{ "type": "Feature", "properties": { "highway": "trunk" }, "geometry": { "type": "LineString", "coordinates": [ [ 95.9795773, 28.0638912 ], [ 95.9736087, 28.0632391 ] ] } },
{ "type": "Feature", "properties": { "highway": "trunk" }, "geometry": { "type": "LineString", "coordinates": [ [ 95.9803653, 28.063978 ], [ 95.9795773, 28.0638912 ] ] } },
{ "type": "Feature", "properties": { "highway": "trunk" }, "geometry": { "type": "LineString", "coordinates": [ [ 96.3353419, 29.2318652 ], [ 96.3353841, 29.2322123 ] ] } },
{ "type": "Feature", "properties": { "highway": "trunk" }, "geometry": { "type": "LineString", "coordinates": [ [ 96.3353841, 29.2322123 ], [ 96.3321466, 29.2377395 ], [ 96.3285215, 29.2387583 ], [ 96.325011, 29.2457423 ], [ 96.315684, 29.2516237 ], [ 96.3144786, 29.2542742 ] ] } },
{ "type": "Feature", "properties": { "highway": "trunk" }, "geometry": { "type": "LineString", "coordinates": [ [ 96.3144786, 29.2542742 ], [ 96.314259, 29.2543798 ] ] } },
{ "type": "Feature", "properties": { "highway": "trunk" }, "geometry": { "type": "LineString", "coordinates": [ [ 96.314259, 29.2543798 ], [ 96.311319340958178, 29.257569163152933 ] ] } },
{ "type": "Feature", "properties": { "highway": "trunk" }, "geometry": { "type": "LineString", "coordinates": [ [ 95.877526, 28.7148048 ], [ 95.8674583, 28.7179918 ], [ 95.8678727, 28.7247791 ], [ 95.8610521, 28.7300458 ], [ 95.8641774, 28.7377894 ], [ 95.8616421, 28.7428064 ], [ 95.8663445, 28.7476447 ], [ 95.8659932, 28.7511238 ], [ 95.868566, 28.7533301 ], [ 95.8677222, 28.757632 ], [ 95.8697623, 28.7594462 ], [ 95.8654332, 28.7585132 ], [ 95.8640959, 28.7609366 ], [ 95.8706823, 28.7628767 ], [ 95.8678019, 28.7642148 ], [ 95.8668782, 28.7715303 ], [ 95.868971, 28.7748088 ], [ 95.8734256, 28.7769183 ], [ 95.8753949, 28.7759443 ], [ 95.8749765, 28.7781542 ], [ 95.8780128, 28.7766543 ], [ 95.8812193, 28.777489 ] ] } },
{ "type": "Feature", "properties": { "highway": "trunk" }, "geometry": { "type": "LineString", "coordinates": [ [ 95.8812193, 28.777489 ], [ 95.8825589, 28.7786319 ], [ 95.8839268, 28.7769516 ], [ 95.8852089, 28.7790106 ], [ 95.8910806, 28.7749321 ], [ 95.8968752, 28.775088 ], [ 95.9007639, 28.7772686 ], [ 95.901848, 28.7812913 ] ] } },
{ "type": "Feature", "properties": { "highway": "trunk" }, "geometry": { "type": "LineString", "coordinates": [ [ 95.901848, 28.7812913 ], [ 95.9016509, 28.7818884 ] ] } },
{ "type": "Feature", "properties": { "highway": "trunk" }, "geometry": { "type": "LineString", "coordinates": [ [ 95.9016509, 28.7818884 ], [ 95.9078421, 28.7844942 ], [ 95.9089641, 28.7865061 ] ] } },
{ "type": "Feature", "properties": { "highway": "trunk" }, "geometry": { "type": "LineString", "coordinates": [ [ 95.9024224, 28.7843892 ], [ 95.8972608, 28.7839407 ], [ 95.8936601, 28.7809752 ], [ 95.89266, 28.7852926 ], [ 95.8910906, 28.7854254 ], [ 95.8938063, 28.7859387 ], [ 95.8899743, 28.7862123 ], [ 95.8935117, 28.7874841 ], [ 95.8907005, 28.7871812 ] ] } },
{ "type": "Feature", "properties": { "highway": "trunk" }, "geometry": { "type": "LineString", "coordinates": [ [ 95.909792, 28.7900649 ], [ 95.9024224, 28.7843892 ] ] } },
{ "type": "Feature", "properties": { "highway": "trunk" }, "geometry": { "type": "LineString", "coordinates": [ [ 95.9089641, 28.7865061 ], [ 95.9087034, 28.7856852 ], [ 95.9054779, 28.7849176 ], [ 95.9079945, 28.7863539 ], [ 95.909792, 28.7900649 ] ] } },
{ "type": "Feature", "properties": { "highway": "trunk" }, "geometry": { "type": "LineString", "coordinates": [ [ 95.8987368, 28.7896694 ], [ 95.8953724, 28.7898343 ], [ 95.8907005, 28.7871812 ] ] } },
{ "type": "Feature", "properties": { "highway": "trunk" }, "geometry": { "type": "LineString", "coordinates": [ [ 95.8978527, 28.7915621 ], [ 95.8987368, 28.7896694 ] ] } },
{ "type": "Feature", "properties": { "highway": "trunk" }, "geometry": { "type": "LineString", "coordinates": [ [ 95.8979082, 28.792362 ], [ 95.8978527, 28.7915621 ] ] } },
{ "type": "Feature", "properties": { "highway": "trunk" }, "geometry": { "type": "LineString", "coordinates": [ [ 96.518579608725602, 29.066205797649435 ], [ 96.506385759125848, 29.073129014682419 ] ] } },
{ "type": "Feature", "properties": { "highway": "trunk" }, "geometry": { "type": "LineString", "coordinates": [ [ 95.9048852, 28.79721 ], [ 95.9028375, 28.7974873 ], [ 95.8979082, 28.792362 ] ] } },
{ "type": "Feature", "properties": { "highway": "trunk" }, "geometry": { "type": "LineString", "coordinates": [ [ 95.3851005, 28.1497752 ], [ 95.4050468, 28.1657575 ], [ 95.4159339, 28.1689887 ], [ 95.4261786, 28.1649689 ], [ 95.4294683, 28.1673335 ] ] } },
{ "type": "Feature", "properties": { "highway": "trunk" }, "geometry": { "type": "LineString", "coordinates": [ [ 95.4422787, 28.1632867 ], [ 95.4425963, 28.163187 ] ] } },
{ "type": "Feature", "properties": { "highway": "trunk" }, "geometry": { "type": "LineString", "coordinates": [ [ 95.430572, 28.1663877 ], [ 95.4326695, 28.1649405 ], [ 95.4335922, 28.1663215 ], [ 95.4369138, 28.1638762 ], [ 95.4383924, 28.1652219 ], [ 95.4395721, 28.1609014 ], [ 95.4422787, 28.1632867 ] ] } },
{ "type": "Feature", "properties": { "highway": "trunk" }, "geometry": { "type": "LineString", "coordinates": [ [ 95.4294683, 28.1673335 ], [ 95.430572, 28.1663877 ] ] } },
{ "type": "Feature", "properties": { "highway": "trunk" }, "geometry": { "type": "LineString", "coordinates": [ [ 95.5468954, 28.2496141 ], [ 95.5509748, 28.2518691 ], [ 95.5468711, 28.2532902 ], [ 95.5447646, 28.2565723 ], [ 95.5492406, 28.2662636 ] ] } },
{ "type": "Feature", "properties": { "highway": "trunk" }, "geometry": { "type": "LineString", "coordinates": [ [ 95.5832715, 28.2523571 ], [ 95.5924877, 28.2503328 ], [ 95.5980163, 28.2514071 ], [ 95.6007991, 28.2537031 ], [ 95.5985912, 28.2623678 ], [ 95.6032065, 28.2639098 ], [ 95.605175, 28.2662564 ] ] } },
{ "type": "Feature", "properties": { "highway": "trunk" }, "geometry": { "type": "LineString", "coordinates": [ [ 95.5510463, 28.267244 ], [ 95.5612055, 28.2645401 ], [ 95.5676726, 28.2600571 ], [ 95.5680544, 28.2582572 ], [ 95.5780619, 28.2529365 ], [ 95.5832715, 28.2523571 ] ] } },
{ "type": "Feature", "properties": { "highway": "trunk" }, "geometry": { "type": "LineString", "coordinates": [ [ 95.605175, 28.2662564 ], [ 95.6072761, 28.2662126 ] ] } },
{ "type": "Feature", "properties": { "highway": "trunk" }, "geometry": { "type": "LineString", "coordinates": [ [ 95.5492406, 28.2662636 ], [ 95.5510463, 28.267244 ] ] } },
{ "type": "Feature", "properties": { "highway": "secondary" }, "geometry": { "type": "LineString", "coordinates": [ [ 95.6118763, 28.270337 ], [ 95.6161217, 28.2672539 ] ] } },
{ "type": "Feature", "properties": { "highway": "secondary" }, "geometry": { "type": "LineString", "coordinates": [ [ 95.620636, 28.2725092 ], [ 95.6161217, 28.2672539 ] ] } },
{ "type": "Feature", "properties": { "highway": "trunk" }, "geometry": { "type": "LineString", "coordinates": [ [ 95.6072761, 28.2662126 ], [ 95.6092646, 28.265909 ], [ 95.6109404, 28.2697875 ], [ 95.6138641, 28.2717746 ], [ 95.6262259, 28.2744472 ] ] } },
{ "type": "Feature", "properties": { "highway": "trunk" }, "geometry": { "type": "LineString", "coordinates": [ [ 95.1765396, 28.5101142 ], [ 95.1775409, 28.5101649 ] ] } },
{ "type": "Feature", "properties": { "highway": "trunk" }, "geometry": { "type": "LineString", "coordinates": [ [ 95.1726042, 28.5209713 ], [ 95.1765396, 28.5101142 ] ] } },
{ "type": "Feature", "properties": { "highway": "trunk" }, "geometry": { "type": "LineString", "coordinates": [ [ 95.1304305, 28.5735268 ], [ 95.1383698, 28.5738613 ], [ 95.1397217, 28.5709215 ], [ 95.1423476, 28.571216 ], [ 95.1427552, 28.569103 ], [ 95.151046, 28.5632939 ], [ 95.1489619, 28.5579721 ], [ 95.1528162, 28.5586859 ], [ 95.1540085, 28.5537809 ], [ 95.1579862, 28.5524498 ], [ 95.1606469, 28.548845 ], [ 95.160376, 28.5466303 ], [ 95.1632996, 28.546225 ], [ 95.1618539, 28.5414608 ], [ 95.1640802, 28.5402827 ], [ 95.1672881, 28.5419627 ], [ 95.1712229, 28.5382492 ], [ 95.1711317, 28.5354617 ], [ 95.1738622, 28.5315736 ], [ 95.1740338, 28.5281354 ], [ 95.172167, 28.525866 ], [ 95.1744764, 28.5235707 ], [ 95.1721456, 28.522317 ], [ 95.1726042, 28.5209713 ] ] } },
{ "type": "Feature", "properties": { "highway": "trunk" }, "geometry": { "type": "LineString", "coordinates": [ [ 95.0933047, 28.6063813 ], [ 95.0888737, 28.6083192 ], [ 95.0871973, 28.6076269 ], [ 95.0859715, 28.6084864 ], [ 95.0860869, 28.6092399 ], [ 95.0910087, 28.6083239 ], [ 95.0975131, 28.6101371 ], [ 95.1058467, 28.6051968 ], [ 95.1093711, 28.5961939 ], [ 95.1088776, 28.5936693 ], [ 95.1129854, 28.588627 ], [ 95.1122693, 28.5863165 ], [ 95.1256374, 28.5780257 ], [ 95.1265198, 28.5742853 ], [ 95.1304305, 28.5735268 ] ] } },
{ "type": "Feature", "properties": { "highway": "trunk" }, "geometry": { "type": "LineString", "coordinates": [ [ 95.0220498, 28.1736324 ], [ 95.0228586, 28.1764472 ], [ 95.0279568, 28.1774802 ], [ 95.0257175, 28.1800555 ], [ 95.0066804, 28.1907303 ], [ 95.0036955, 28.1874751 ], [ 95.0013757, 28.1933164 ], [ 94.9971117, 28.1927394 ], [ 94.9987828, 28.195645 ], [ 94.9969202, 28.2001781 ], [ 94.9935607, 28.2005215 ], [ 94.9939339, 28.2023199 ], [ 94.9905869, 28.2036969 ], [ 94.9944917, 28.2045104 ], [ 94.9950583, 28.2061139 ], [ 94.9914015, 28.2087109 ], [ 94.9882471, 28.2082262 ], [ 94.9914794, 28.2111878 ], [ 94.9905015, 28.2139664 ], [ 94.9932281, 28.2151263 ], [ 94.9942842, 28.2264356 ], [ 94.9910556, 28.2299287 ], [ 94.9794204, 28.2344243 ], [ 94.9863848, 28.2333033 ], [ 94.9845668, 28.2341973 ], [ 94.9613786, 28.2352789 ], [ 94.948166, 28.2382941 ], [ 94.9398753, 28.2354585 ], [ 94.9340508, 28.2361111 ], [ 94.93249, 28.2328593 ], [ 94.9306056, 28.2342155 ], [ 94.9194074, 28.2347165 ], [ 94.9156174, 28.2315759 ], [ 94.9145821, 28.2342273 ], [ 94.9107325, 28.2341459 ], [ 94.9098855, 28.2316657 ], [ 94.9054009, 28.2284423 ], [ 94.8913515, 28.2253079 ] ] } },
{ "type": "Feature", "properties": { "highway": "primary" }, "geometry": { "type": "LineString", "coordinates": [ [ 94.986416, 28.2334018 ], [ 94.9910368, 28.23157 ], [ 94.996596, 28.2333118 ] ] } },
{ "type": "Feature", "properties": { "highway": "primary" }, "geometry": { "type": "LineString", "coordinates": [ [ 94.996596, 28.2333118 ], [ 94.9961283, 28.2341674 ] ] } },
{ "type": "Feature", "properties": { "highway": "primary" }, "geometry": { "type": "LineString", "coordinates": [ [ 94.9961283, 28.2341674 ], [ 94.9968317, 28.2352818 ], [ 94.9887838, 28.2398028 ], [ 94.9867989, 28.2429313 ], [ 94.985018, 28.2582418 ], [ 94.9837198, 28.2593663 ], [ 94.9848678, 28.2599333 ], [ 94.9807586, 28.2755248 ], [ 94.9779798, 28.2770082 ], [ 94.9710845, 28.2768497 ], [ 94.9628783, 28.2731961 ], [ 94.9615647, 28.275298 ], [ 94.955124, 28.2779389 ], [ 94.9467686, 28.2882054 ], [ 94.94701, 28.2979619 ], [ 94.9506427, 28.3095041 ], [ 94.9492801, 28.3106943 ], [ 94.9513078, 28.3106565 ], [ 94.9522413, 28.3139907 ], [ 94.9495376, 28.3185433 ], [ 94.9517155, 28.3170698 ], [ 94.9564255, 28.3174193 ], [ 94.9588717, 28.3198277 ], [ 94.9572292, 28.3295067 ], [ 94.9581886, 28.333648 ] ] } },
{ "type": "Feature", "properties": { "highway": "primary" }, "geometry": { "type": "LineString", "coordinates": [ [ 94.9636583, 28.3401711 ], [ 94.9636138, 28.3350917 ], [ 94.9707945, 28.3269645 ], [ 94.9722852, 28.3220098 ] ] } },
{ "type": "Feature", "properties": { "highway": "primary" }, "geometry": { "type": "LineString", "coordinates": [ [ 94.9581886, 28.333648 ], [ 94.959781, 28.3344968 ] ] } },
{ "type": "Feature", "properties": { "highway": "primary" }, "geometry": { "type": "LineString", "coordinates": [ [ 94.9722852, 28.3220098 ], [ 94.9809867, 28.3174417 ], [ 94.9866383, 28.317345 ], [ 94.9901283, 28.3191817 ], [ 94.9901717, 28.3206667 ], [ 94.992765, 28.3205617 ], [ 94.9933967, 28.325855 ], [ 94.9892, 28.3337617 ], [ 94.9874067, 28.3429017 ], [ 94.9913083, 28.34349 ], [ 94.99281, 28.3465817 ], [ 94.9985383, 28.3480733 ], [ 94.9988583, 28.3496983 ], [ 95.00183, 28.34687 ], [ 95.0116733, 28.347555 ], [ 95.0132433, 28.3489483 ], [ 95.020215, 28.34473 ], [ 95.0218133, 28.3392983 ], [ 95.0246183, 28.3380417 ], [ 95.02787, 28.3420433 ], [ 95.0268967, 28.3456433 ], [ 95.02839, 28.34821 ], [ 95.0398883, 28.3526367 ] ] } },
{ "type": "Feature", "properties": { "highway": "primary" }, "geometry": { "type": "LineString", "coordinates": [ [ 94.959781, 28.3344968 ], [ 94.9636583, 28.3401711 ] ] } },
{ "type": "Feature", "properties": { "highway": "secondary" }, "geometry": { "type": "LineString", "coordinates": [ [ 95.028664, 28.6393117 ], [ 95.0285326, 28.6393863 ] ] } },
{ "type": "Feature", "properties": { "highway": "secondary" }, "geometry": { "type": "LineString", "coordinates": [ [ 95.0285326, 28.6393863 ], [ 95.0263639, 28.6405366 ], [ 95.0292731, 28.6422281 ] ] } },
{ "type": "Feature", "properties": { "highway": "secondary" }, "geometry": { "type": "LineString", "coordinates": [ [ 95.061834, 28.355918 ], [ 95.0624518, 28.3550118 ] ] } },
{ "type": "Feature", "properties": { "highway": "secondary" }, "geometry": { "type": "LineString", "coordinates": [ [ 95.0612683, 28.3584267 ], [ 95.061834, 28.355918 ] ] } },
{ "type": "Feature", "properties": { "highway": "primary" }, "geometry": { "type": "LineString", "coordinates": [ [ 95.0398883, 28.3526367 ], [ 95.04094, 28.3547183 ], [ 95.0444517, 28.3522683 ], [ 95.0552067, 28.3534783 ], [ 95.0587083, 28.3547317 ], [ 95.0613183, 28.3586767 ], [ 95.0682567, 28.3627283 ], [ 95.0650433, 28.3647417 ], [ 95.067345, 28.3656617 ], [ 95.0668233, 28.3698233 ], [ 95.06539, 28.3688617 ], [ 95.0636767, 28.37051 ], [ 95.0627383, 28.3673033 ], [ 95.0620567, 28.373175 ], [ 95.0669533, 28.3761517 ], [ 95.062805, 28.3814933 ], [ 95.0675517, 28.3846717 ], [ 95.0685983, 28.3933917 ], [ 95.0657433, 28.3926083 ], [ 95.0633017, 28.3949717 ], [ 95.057715, 28.396315 ], [ 95.0567933, 28.3909633 ], [ 95.053385, 28.3876217 ], [ 95.050625, 28.38877 ], [ 95.049225, 28.3926333 ], [ 95.0472417, 28.3923033 ] ] } },
{ "type": "Feature", "properties": { "highway": "primary" }, "geometry": { "type": "LineString", "coordinates": [ [ 95.0472417, 28.3923033 ], [ 95.0454117, 28.3920883 ], [ 95.04387, 28.3886767 ], [ 95.041905, 28.38869 ], [ 95.0377817, 28.3915483 ], [ 95.0348333, 28.3916233 ], [ 95.0317983, 28.3973867 ], [ 95.040035, 28.3981217 ], [ 95.0429267, 28.401455 ], [ 95.0493667, 28.3998617 ], [ 95.0479817, 28.4035733 ], [ 95.0513833, 28.4097833 ], [ 95.0509433, 28.4169867 ], [ 95.05784, 28.4250083 ], [ 95.05269, 28.4283733 ], [ 95.0486383, 28.4252783 ], [ 95.04111, 28.4256067 ], [ 95.0392667, 28.42234 ], [ 95.0384617, 28.42372 ], [ 95.04052, 28.4297233 ], [ 95.0356183, 28.4337983 ], [ 95.04358, 28.4322417 ], [ 95.0496083, 28.4330333 ] ] } },
{ "type": "Feature", "properties": { "highway": "secondary" }, "geometry": { "type": "LineString", "coordinates": [ [ 95.0624518, 28.3550118 ], [ 95.0650381, 28.3568689 ], [ 95.0692518, 28.3567439 ], [ 95.0708458, 28.3589382 ], [ 95.0729072, 28.3695505 ], [ 95.0721497, 28.37205 ], [ 95.0744141, 28.3756908 ], [ 95.0750836, 28.3838792 ], [ 95.0786769, 28.3888861 ], [ 95.079987, 28.3981523 ], [ 95.0796768, 28.4031013 ], [ 95.0728117, 28.4090426 ], [ 95.0693792, 28.4098061 ], [ 95.0695686, 28.4127836 ], [ 95.0737823, 28.4180165 ], [ 95.0815312, 28.4184606 ], [ 95.0830462, 28.4165313 ], [ 95.0850426, 28.4169963 ], [ 95.0837643, 28.4182247 ], [ 95.0846244, 28.4198347 ], [ 95.0830068, 28.4191477 ], [ 95.0834644, 28.4223539 ], [ 95.0868, 28.4230107 ], [ 95.0898809, 28.4270696 ], [ 95.092533, 28.4260669 ], [ 95.0902307, 28.429762 ], [ 95.0930387, 28.4352415 ], [ 95.1006609, 28.4362417 ], [ 95.0976479, 28.4388908 ], [ 95.0994743, 28.442095 ], [ 95.0963514, 28.444777 ], [ 95.0977428, 28.4462436 ], [ 95.0975148, 28.4505429 ], [ 95.0987076, 28.4517446 ], [ 95.1027924, 28.4503348 ], [ 95.1059053, 28.4524429 ], [ 95.1057487, 28.462274 ], [ 95.1081346, 28.4641738 ], [ 95.1069752, 28.4663734 ], [ 95.1040582, 28.466398 ], [ 95.1018335, 28.4707333 ], [ 95.1025722, 28.4719242 ], [ 95.0996379, 28.4733869 ], [ 95.0980233, 28.4771485 ], [ 95.1009269, 28.4820235 ], [ 95.1053718, 28.4823133 ], [ 95.1071969, 28.4856796 ], [ 95.1071476, 28.490401 ], [ 95.1106715, 28.4940026 ], [ 95.1101178, 28.4977303 ] ] } },
{ "type": "Feature", "properties": { "highway": "primary" }, "geometry": { "type": "LineString", "coordinates": [ [ 95.0496083, 28.4330333 ], [ 95.05238, 28.4401317 ], [ 95.05671, 28.4372567 ], [ 95.061215, 28.4385433 ], [ 95.068305, 28.4364217 ], [ 95.0788533, 28.440005 ], [ 95.0768717, 28.4419517 ], [ 95.076985, 28.4452167 ], [ 95.0735267, 28.447295 ], [ 95.07171, 28.4522433 ], [ 95.074495, 28.4506117 ], [ 95.0736333, 28.4534017 ], [ 95.0799067, 28.44973 ], [ 95.0933167, 28.457605 ], [ 95.0947667, 28.4629633 ], [ 95.09362, 28.4653283 ], [ 95.0893117, 28.4659783 ], [ 95.0903, 28.4680333 ], [ 95.086125, 28.47147 ], [ 95.08826, 28.4769017 ], [ 95.087115, 28.4876667 ], [ 95.0894733, 28.4902533 ], [ 95.0874017, 28.49055 ] ] } },
{ "type": "Feature", "properties": { "highway": "primary" }, "geometry": { "type": "LineString", "coordinates": [ [ 95.0874017, 28.49055 ], [ 95.0820267, 28.49148 ], [ 95.0791033, 28.4936767 ], [ 95.0714317, 28.4911717 ], [ 95.07871, 28.4966267 ], [ 95.0857067, 28.4951533 ], [ 95.0885983, 28.49675 ], [ 95.080725, 28.4995717 ], [ 95.0755667, 28.5033983 ], [ 95.0741333, 28.5088367 ], [ 95.070375, 28.5093583 ], [ 95.069235, 28.51159 ], [ 95.0682567, 28.5103483 ], [ 95.0675867, 28.51687 ], [ 95.06502, 28.5174283 ], [ 95.0669917, 28.5182033 ], [ 95.065715, 28.5209733 ], [ 95.0669083, 28.5256783 ], [ 95.06278, 28.5289817 ], [ 95.0554667, 28.5326867 ], [ 95.0482917, 28.5265167 ], [ 95.0490867, 28.532475 ], [ 95.0545267, 28.5364083 ], [ 95.05963, 28.5360783 ], [ 95.0622033, 28.5341483 ], [ 95.0599117, 28.5365083 ], [ 95.056665, 28.5369567 ] ] } },
{ "type": "Feature", "properties": { "highway": "primary" }, "geometry": { "type": "LineString", "coordinates": [ [ 95.056665, 28.5369567 ], [ 95.054135, 28.5371883 ], [ 95.0539883, 28.536295 ], [ 95.0524883, 28.5354567 ], [ 95.054245, 28.5376633 ], [ 95.0560433, 28.53804 ], [ 95.0610117, 28.53719 ], [ 95.0601767, 28.5404217 ], [ 95.0691183, 28.5373267 ], [ 95.06404, 28.5464167 ], [ 95.0617817, 28.5470667 ], [ 95.0618417, 28.5436817 ], [ 95.0600033, 28.545345 ] ] } },
{ "type": "Feature", "properties": { "highway": "primary" }, "geometry": { "type": "LineString", "coordinates": [ [ 95.06414, 28.54576 ], [ 95.0654402, 28.5458707 ], [ 95.0655904, 28.5483117 ], [ 95.0638497, 28.5511653 ], [ 95.0604272, 28.5503454 ], [ 95.0598076, 28.5514928 ], [ 95.0582412, 28.5489742 ], [ 95.057285, 28.5511533 ], [ 95.0548433, 28.5505817 ], [ 95.0571883, 28.5553317 ], [ 95.0618601, 28.5570798 ], [ 95.0614917, 28.5588033 ], [ 95.059125, 28.5585867 ], [ 95.0602617, 28.5638083 ], [ 95.0546417, 28.5627614 ], [ 95.0541533, 28.5646133 ], [ 95.0599067, 28.5669233 ], [ 95.0604717, 28.5706217 ], [ 95.0591129, 28.5715245 ], [ 95.0599117, 28.5737083 ], [ 95.0566817, 28.5769583 ], [ 95.05283, 28.578535 ], [ 95.0512383, 28.5771 ] ] } },
{ "type": "Feature", "properties": { "highway": "secondary" }, "geometry": { "type": "LineString", "coordinates": [ [ 95.1101178, 28.4977303 ], [ 95.1061733, 28.5027945 ], [ 95.1054111, 28.5050058 ], [ 95.1066684, 28.5063082 ], [ 95.102783, 28.5080269 ], [ 95.1029793, 28.510463 ], [ 95.1009574, 28.5096527 ], [ 95.0973561, 28.5141073 ], [ 95.0939837, 28.5143338 ], [ 95.0860807, 28.519557 ], [ 95.0868024, 28.5234232 ], [ 95.0827135, 28.5315013 ], [ 95.0818328, 28.5447506 ], [ 95.0838909, 28.5460822 ], [ 95.0883988, 28.5455927 ], [ 95.081233, 28.5484441 ], [ 95.0808245, 28.553746 ], [ 95.084384, 28.559156 ], [ 95.0815055, 28.5590884 ], [ 95.0805612, 28.5652496 ], [ 95.0774826, 28.5670438 ], [ 95.0754559, 28.5706585 ], [ 95.0710134, 28.589873 ], [ 95.0669782, 28.5935125 ], [ 95.0562796, 28.596516 ], [ 95.0569037, 28.5993451 ], [ 95.0550295, 28.5978438 ], [ 95.0504409, 28.5984254 ], [ 95.0468742, 28.6008309 ], [ 95.0473143, 28.6040944 ], [ 95.0448139, 28.6007602 ], [ 95.042411, 28.6023006 ], [ 95.0370878, 28.6085966 ], [ 95.0348702, 28.6159885 ], [ 95.031788, 28.620074 ], [ 95.0353869, 28.6234534 ], [ 95.0300844, 28.6224225 ], [ 95.0262237, 28.6279016 ], [ 95.0271645, 28.6294462 ], [ 95.0255452, 28.6293925 ], [ 95.0232079, 28.6324642 ], [ 95.0240039, 28.6353194 ], [ 95.0279366, 28.6366283 ], [ 95.028664, 28.6393117 ] ] } },
{ "type": "Feature", "properties": { "highway": "secondary" }, "geometry": { "type": "LineString", "coordinates": [ [ 95.0699858, 28.5771886 ], [ 95.0722925, 28.5771132 ] ] } },
{ "type": "Feature", "properties": { "highway": "secondary" }, "geometry": { "type": "LineString", "coordinates": [ [ 95.0631255, 28.5764002 ], [ 95.0592741, 28.577625 ], [ 95.0568335, 28.5808375 ], [ 95.0555944, 28.5801969 ], [ 95.0572517, 28.5761817 ] ] } },
{ "type": "Feature", "properties": { "highway": "secondary" }, "geometry": { "type": "LineString", "coordinates": [ [ 95.0684891, 28.5795252 ], [ 95.0699858, 28.5771886 ] ] } },
{ "type": "Feature", "properties": { "highway": "secondary" }, "geometry": { "type": "LineString", "coordinates": [ [ 95.0631255, 28.5764002 ], [ 95.0633079, 28.5790287 ], [ 95.0656734, 28.5791983 ], [ 95.0662795, 28.5813698 ], [ 95.0674971, 28.5783928 ], [ 95.0684891, 28.5795252 ] ] } },
{ "type": "Feature", "properties": { "highway": "secondary" }, "geometry": { "type": "LineString", "coordinates": [ [ 95.07233, 28.58254 ], [ 95.0722925, 28.5771132 ] ] } },
{ "type": "Feature", "properties": { "highway": "secondary" }, "geometry": { "type": "LineString", "coordinates": [ [ 95.068785, 28.5946965 ], [ 95.0659853, 28.5950192 ], [ 95.0693225, 28.5930904 ], [ 95.0683671, 28.5924884 ] ] } },
{ "type": "Feature", "properties": { "highway": "secondary" }, "geometry": { "type": "LineString", "coordinates": [ [ 95.0631205, 28.6020279 ], [ 95.0619458, 28.6009214 ], [ 95.0635389, 28.5996688 ], [ 95.068549, 28.5983269 ], [ 95.0699544, 28.5957041 ], [ 95.068313, 28.596029 ], [ 95.0700992, 28.5950684 ], [ 95.068785, 28.5946965 ] ] } },
{ "type": "Feature", "properties": { "highway": "secondary" }, "geometry": { "type": "LineString", "coordinates": [ [ 95.0672561, 28.6010436 ], [ 95.0729746, 28.5988347 ], [ 95.0721163, 28.6002853 ] ] } },
{ "type": "Feature", "properties": { "highway": "secondary" }, "geometry": { "type": "LineString", "coordinates": [ [ 95.072583, 28.6005819 ], [ 95.0721163, 28.6002853 ] ] } },
{ "type": "Feature", "properties": { "highway": "secondary" }, "geometry": { "type": "LineString", "coordinates": [ [ 95.0631205, 28.6020279 ], [ 95.065572, 28.6001816 ], [ 95.0680395, 28.6009258 ] ] } },
{ "type": "Feature", "properties": { "highway": "trunk" }, "geometry": { "type": "LineString", "coordinates": [ [ 94.7985753, 28.0987585 ], [ 94.7939672, 28.0890685 ], [ 94.7910951, 28.0872437 ], [ 94.7809521, 28.0853181 ], [ 94.7774246, 28.0873282 ], [ 94.7778491, 28.0851573 ], [ 94.7755833, 28.0826035 ], [ 94.7690575, 28.0834184 ], [ 94.7700433, 28.0812445 ], [ 94.7676696, 28.0786643 ], [ 94.7652772, 28.0787661 ], [ 94.7647749, 28.0808341 ], [ 94.7635955, 28.0794095 ], [ 94.7613206, 28.0797622 ], [ 94.7602916, 28.0769803 ], [ 94.7557386, 28.0784568 ], [ 94.7588371, 28.0749501 ], [ 94.7521999, 28.0712237 ], [ 94.7516625, 28.0668938 ], [ 94.7479632, 28.063936 ], [ 94.7488616, 28.0598955 ], [ 94.7440494, 28.0591626 ], [ 94.7432581, 28.0565341 ], [ 94.7398778, 28.0561112 ] ] } },
{ "type": "Feature", "properties": { "highway": "trunk" }, "geometry": { "type": "LineString", "coordinates": [ [ 94.7936113, 28.1677892 ], [ 94.7923116, 28.1647591 ], [ 94.7942857, 28.1613989 ], [ 94.7899701, 28.1591028 ], [ 94.7894792, 28.1520154 ], [ 94.7850509, 28.1491089 ], [ 94.7878833, 28.1440643 ], [ 94.7856316, 28.1372858 ], [ 94.7875601, 28.1349584 ], [ 94.7855404, 28.1337639 ], [ 94.7893116, 28.1325316 ], [ 94.789262, 28.1281474 ], [ 94.7825725, 28.1278529 ], [ 94.7829675, 28.1258387 ], [ 94.7879041, 28.1255075 ], [ 94.786457, 28.1223844 ], [ 94.7862592, 28.1241497 ], [ 94.784896, 28.1210437 ], [ 94.7848189, 28.1229871 ], [ 94.7795061, 28.1177946 ], [ 94.7812817, 28.1177591 ], [ 94.7823519, 28.1152491 ], [ 94.7879644, 28.1167135 ], [ 94.7941577, 28.1126775 ], [ 94.7963651, 28.1128668 ], [ 94.7955015, 28.1140946 ], [ 94.7976016, 28.1156087 ], [ 94.8023062, 28.115294 ], [ 94.8035762, 28.1074254 ], [ 94.7985753, 28.0987585 ] ] } },
{ "type": "Feature", "properties": { "highway": "trunk" }, "geometry": { "type": "LineString", "coordinates": [ [ 94.7942932, 28.1678458 ], [ 94.7936113, 28.1677892 ] ] } },
{ "type": "Feature", "properties": { "highway": "trunk" }, "geometry": { "type": "LineString", "coordinates": [ [ 94.7984177, 28.1697664 ], [ 94.7942932, 28.1678458 ] ] } },
{ "type": "Feature", "properties": { "highway": "primary" }, "geometry": { "type": "LineString", "coordinates": [ [ 94.7936113, 28.1677892 ], [ 94.7932483, 28.171605 ], [ 94.774165, 28.1782983 ], [ 94.768995, 28.1864217 ], [ 94.7664583, 28.1874783 ] ] } },
{ "type": "Feature", "properties": { "highway": "primary" }, "geometry": { "type": "LineString", "coordinates": [ [ 94.7664583, 28.1874783 ], [ 94.7659267, 28.187665 ] ] } },
{ "type": "Feature", "properties": { "highway": "trunk" }, "geometry": { "type": "LineString", "coordinates": [ [ 94.8913515, 28.2253079 ], [ 94.8818996, 28.2266986 ], [ 94.8751289, 28.2244412 ], [ 94.8725065, 28.2195767 ], [ 94.8590279, 28.217554 ], [ 94.8536269, 28.2205036 ], [ 94.8529523, 28.2237596 ], [ 94.8483812, 28.2269787 ], [ 94.8440717, 28.2269215 ], [ 94.8352206, 28.2149651 ], [ 94.8307545, 28.2134814 ], [ 94.8309355, 28.2086925 ], [ 94.8281786, 28.2048761 ], [ 94.8287247, 28.2018888 ], [ 94.825432, 28.2000156 ], [ 94.8225395, 28.1918117 ], [ 94.8117682, 28.1811016 ], [ 94.8002281, 28.1744138 ], [ 94.7977142, 28.1714371 ], [ 94.7984177, 28.1697664 ] ] } },
{ "type": "Feature", "properties": { "highway": "secondary" }, "geometry": { "type": "LineString", "coordinates": [ [ 95.072583, 28.6005819 ], [ 95.0695199, 28.6024613 ], [ 95.0697077, 28.6039921 ], [ 95.0702817, 28.6028098 ], [ 95.0736076, 28.6019997 ], [ 95.0718695, 28.6034787 ] ] } },
{ "type": "Feature", "properties": { "highway": "secondary" }, "geometry": { "type": "LineString", "coordinates": [ [ 95.0718212, 28.6041286 ], [ 95.0744571, 28.6022202 ], [ 95.0773418, 28.6021133 ], [ 95.0789088, 28.6024793 ], [ 95.0761849, 28.6027081 ], [ 95.0751951, 28.6045857 ] ] } },
{ "type": "Feature", "properties": { "highway": "secondary" }, "geometry": { "type": "LineString", "coordinates": [ [ 95.072583, 28.6005819 ], [ 95.0685706, 28.6033325 ], [ 95.0719447, 28.6088761 ], [ 95.0657276, 28.6068838 ], [ 95.0632569, 28.6091822 ] ] } },
{ "type": "Feature", "properties": { "highway": "trunk" }, "geometry": { "type": "LineString", "coordinates": [ [ 95.0549514, 28.6125931 ], [ 95.0586416, 28.6102826 ], [ 95.0623021, 28.6107522 ], [ 95.0633169, 28.6085841 ], [ 95.0629055, 28.6112743 ], [ 95.0583468, 28.6130062 ], [ 95.056547, 28.6195049 ], [ 95.0529904, 28.619924 ], [ 95.0526525, 28.620489 ], [ 95.0577969, 28.6196038 ], [ 95.0601399, 28.6150901 ], [ 95.0687551, 28.6117724 ], [ 95.0762573, 28.6111437 ], [ 95.0775715, 28.6125377 ], [ 95.0782957, 28.6107481 ], [ 95.0740954, 28.6067898 ], [ 95.0766482, 28.6030574 ], [ 95.0819818, 28.603692 ], [ 95.0867132, 28.6012854 ], [ 95.0896301, 28.6054017 ], [ 95.0857543, 28.6036002 ], [ 95.0858213, 28.6064166 ], [ 95.0933047, 28.6063813 ] ] } },
{ "type": "Feature", "properties": { "highway": "trunk" }, "geometry": { "type": "LineString", "coordinates": [ [ 95.0312724, 28.6415258 ], [ 95.0374317, 28.6372306 ], [ 95.0378936, 28.6315202 ], [ 95.0348253, 28.6295163 ], [ 95.0351816, 28.6264409 ], [ 95.0403614, 28.6220043 ], [ 95.0458447, 28.6224213 ], [ 95.0445118, 28.6191951 ], [ 95.0529842, 28.6171446 ], [ 95.0549514, 28.6125931 ] ] } },
{ "type": "Feature", "properties": { "highway": "trunk" }, "geometry": { "type": "LineString", "coordinates": [ [ 95.0310782, 28.6417026 ], [ 95.0312724, 28.6415258 ] ] } },
{ "type": "Feature", "properties": { "highway": "trunk" }, "geometry": { "type": "LineString", "coordinates": [ [ 95.0292731, 28.6422281 ], [ 95.0310782, 28.6417026 ] ] } },
{ "type": "Feature", "properties": { "highway": "secondary" }, "geometry": { "type": "LineString", "coordinates": [ [ 95.0263639, 28.6405366 ], [ 95.0253236, 28.6399524 ], [ 95.0236476, 28.6431259 ] ] } },
{ "type": "Feature", "properties": { "highway": "secondary" }, "geometry": { "type": "LineString", "coordinates": [ [ 95.0106771, 28.6632709 ], [ 95.0016796, 28.6550103 ], [ 95.0002047, 28.6498648 ] ] } },
{ "type": "Feature", "properties": { "highway": "secondary" }, "geometry": { "type": "LineString", "coordinates": [ [ 95.0164819, 28.6531649 ], [ 95.0124001, 28.6561489 ], [ 95.0145512, 28.6601308 ] ] } },
{ "type": "Feature", "properties": { "highway": "secondary" }, "geometry": { "type": "LineString", "coordinates": [ [ 95.0231381, 28.6438004 ], [ 95.0214709, 28.6485888 ], [ 95.0150174, 28.6553347 ], [ 95.0150818, 28.6580504 ], [ 95.0189348, 28.6578519 ], [ 95.015409, 28.6610674 ], [ 95.0189763, 28.6649787 ], [ 95.0183594, 28.6695771 ], [ 95.0211516, 28.6741996 ], [ 95.0198668, 28.6764724 ] ] } },
{ "type": "Feature", "properties": { "highway": "secondary" }, "geometry": { "type": "LineString", "coordinates": [ [ 95.0145512, 28.6601308 ], [ 95.0137222, 28.6622756 ] ] } },
{ "type": "Feature", "properties": { "highway": "secondary" }, "geometry": { "type": "LineString", "coordinates": [ [ 95.0137222, 28.6622756 ], [ 95.0106771, 28.6632709 ] ] } },
{ "type": "Feature", "properties": { "highway": "secondary" }, "geometry": { "type": "LineString", "coordinates": [ [ 94.9899154, 28.664057 ], [ 94.9897864, 28.6648138 ] ] } },
{ "type": "Feature", "properties": { "highway": "secondary" }, "geometry": { "type": "LineString", "coordinates": [ [ 95.0198668, 28.6764724 ], [ 95.0187993, 28.6804166 ], [ 95.0156732, 28.6826451 ], [ 95.0146955, 28.6805201 ] ] } },
{ "type": "Feature", "properties": { "highway": "trunk" }, "geometry": { "type": "LineString", "coordinates": [ [ 96.366402076183448, 29.207605297907104 ], [ 96.356174, 29.2139485 ], [ 96.3453145, 29.2235367 ], [ 96.3429952, 29.2237147 ], [ 96.3405262, 29.228217 ], [ 96.3353419, 29.2318652 ] ] } }
]
}
