{
"type": "FeatureCollection",
"name": "districts",
"crs": { "type": "name", "properties": { "name": "urn:ogc:def:crs:OGC:1.3:CRS84" } },
"features": [
{ "type": "Feature", "properties": { "district": "Anjaw" }, "geometry": { "type": "Polygon", "coordinates": [ [ [ 97.037361144000045, 27.752161026000181 ], [ 97.015747071000192, 27.740631103000169 ], [ 97.003227234000178, 27.710470200000145 ], [ 96.984848023000097, 27.690990447000161 ], [ 96.978302002000191, 27.671873094000148 ], [ 96.948768615000063, 27.671428681000066 ], [ 96.928962706999982, 27.656032562000064 ], [ 96.927009583000029, 27.641901017000123 ], [ 96.919448853000119, 27.631450653000172 ], [ 96.90058136000016, 27.624269486000117 ], [ 96.86515808200005, 27.639209748000098 ], [ 96.852668762000121, 27.632272721000163 ], [ 96.829689025000107, 27.640911103000121 ], [ 96.806129456000065, 27.640619277000098 ], [ 96.786376953000058, 27.650512696000078 ], [ 96.772102356000175, 27.624210358000028 ], [ 96.760200501000156, 27.629310607000036 ], [ 96.730583191000107, 27.655187607000073 ], [ 96.709159852000028, 27.658479691000139 ], [ 96.703559875000053, 27.66823005599997 ], [ 96.690986633000136, 27.66283226000013 ], [ 96.683738708000078, 27.668500901000129 ], [ 96.652404785000158, 27.67336845400007 ], [ 96.63291931200007, 27.684226990000184 ], [ 96.619926453000176, 27.708892823000099 ], [ 96.624290465000115, 27.719820023000068 ], [ 96.643508911000083, 27.737461090000124 ], [ 96.617004394000105, 27.765619279000191 ], [ 96.61630249100017, 27.773456574000193 ], [ 96.638313293000067, 27.803224564000118 ], [ 96.638092042000153, 27.814634324 ], [ 96.633918762000178, 27.826978684000153 ], [ 96.622810363000042, 27.835393906000093 ], [ 96.623870850000117, 27.847703933000162 ], [ 96.617561340000179, 27.857166291000055 ], [ 96.58962249800004, 27.852861405000056 ], [ 96.532447814000193, 27.900259018000156 ], [ 96.434600829000146, 27.913578033000078 ], [ 96.420097352000141, 27.922847747000162 ], [ 96.400131226000155, 27.957000732000097 ], [ 96.395446777000075, 27.974557877000166 ], [ 96.374565125000174, 27.997417451000103 ], [ 96.291427612000177, 28.061355590000119 ], [ 96.276947021000126, 28.079914094000173 ], [ 96.276618958000086, 28.090808868000124 ], [ 96.305938720000199, 28.105375290000097 ], [ 96.330856323000148, 28.130733491000058 ], [ 96.329544068000018, 28.147418975000051 ], [ 96.339164734000065, 28.171768189000147 ], [ 96.339111327000182, 28.184701920000123 ], [ 96.301506042000085, 28.236156463000043 ], [ 96.298606872, 28.267478944000061 ], [ 96.314933777000078, 28.298374176000152 ], [ 96.338050842000087, 28.327533723000101 ], [ 96.34074401800018, 28.33914947500017 ], [ 96.332176209000124, 28.353990555000109 ], [ 96.303169250000053, 28.377212525 ], [ 96.315322877000142, 28.388420103999977 ], [ 96.370941159000154, 28.394300459000078 ], [ 96.380012509000039, 28.364091869000106 ], [ 96.392150880000088, 28.362649918000102 ], [ 96.399406432000035, 28.344499590000055 ], [ 96.412712098000156, 28.346731189000081 ], [ 96.4228591910001, 28.350971221000066 ], [ 96.431999211000175, 28.391731259000153 ], [ 96.45826721100002, 28.419221879000077 ], [ 96.479988098000035, 28.424610139000038 ], [ 96.510261539000112, 28.418308259000185 ], [ 96.579589839000107, 28.463092801000187 ], [ 96.664566040000182, 28.465770721000069 ], [ 96.706199648000052, 28.437469482000097 ], [ 96.751052857000161, 28.421712878000051 ], [ 96.763160707000111, 28.404218672000127 ], [ 96.774375918000032, 28.374071121000156 ], [ 96.782577513000149, 28.37038993800013 ], [ 96.852218628, 28.36836052100017 ], [ 96.862487792000081, 28.378309250000086 ], [ 96.898666380000179, 28.385900500000048 ], [ 96.919960020000019, 28.363349910000125 ], [ 96.925903321000192, 28.345029830000044 ], [ 96.95276642000016, 28.339950560000091 ], [ 96.974060060000056, 28.323690413000065 ], [ 96.996498109000186, 28.316230771000107 ], [ 97.022689819000163, 28.326259611000182 ], [ 97.051818849000142, 28.358068468000113 ], [ 97.092567439000163, 28.369691850000095 ], [ 97.125938419000136, 28.356220249000046 ], [ 97.151992800000187, 28.33403015000016 ], [ 97.17391968000004, 28.299060821000182 ], [ 97.192596439000056, 28.294401170000015 ], [ 97.224243160000071, 28.29989052000019 ], [ 97.241241457000058, 28.275131229000181 ], [ 97.282066347000182, 28.276260376999971 ], [ 97.306327820000035, 28.263967512000136 ], [ 97.313041689000158, 28.251831053000046 ], [ 97.32737731900005, 28.25082016000016 ], [ 97.351356507000105, 28.234300612000027 ], [ 97.374656679000054, 28.225601198 ], [ 97.400566101000152, 28.200500490000081 ], [ 97.400421140000105, 28.193510061000154 ], [ 97.392227171000116, 28.191200261000176 ], [ 97.37201691000007, 28.200399400000094 ], [ 97.330802921000156, 28.162971500000026 ], [ 97.324699400999975, 28.148229600000093 ], [ 97.340026858000158, 28.124549868000145 ], [ 97.339012148000052, 28.119541169000058 ], [ 97.310211180000181, 28.093250273000024 ], [ 97.307746889000157, 28.077100753000025 ], [ 97.311790470000119, 28.069950103000053 ], [ 97.331672670000103, 28.065362930000049 ], [ 97.373519898000097, 28.070238110000162 ], [ 97.367973328000176, 28.052429199000073 ], [ 97.377067569000076, 28.039091111000118 ], [ 97.3985672, 28.034111021000172 ], [ 97.415161130000058, 28.024080278000042 ], [ 97.411628721999989, 28.015140532000032 ], [ 97.39121246100018, 28.011930468000173 ], [ 97.378067019000184, 27.986150741000131 ], [ 97.375617980000129, 27.944389342000079 ], [ 97.387687681000045, 27.926599501000112 ], [ 97.378562929000168, 27.918010711000193 ], [ 97.389022829000169, 27.896379472000149 ], [ 97.364799500000117, 27.885129929000072 ], [ 97.343521120000048, 27.894060133000039 ], [ 97.321166991000098, 27.889511110000115 ], [ 97.32393646100013, 27.911859512000035 ], [ 97.308708191000107, 27.929960250000079 ], [ 97.280746461000035, 27.919549940000081 ], [ 97.247200012000064, 27.903909682000062 ], [ 97.186981200000048, 27.845899581000083 ], [ 97.167808532000151, 27.836259840000025 ], [ 97.168678281000098, 27.830860141000073 ], [ 97.160346983000125, 27.822591782000131 ], [ 97.137351989000194, 27.815061571000115 ], [ 97.124282839000102, 27.798500059999981 ], [ 97.102462769, 27.793420790000027 ], [ 97.09839630099998, 27.788570403000051 ], [ 97.104766847000064, 27.775188447000062 ], [ 97.096420289000093, 27.749929431000169 ], [ 97.067543030000081, 27.759721758000126 ], [ 97.048080439999978, 27.749338151000075 ], [ 97.037361144000045, 27.752161026000181 ] ] ] } },
{ "type": "Feature", "properties": { "district": "Changlang" }, "geometry": { "type": "Polygon", "coordinates": [ [ [ 96.672798156000056, 27.655080795000117 ], [ 96.703559875000053, 27.66823005599997 ], [ 96.709159852000028, 27.658479691000139 ], [ 96.730583191000107, 27.655187607000073 ], [ 96.760200501000156, 27.629310607000036 ], [ 96.772102356000175, 27.624210358000028 ], [ 96.786376953000058, 27.650512696000078 ], [ 96.806129456000065, 27.640619277000098 ], [ 96.829689025000107, 27.640911103000121 ], [ 96.852668762000121, 27.632272721000163 ], [ 96.86515808200005, 27.639209748000098 ], [ 96.90058136000016, 27.624269486000117 ], [ 96.899223328000062, 27.593629837000094 ], [ 96.914031981999983, 27.588430404000064 ], [ 96.915809631000116, 27.558282851000058 ], [ 96.937683106000065, 27.530059814000026 ], [ 96.933502197000109, 27.515710830999978 ], [ 96.913856506000059, 27.488412857000185 ], [ 96.911849975000052, 27.462709428000039 ], [ 96.93334198000008, 27.45051193300003 ], [ 96.941390992000095, 27.42695045500011 ], [ 96.96552276500006, 27.415359497000111 ], [ 96.968933105000133, 27.401821137000127 ], [ 96.975540162000129, 27.396001817000183 ], [ 96.969009399000072, 27.386270523000064 ], [ 96.971740722000163, 27.378950120000184 ], [ 96.981979371000079, 27.373710632000098 ], [ 96.985046387000182, 27.362609864000035 ], [ 96.997467042000153, 27.355100633000177 ], [ 97.003341675000115, 27.329940796000017 ], [ 97.040328980000083, 27.307859421000103 ], [ 97.043586731000062, 27.289751053000145 ], [ 97.056671143000187, 27.285640718000138 ], [ 97.063316345000032, 27.272249223000131 ], [ 97.0940780640002, 27.247890472000051 ], [ 97.095146179000039, 27.22142982400004 ], [ 97.100502015000131, 27.214979172000085 ], [ 97.116699219000054, 27.209220887000185 ], [ 97.127296448000152, 27.18517112700016 ], [ 97.140312195000149, 27.177469254000187 ], [ 97.149917603000176, 27.178340912000181 ], [ 97.155998230000137, 27.162179948000073 ], [ 97.167205811000088, 27.155479431000174 ], [ 97.171737671000074, 27.136810304000107 ], [ 97.155906677000075, 27.126380920000145 ], [ 97.146430970000097, 27.102840424000135 ], [ 97.130989074000126, 27.103740692000031 ], [ 97.108558655000081, 27.121259690000045 ], [ 97.079101562000062, 27.109979629000122 ], [ 97.062683105000019, 27.111160279000103 ], [ 97.030220032000159, 27.141740800000036 ], [ 96.999000549000129, 27.153949737000062 ], [ 96.984657287000175, 27.166709900000058 ], [ 96.963729859000182, 27.172590256000092 ], [ 96.91841125500008, 27.175489426000127 ], [ 96.86622619700006, 27.199689865000096 ], [ 96.863372803, 27.219240189000175 ], [ 96.890007019000166, 27.23686981200018 ], [ 96.892692565000175, 27.247631074000083 ], [ 96.887039185000106, 27.254730225000117 ], [ 96.88877868600008, 27.263599395000142 ], [ 96.861717223000198, 27.272510528000169 ], [ 96.855667115000188, 27.280309678000151 ], [ 96.84974670500003, 27.306280137000158 ], [ 96.824867249000135, 27.320470810000018 ], [ 96.802360534000172, 27.354431152000075 ], [ 96.772956849000082, 27.364959717000033 ], [ 96.740692139000032, 27.364459991000047 ], [ 96.712547303000122, 27.380729675999987 ], [ 96.699096680000196, 27.365560533000178 ], [ 96.670158387000072, 27.372301101000119 ], [ 96.646118163000153, 27.367830277000053 ], [ 96.620483399000079, 27.372819901000071 ], [ 96.598297120000154, 27.356451034000088 ], [ 96.600807190000182, 27.344631195000034 ], [ 96.561828613000159, 27.325252534000072 ], [ 96.522331238000163, 27.29397010800011 ], [ 96.505386353000119, 27.307600022000031 ], [ 96.486030578999987, 27.305231094000135 ], [ 96.470748901000036, 27.312461852000126 ], [ 96.433486939000147, 27.30994033900015 ], [ 96.41609191900011, 27.299892426000042 ], [ 96.391571045000035, 27.294580459000088 ], [ 96.364120484000068, 27.300161361000164 ], [ 96.361518859, 27.29405975300017 ], [ 96.347717285000101, 27.288391114000149 ], [ 96.310836792000089, 27.302040101000159 ], [ 96.290428161000193, 27.294071198000097 ], [ 96.278656006000062, 27.279382707000082 ], [ 96.234329224000078, 27.284879685000135 ], [ 96.218109132000052, 27.269580841000163 ], [ 96.196327209000174, 27.265190125000117 ], [ 96.182098389000089, 27.254249572000049 ], [ 96.163688659000059, 27.254480363000027 ], [ 96.114501954000048, 27.233310701000107 ], [ 96.099021912000183, 27.231409074000055 ], [ 96.086387634, 27.217050554000082 ], [ 96.068977356000119, 27.213190078000025 ], [ 96.057281493000062, 27.202791213000182 ], [ 96.036430359, 27.196050645000071 ], [ 96.016937255000073, 27.154790879000018 ], [ 95.979187011000192, 27.110729217000141 ], [ 95.957122802000072, 27.068220140000051 ], [ 95.877136231000179, 27.020498276000183 ], [ 95.857772827000133, 27.022359848000178 ], [ 95.83796691900011, 27.01531028800008 ], [ 95.807937622000111, 27.020450591000042 ], [ 95.804862975000049, 27.011999130000049 ], [ 95.779647828000122, 26.989990234000118 ], [ 95.760879516000102, 26.96398925800014 ], [ 95.76368713300019, 26.944980622000173 ], [ 95.752548218000186, 26.930231094000135 ], [ 95.758132935000162, 26.914899825000191 ], [ 95.754997253000056, 26.907888412000148 ], [ 95.721130371000129, 26.883630753000091 ], [ 95.703491209999981, 26.887189865000039 ], [ 95.687988281000059, 26.901893616000109 ], [ 95.69761657700019, 26.917177200000083 ], [ 95.69685363800005, 26.943836211000075 ], [ 95.685440063999977, 26.961372375000053 ], [ 95.684532166, 26.984487534000095 ], [ 95.646354675000168, 26.990139008000028 ], [ 95.634574890000124, 27.010562898000046 ], [ 95.63244628800004, 27.026357651000126 ], [ 95.653350830000022, 27.06276512200003 ], [ 95.652465821000078, 27.080266952000102 ], [ 95.642585753000105, 27.099584580000055 ], [ 95.648094177000075, 27.11094856200009 ], [ 95.667213440000069, 27.124618530000134 ], [ 95.675674439000147, 27.167764664000117 ], [ 95.671859740000059, 27.178226472000119 ], [ 95.643959045000031, 27.199131012000123 ], [ 95.64422607500012, 27.214820862000181 ], [ 95.637001037000061, 27.236909867 ], [ 95.684417724000127, 27.25741005000009 ], [ 95.721076966000055, 27.257600784000033 ], [ 95.739929200000063, 27.269889832000047 ], [ 95.78468322700013, 27.279130935000012 ], [ 95.806289672000048, 27.291740419000064 ], [ 95.810195922000105, 27.280920029000072 ], [ 95.860466003000056, 27.294210434000092 ], [ 95.860847472999978, 27.279792785999973 ], [ 95.872383119, 27.266910553000173 ], [ 95.898109437000187, 27.264310836000107 ], [ 95.90643310500019, 27.291879655000059 ], [ 95.963218688000097, 27.317068100000029 ], [ 95.962608337000177, 27.324331283000163 ], [ 95.967857360000039, 27.324569702000076 ], [ 95.968711853000116, 27.33183098000012 ], [ 95.98420715400016, 27.334341050000148 ], [ 95.970016479000094, 27.336980821000168 ], [ 95.993682861000195, 27.351440428999979 ], [ 95.99697113000019, 27.363479615000131 ], [ 96.01319885200013, 27.364030839000065 ], [ 96.020912171000191, 27.371259689999988 ], [ 96.002052307000042, 27.39349937500009 ], [ 96.001007081000068, 27.403472900000111 ], [ 95.989456177000022, 27.42172050500011 ], [ 95.979522704000146, 27.421850205000169 ], [ 95.977783203, 27.435499192000179 ], [ 95.973297119999984, 27.436750411000048 ], [ 95.968032836000191, 27.424119949000044 ], [ 95.967033387000185, 27.436660767000092 ], [ 95.961051941000164, 27.428710937000119 ], [ 95.952972413000111, 27.433280946000139 ], [ 95.949890136000079, 27.445020676000183 ], [ 95.916847230000087, 27.443159104000131 ], [ 95.911170959000174, 27.439960479000092 ], [ 95.900100708000195, 27.411331178000125 ], [ 95.893058778000182, 27.406040192000034 ], [ 95.888656616000105, 27.444070817000181 ], [ 95.882591247000164, 27.444080352000185 ], [ 95.864906311000084, 27.429012299000192 ], [ 95.867332459000124, 27.417150498000069 ], [ 95.849342347000174, 27.430320740000184 ], [ 95.852912904000107, 27.44475936900011 ], [ 95.863792419000106, 27.452030182000158 ], [ 95.861167908000141, 27.466299058 ], [ 95.87625885000017, 27.471109391000027 ], [ 95.881256104000101, 27.487421036000057 ], [ 95.879051209000181, 27.499191285000052 ], [ 95.889640808000195, 27.506168366000111 ], [ 95.878479003999985, 27.519830704000071 ], [ 95.88133239800004, 27.55323028700019 ], [ 96.001663207000036, 27.565820694000024 ], [ 96.004898071000127, 27.562931061000086 ], [ 96.056427003000067, 27.599220277000086 ], [ 96.064491271000122, 27.612651826000047 ], [ 96.128791809000177, 27.625999452000087 ], [ 96.13622284000013, 27.621580125000094 ], [ 96.135803223000153, 27.612859726000011 ], [ 96.173103333000142, 27.604499817000146 ], [ 96.219032288000051, 27.583948136000117 ], [ 96.228050232000101, 27.574951172000169 ], [ 96.292289733000189, 27.562400819000118 ], [ 96.331039429000043, 27.586240769000142 ], [ 96.339599610000164, 27.605340959000102 ], [ 96.351646424000194, 27.6131095880001 ], [ 96.355102539000086, 27.631509780000044 ], [ 96.375999450000108, 27.651929855000162 ], [ 96.387016297000116, 27.645839692000152 ], [ 96.397377015000075, 27.65570068400018 ], [ 96.443038940000122, 27.659561157000098 ], [ 96.455802917000085, 27.648309707000124 ], [ 96.483612061000088, 27.653272630000174 ], [ 96.511985778000053, 27.650449753000089 ], [ 96.522567749000132, 27.643980027 ], [ 96.534103394000056, 27.654050827000162 ], [ 96.553047179000089, 27.654180527000051 ], [ 96.569877625000174, 27.664262772000029 ], [ 96.585533142000088, 27.663539886000081 ], [ 96.59976959100004, 27.661539077000157 ], [ 96.617378234000114, 27.645671844000105 ], [ 96.644401550000111, 27.635589599000184 ], [ 96.661727905000077, 27.641479492000144 ], [ 96.672798156000056, 27.655080795000117 ] ] ] } },
{ "type": "Feature", "properties": { "district": "Dibang Valley" }, "geometry": { "type": "Polygon", "coordinates": [ [ [ 95.272377013000039, 29.05861282300009 ], [ 95.302749634000122, 29.062919617000091 ], [ 95.345489502000078, 29.046110152000097 ], [ 95.410133361000021, 29.034120560000133 ], [ 95.421546936000198, 29.041210175000117 ], [ 95.454338074000134, 29.036991120000152 ], [ 95.485893250000117, 29.076250077000111 ], [ 95.496330262000185, 29.140310289000183 ], [ 95.503532410000162, 29.14299011200012 ], [ 95.546806335000156, 29.128650665 ], [ 95.545318603000112, 29.180580139000028 ], [ 95.537719727000081, 29.214000702000135 ], [ 95.585800170000198, 29.217992783999989 ], [ 95.587631226000155, 29.242372514000124 ], [ 95.598731996000083, 29.261861802000112 ], [ 95.638023377000081, 29.249839784000187 ], [ 95.683151244000157, 29.277280807000011 ], [ 95.701896667000142, 29.300420761000055 ], [ 95.715171814000144, 29.298299789999987 ], [ 95.727050781000059, 29.302469255000119 ], [ 95.743499757000166, 29.316249848000155 ], [ 95.745407104000151, 29.329120635999971 ], [ 95.777626038000164, 29.356399537000129 ], [ 95.783096313000101, 29.35638046400004 ], [ 95.791023254000038, 29.337898254999971 ], [ 95.796485900000107, 29.336330414000031 ], [ 95.826812744000108, 29.355710983000165 ], [ 95.840301513000156, 29.353742600000089 ], [ 95.8482589730001, 29.358659745000068 ], [ 95.880851746000019, 29.391490936000025 ], [ 95.957107544000053, 29.38266754100016 ], [ 95.987190246000068, 29.406871794999972 ], [ 96.002487183000142, 29.412071228000059 ], [ 96.055603027000075, 29.458410262000086 ], [ 96.080535888000099, 29.463344574000132 ], [ 96.092819213000041, 29.456430435000129 ], [ 96.113197326000147, 29.427509309000129 ], [ 96.149986267000031, 29.399259568000161 ], [ 96.157775879000042, 29.383100511000123 ], [ 96.175247193000018, 29.364530563000187 ], [ 96.185783387000129, 29.344480514000054 ], [ 96.183082581000178, 29.309251785000129 ], [ 96.20323944, 29.293619155000044 ], [ 96.210052489000191, 29.27486038100011 ], [ 96.243568420000145, 29.235122682000167 ], [ 96.292999268000187, 29.235788345000117 ], [ 96.312606812000183, 29.259099960000071 ], [ 96.345336914000029, 29.267351152000117 ], [ 96.363151551000101, 29.285631181000099 ], [ 96.374977112000067, 29.283729554000047 ], [ 96.392807008000034, 29.256500244000051 ], [ 96.38771057200006, 29.233711243000187 ], [ 96.37136840800008, 29.218030931000044 ], [ 96.358497620000094, 29.181629180000073 ], [ 96.346359254000106, 29.171030046000055 ], [ 96.260200501000043, 29.160160064000081 ], [ 96.248901367000087, 29.150171281000041 ], [ 96.227760314000136, 29.146379470999989 ], [ 96.217498778000163, 29.138099670000145 ], [ 96.200332641000102, 29.10593032800017 ], [ 96.185623169000053, 29.094619750999982 ], [ 96.169502259000069, 29.087631225000166 ], [ 96.114501954000048, 29.077602388000173 ], [ 96.15039062600016, 29.053140641000084 ], [ 96.184852601000046, 28.988119125000082 ], [ 96.180442809000056, 28.968540192000034 ], [ 96.155166625000163, 28.955602646000045 ], [ 96.154060363000099, 28.946510315000126 ], [ 96.145248413000047, 28.937488557000052 ], [ 96.162979126000096, 28.922060012000088 ], [ 96.166526795000095, 28.905929566 ], [ 96.174728394, 28.904260635000071 ], [ 96.248298644000045, 28.942840576000151 ], [ 96.255653381000059, 28.959251404000156 ], [ 96.293701172000169, 28.998729707000109 ], [ 96.321533203000058, 29.012769700000149 ], [ 96.346702575000165, 29.032268524000187 ], [ 96.435791015, 29.03758812000018 ], [ 96.525199890000181, 29.07928085400016 ], [ 96.477401734000068, 28.994039535000184 ], [ 96.487525939000079, 28.965339660000097 ], [ 96.493247985000153, 28.962320328000033 ], [ 96.518829346000132, 28.970989227000075 ], [ 96.523666382000158, 28.948009490000061 ], [ 96.538726806000113, 28.920982361000029 ], [ 96.537452698000038, 28.884120941000106 ], [ 96.575859071000195, 28.830490113000167 ], [ 96.608383180000146, 28.798070907000067 ], [ 96.615997314000083, 28.778579711000134 ], [ 96.615516662000061, 28.764820099000133 ], [ 96.585937500000171, 28.721588135000161 ], [ 96.560012818000075, 28.71186256500016 ], [ 96.522369384000115, 28.708980560000157 ], [ 96.490570069000114, 28.688497544000029 ], [ 96.472740174000194, 28.68820953400018 ], [ 96.470542908000084, 28.684551240000189 ], [ 96.495162964000031, 28.643760681000117 ], [ 96.494056702000194, 28.638191223000092 ], [ 96.444442750000064, 28.605989455999975 ], [ 96.428070068000068, 28.587141038000084 ], [ 96.422500610000043, 28.585029602000191 ], [ 96.400917053000057, 28.594310761000145 ], [ 96.406700134000062, 28.571500778000086 ], [ 96.40660858200016, 28.564041138000164 ], [ 96.400772094000047, 28.562370300000111 ], [ 96.367973327000072, 28.563531876000127 ], [ 96.347358703000111, 28.57628631700004 ], [ 96.286201477000077, 28.597312927000189 ], [ 96.152397155000187, 28.654653549000102 ], [ 96.010955810000155, 28.650831222000136 ], [ 95.944061280000085, 28.641275407000023 ], [ 95.873336791000042, 28.610692979000078 ], [ 95.789237975000049, 28.606870652000055 ], [ 95.775856018000127, 28.593490600000052 ], [ 95.752922058000024, 28.593490600000052 ], [ 95.649703979000037, 28.62407493600017 ], [ 95.624855042000036, 28.652742387000046 ], [ 95.554138184000067, 28.708173752 ], [ 95.408866882000154, 28.744489671000167 ], [ 95.388946533000137, 28.743770600000119 ], [ 95.373596191000104, 28.767030717000068 ], [ 95.376716615000191, 28.78008079600005 ], [ 95.362075806, 28.789310456000067 ], [ 95.354736327000182, 28.825429916000076 ], [ 95.33783722000004, 28.836919785000134 ], [ 95.32966613800005, 28.836128235 ], [ 95.323432923000041, 28.845500947000119 ], [ 95.322341919000053, 28.852790833000029 ], [ 95.327102660000037, 28.855911255000137 ], [ 95.315353394000113, 28.888099670000031 ], [ 95.325119019000113, 28.896480561000089 ], [ 95.324371337000059, 28.908510209000099 ], [ 95.317390442000033, 28.911830902000133 ], [ 95.327156067000089, 28.920949937000159 ], [ 95.323196412000129, 28.931720734000066 ], [ 95.311546326000041, 28.936080934000017 ], [ 95.311859131000062, 28.941970825000055 ], [ 95.305046081000171, 28.947849273000031 ], [ 95.306060791000107, 28.956190109000033 ], [ 95.298721313000158, 28.958538056000066 ], [ 95.2718124390002, 28.947040558000026 ], [ 95.254913330000079, 28.952972413000111 ], [ 95.2607269290001, 28.965541839000025 ], [ 95.254386902000192, 28.971700668000096 ], [ 95.254432677000182, 28.982370378000041 ], [ 95.243888855000137, 28.989229202000161 ], [ 95.242431640000063, 29.002420425000139 ], [ 95.25461578300002, 29.008630753000091 ], [ 95.264251710000167, 29.0265598310001 ], [ 95.274848939000094, 29.030509949000077 ], [ 95.274368286000197, 29.045579910000072 ], [ 95.267562867000152, 29.049608231000036 ], [ 95.272377013000039, 29.05861282300009 ] ] ] } },
{ "type": "Feature", "properties": { "district": "East Kameng" }, "geometry": { "type": "Polygon", "coordinates": [ [ [ 93.229690552000193, 27.605850220000036 ], [ 93.284736634000126, 27.588760377000085 ], [ 93.281196595000097, 27.579730989000154 ], [ 93.29962158100011, 27.579931258000101 ], [ 93.311492920000092, 27.568548202000102 ], [ 93.321533203000115, 27.567100525000114 ], [ 93.330062865000116, 27.556119920000071 ], [ 93.328987122, 27.550479888000098 ], [ 93.318801880000194, 27.545740128000148 ], [ 93.316101074000187, 27.535411835000104 ], [ 93.29456329400017, 27.524642945000096 ], [ 93.304992675000051, 27.507471085000191 ], [ 93.312339781999981, 27.505502701000012 ], [ 93.326858520000144, 27.46439170900004 ], [ 93.324371338000049, 27.453317643 ], [ 93.315162659000066, 27.444910049000157 ], [ 93.330276490000131, 27.445480348 ], [ 93.33833313000008, 27.434770584000091 ], [ 93.36827850300017, 27.418252945000063 ], [ 93.373016358000086, 27.388710023000101 ], [ 93.368270873000085, 27.381290435000153 ], [ 93.372261047, 27.373159409000095 ], [ 93.307098389000032, 27.346168519000059 ], [ 93.300430299000027, 27.336139679000041 ], [ 93.2898330700001, 27.331100463000155 ], [ 93.295066833000192, 27.313911438000162 ], [ 93.294776916999979, 27.292329789000178 ], [ 93.258262633000186, 27.276388169000086 ], [ 93.225440980000144, 27.252410888000156 ], [ 93.233749389000195, 27.24074935900012 ], [ 93.224906922000173, 27.238740920000112 ], [ 93.221649170000092, 27.20537948700013 ], [ 93.229125978000184, 27.200429917000065 ], [ 93.273452760000168, 27.213020325000116 ], [ 93.300453185000151, 27.188850403000117 ], [ 93.300239563000048, 27.181619644000023 ], [ 93.310043335000159, 27.174261094000144 ], [ 93.270683288000157, 27.155719757000156 ], [ 93.245407105000197, 27.156009674000074 ], [ 93.229476929000043, 27.142509461000145 ], [ 93.216598511000086, 27.140661239000167 ], [ 93.211212158000194, 27.132829667000181 ], [ 93.213508606000119, 27.118490220000069 ], [ 93.230026244999976, 27.111511231000179 ], [ 93.242988587000127, 27.113330841000106 ], [ 93.27266693100006, 27.105440139000052 ], [ 93.296836853000059, 27.078329086000167 ], [ 93.313285827000016, 27.08133125400019 ], [ 93.343711852000126, 27.040300369000192 ], [ 93.340927124000132, 27.034378052000193 ], [ 93.345046997, 27.012920381000129 ], [ 93.340660094000043, 27.003229142000066 ], [ 93.361610413000051, 26.983972549000043 ], [ 93.386177062000058, 26.985731125000086 ], [ 93.381347656000173, 26.976810456000123 ], [ 93.387672425000062, 26.974502563000044 ], [ 93.39073181100008, 26.960029602000077 ], [ 93.347938538000108, 26.963241578000122 ], [ 93.266853333000086, 26.956001281000113 ], [ 93.108963012000117, 26.927280426000038 ], [ 93.091873169, 26.915540695000118 ], [ 93.068840027000078, 26.92420959400016 ], [ 93.019371034000187, 26.916830063000191 ], [ 92.91777038500004, 26.964241028000174 ], [ 92.916679382000098, 26.984651566000025 ], [ 92.872436524000136, 27.007699966000132 ], [ 92.769096374000071, 27.033041001000129 ], [ 92.713676452000072, 27.026090623000073 ], [ 92.658927918000074, 27.038520813000048 ], [ 92.650489807999975, 27.024778367000181 ], [ 92.639099122000061, 27.018539428999986 ], [ 92.597763062000126, 27.054189682000185 ], [ 92.590179442000021, 27.080230713 ], [ 92.600196839000148, 27.098270416000048 ], [ 92.594146728, 27.105791093000107 ], [ 92.601791381000055, 27.109300614000176 ], [ 92.607872009000118, 27.141420365000045 ], [ 92.617073060000166, 27.147310258000061 ], [ 92.649803161000136, 27.153110505000086 ], [ 92.697166443000128, 27.173820496000076 ], [ 92.716667175000168, 27.177150727000026 ], [ 92.749877930000139, 27.19656944400009 ], [ 92.768310547000169, 27.195430756000064 ], [ 92.781608582000047, 27.182310104000123 ], [ 92.81619262800001, 27.179210663000106 ], [ 92.832328797000116, 27.188779831000147 ], [ 92.89383697400018, 27.206020355000021 ], [ 92.9029464730001, 27.215190887000119 ], [ 92.895286559000112, 27.25000953600005 ], [ 92.899360658000148, 27.25423049900013 ], [ 92.894058227000073, 27.259901047000028 ], [ 92.89612579400017, 27.267721176 ], [ 92.885528565000072, 27.276929855000162 ], [ 92.889228821000188, 27.278671264000081 ], [ 92.888153075000162, 27.285840988000189 ], [ 92.874015808000081, 27.293811798000149 ], [ 92.847412109000061, 27.290729524000028 ], [ 92.844566345000146, 27.303989410000099 ], [ 92.809150696000188, 27.329010010000104 ], [ 92.808746339000038, 27.337949754000135 ], [ 92.799797057000148, 27.351480483000103 ], [ 92.806556702000137, 27.350851059000092 ], [ 92.806198120000147, 27.360187531000065 ], [ 92.814506531000063, 27.356010438 ], [ 92.814506531000063, 27.378419876 ], [ 92.823562621000121, 27.382110596000018 ], [ 92.821395874000132, 27.41044998100017 ], [ 92.818367005000084, 27.417499541999973 ], [ 92.804672241000105, 27.420200348000151 ], [ 92.812782288000108, 27.428060532000188 ], [ 92.808067322000113, 27.428928375000169 ], [ 92.801086425000051, 27.452079772000161 ], [ 92.804840088000049, 27.458200454000178 ], [ 92.803161620000083, 27.471040726000126 ], [ 92.810638428, 27.485250474000054 ], [ 92.813606262000064, 27.525150299000131 ], [ 92.809761047000165, 27.523349762000123 ], [ 92.789871215000119, 27.555000305000078 ], [ 92.783538818000068, 27.557279587000039 ], [ 92.771278381000059, 27.550210953000146 ], [ 92.718307496000079, 27.557140350000168 ], [ 92.678276063000169, 27.538351060000025 ], [ 92.665283204000104, 27.53671074000016 ], [ 92.657119751000096, 27.526239395000175 ], [ 92.646575927000072, 27.535930634000124 ], [ 92.642852783000023, 27.552959442000088 ], [ 92.646171571000195, 27.576890946000049 ], [ 92.675506591000158, 27.605510712000182 ], [ 92.708450317000143, 27.629261017000033 ], [ 92.716972351000038, 27.64776992700007 ], [ 92.720817566000107, 27.639970779000123 ], [ 92.748306274000129, 27.622648240000103 ], [ 92.766960144000052, 27.646911622000175 ], [ 92.790527343, 27.643220901000063 ], [ 92.80622100800008, 27.647321701000124 ], [ 92.812080383000023, 27.637550353000051 ], [ 92.827209472000106, 27.647150040000042 ], [ 92.857215881000116, 27.646921157000179 ], [ 92.888893127000131, 27.621290205999969 ], [ 92.895446777000018, 27.610652923000146 ], [ 92.913803100000166, 27.604480744000057 ], [ 92.928787232000047, 27.591670991000058 ], [ 92.935913086000085, 27.59263038600011 ], [ 92.939781189000087, 27.584470749000104 ], [ 92.96018981800006, 27.576509475000023 ], [ 92.971336365000127, 27.565120697000054 ], [ 92.984237670000084, 27.563400269 ], [ 93.010406494000108, 27.58367919900013 ], [ 93.017036437, 27.597158433000061 ], [ 93.028945923000094, 27.60383987400013 ], [ 93.044219971000132, 27.642980575000081 ], [ 93.055099488000167, 27.650430679000124 ], [ 93.07892608700007, 27.651220321000096 ], [ 93.083190917000195, 27.663049698000179 ], [ 93.101547242000095, 27.682859421000103 ], [ 93.113571168000021, 27.685859680000078 ], [ 93.138206481999987, 27.711410522000165 ], [ 93.140686035999977, 27.729009629000132 ], [ 93.14848327600015, 27.738679886999989 ], [ 93.207748413000047, 27.741889955000033 ], [ 93.203216553000061, 27.729209901 ], [ 93.223121644000059, 27.714668274000019 ], [ 93.210960389000036, 27.696540832000153 ], [ 93.206901551000158, 27.696750642000097 ], [ 93.206352233000189, 27.687219620000178 ], [ 93.194320679000157, 27.677429199000073 ], [ 93.212516785000048, 27.657871246000184 ], [ 93.227912903000117, 27.649509431000126 ], [ 93.227676392000149, 27.639410020000184 ], [ 93.238616943000068, 27.616260528000055 ], [ 93.229690552000193, 27.605850220000036 ] ] ] } },
{ "type": "Feature", "properties": { "district": "East Siang" }, "geometry": { "type": "Polygon", "coordinates": [ [ [ 95.560783385000036, 28.172018051000066 ], [ 95.571281432000092, 28.116380691000188 ], [ 95.562820435000162, 28.049011231000065 ], [ 95.54563140800019, 28.022380829000042 ], [ 95.534942627000135, 27.994529724000188 ], [ 95.505020142000149, 27.96866989200015 ], [ 95.500343323000152, 27.950550080000141 ], [ 95.516380309000112, 27.916467668000109 ], [ 95.520088196000074, 27.890800475000162 ], [ 95.5159530640002, 27.881788253000025 ], [ 95.384338379000042, 27.842021942000144 ], [ 95.316558838000162, 27.871129991000089 ], [ 95.05182647800018, 27.790229798000155 ], [ 95.0312194830002, 27.77477073600005 ], [ 94.997879028, 27.776550294000174 ], [ 94.883941650999986, 27.74205970800017 ], [ 94.860862732000101, 27.739479065000069 ], [ 94.858062744000108, 27.74568748500019 ], [ 94.865913391000106, 27.745630265000102 ], [ 94.860397338000155, 27.76094818100006 ], [ 94.868896484000118, 27.772541046000129 ], [ 94.86847686700014, 27.779020310000078 ], [ 94.885490417000085, 27.788160323000056 ], [ 94.889671325000165, 27.799890518000097 ], [ 94.896919250000053, 27.80475044300016 ], [ 94.899276733000193, 27.809209824000106 ], [ 94.891906739000035, 27.813430787000186 ], [ 94.902069091000101, 27.832519532000163 ], [ 94.910247804000107, 27.837221147000037 ], [ 94.906326295000099, 27.845859527000187 ], [ 94.93009948700012, 27.860469819000059 ], [ 94.910308837000116, 27.863330841000163 ], [ 94.906608581000171, 27.883739472000059 ], [ 94.925407409000059, 27.892850876000068 ], [ 94.92800140300011, 27.909259794999969 ], [ 94.941902160000154, 27.92663192700013 ], [ 94.947898866000173, 27.940820694000024 ], [ 94.947135925, 27.952552796000134 ], [ 94.954483032000155, 27.959011079000049 ], [ 94.956428528000174, 27.96866989200015 ], [ 94.957893372000058, 27.984178543000041 ], [ 94.947868347000053, 27.990240097000083 ], [ 94.922302246000072, 28.000600815000041 ], [ 94.896736146000194, 27.997961044000078 ], [ 94.881202698000152, 28.003578187000016 ], [ 94.887237548000144, 28.015350341999977 ], [ 94.902542115000188, 28.023351669000078 ], [ 94.906707763000043, 28.034870149000085 ], [ 94.93109130800002, 28.050951005000172 ], [ 94.90068817100007, 28.07967186000019 ], [ 94.916007996000133, 28.094360351000034 ], [ 94.928680420000035, 28.099710465000044 ], [ 94.94954681300004, 28.131969451000032 ], [ 94.931716920000099, 28.147809983000059 ], [ 94.913230896000186, 28.151939392000088 ], [ 94.908699036000201, 28.161869050000064 ], [ 94.913032532000102, 28.203821183000116 ], [ 94.88137054300006, 28.235349656000153 ], [ 94.93714141900017, 28.243360519000134 ], [ 94.936203003000116, 28.254070283000033 ], [ 94.920776367000201, 28.275409698000033 ], [ 94.922386170000095, 28.297090531000094 ], [ 94.913017274000083, 28.305442810000045 ], [ 94.89801788300008, 28.346540451000067 ], [ 94.889457702000129, 28.353620530000171 ], [ 94.88726043700018, 28.376840591000189 ], [ 94.875907897, 28.411849976000042 ], [ 94.810317994000116, 28.426179885000067 ], [ 94.806053161000136, 28.422391893 ], [ 94.763290405000077, 28.425741195000057 ], [ 94.745773315000179, 28.459880829000156 ], [ 94.751739501000031, 28.468931198000178 ], [ 94.741355895000083, 28.500322342000118 ], [ 94.746437073000038, 28.506290437000189 ], [ 94.747695922, 28.523309707000067 ], [ 94.7589416510001, 28.53999328600014 ], [ 94.820747375000167, 28.554967880000163 ], [ 94.83937835800009, 28.554967880000163 ], [ 94.85684204100005, 28.547981263000167 ], [ 94.877807616000098, 28.525854111000058 ], [ 94.889450074000081, 28.525854111000058 ], [ 94.926712036000083, 28.539829253000164 ], [ 94.943016052000132, 28.563119889000063 ], [ 94.952331543000014, 28.560789108000051 ], [ 94.997749329000044, 28.502565384000093 ], [ 95.014053345000093, 28.495578767000097 ], [ 95.052482604000147, 28.511880874000099 ], [ 95.08158874500009, 28.504892349000158 ], [ 95.09091186500018, 28.487426758000026 ], [ 95.102554320000081, 28.476947784000174 ], [ 95.103713990000131, 28.444341659000031 ], [ 95.101387023000029, 28.428039550000051 ], [ 95.073440551000033, 28.407077790000073 ], [ 95.072273254000152, 28.39776039100019 ], [ 95.110702515000071, 28.353511810000043 ], [ 95.120018006000123, 28.336040497000113 ], [ 95.120018006000123, 28.299943925000093 ], [ 95.108375550000176, 28.290626525999983 ], [ 95.107208251000145, 28.254528047000065 ], [ 95.111869812000066, 28.226581574000136 ], [ 95.133995056, 28.204456330000028 ], [ 95.160774231000175, 28.200962066999978 ], [ 95.195709228000169, 28.149723053000116 ], [ 95.225990295000145, 28.149723053000116 ], [ 95.238800049000076, 28.162534714000117 ], [ 95.281883241000173, 28.177671433000114 ], [ 95.298187255000016, 28.196304321000071 ], [ 95.297019958000192, 28.209114076000105 ], [ 95.30867004400011, 28.221923829000104 ], [ 95.336616516000106, 28.226581574000136 ], [ 95.337783813000158, 28.273160935000078 ], [ 95.344764710000163, 28.280147552000187 ], [ 95.377372741000158, 28.280147552000187 ], [ 95.411247253, 28.319570542000122 ], [ 95.43573761000016, 28.318040848000066 ], [ 95.446578979000037, 28.308059693000132 ], [ 95.450523376000149, 28.293279648000123 ], [ 95.461227417000032, 28.282390595000038 ], [ 95.46640777500005, 28.26288986100019 ], [ 95.486633300000051, 28.27590942400019 ], [ 95.512496948000091, 28.277759553000067 ], [ 95.536300660000165, 28.289920808000034 ], [ 95.542572022000172, 28.279052734 ], [ 95.549476623000089, 28.279169084000046 ], [ 95.552940368000066, 28.267999650000149 ], [ 95.564636231000122, 28.258750915000064 ], [ 95.560783385000036, 28.172018051000066 ] ] ] } },
{ "type": "Feature", "properties": { "district": "Kurung Kumey" }, "geometry": { "type": "Polygon", "coordinates": [ [ [ 93.271018981000168, 27.595371247000116 ], [ 93.229690552000193, 27.605850220000036 ], [ 93.238616943000068, 27.616260528000055 ], [ 93.227676392000149, 27.639410020000184 ], [ 93.227912903000117, 27.649509431000126 ], [ 93.212516785000048, 27.657871246000184 ], [ 93.194320679000157, 27.677429199000073 ], [ 93.206352233000189, 27.687219620000178 ], [ 93.206901551000158, 27.696750642000097 ], [ 93.210960389000036, 27.696540832000153 ], [ 93.223121644000059, 27.714668274000019 ], [ 93.202560425000115, 27.731109620000097 ], [ 93.229705810000041, 27.776201248000064 ], [ 93.236282348000088, 27.797901153999987 ], [ 93.221038819000114, 27.831970216000173 ], [ 93.190406799000129, 27.846740723000039 ], [ 93.185226441000168, 27.83327102700008 ], [ 93.173782349000078, 27.822370529000182 ], [ 93.158920288000047, 27.819562912000151 ], [ 93.129837035000037, 27.824211120000143 ], [ 93.124153137000121, 27.82011032000014 ], [ 93.108200074000081, 27.820461274000024 ], [ 93.094673157000045, 27.811700821000045 ], [ 93.071716309000067, 27.829921723000041 ], [ 93.011466981000183, 27.819910051000193 ], [ 93.003410339000027, 27.826200486000062 ], [ 92.981880187000115, 27.821161270000061 ], [ 92.965888978000123, 27.826990128000034 ], [ 92.95916748000019, 27.843402862 ], [ 92.94621276800018, 27.842351913000186 ], [ 92.9368667600001, 27.871490478000169 ], [ 92.930442809000169, 27.875850677000074 ], [ 92.929481507000048, 27.920450210000126 ], [ 92.878562928000065, 27.938949584000113 ], [ 92.857910156000116, 27.949600220000093 ], [ 92.858352661000026, 27.957019806000062 ], [ 92.820457458000135, 27.95957756100006 ], [ 92.786521912000183, 27.951139450000085 ], [ 92.756500244000051, 27.95763015700004 ], [ 92.736701966000112, 27.972959518000152 ], [ 92.733161927000197, 27.977930068000035 ], [ 92.739486694000107, 27.989410400999986 ], [ 92.709541321000188, 28.03327941900011 ], [ 92.681251525000164, 28.058578492000038 ], [ 92.66293334900007, 28.06277084400017 ], [ 92.661163331000182, 28.067701340000099 ], [ 92.680160523000154, 28.118009567000172 ], [ 92.686988831000065, 28.125799180000115 ], [ 92.736557006000169, 28.151550294 ], [ 92.783027649000132, 28.183740617000069 ], [ 92.799636840000119, 28.202230454000073 ], [ 92.81617736700008, 28.201620102000163 ], [ 92.82126617300014, 28.173919677000185 ], [ 92.826469422000173, 28.172035218000133 ], [ 92.895256043000074, 28.204610825000088 ], [ 92.905326843000068, 28.215240478000055 ], [ 92.912948609000068, 28.235019685000111 ], [ 92.964523316000111, 28.261810303000061 ], [ 92.985961912999983, 28.251310349000107 ], [ 92.98999023500005, 28.234422683999981 ], [ 93.000358581000114, 28.230791092000061 ], [ 93.033782959000064, 28.263130188000105 ], [ 93.023666382000158, 28.30319976800007 ], [ 93.046249391, 28.302471161000085 ], [ 93.072036744000172, 28.309259414000167 ], [ 93.095352172, 28.30707931500018 ], [ 93.124786376000031, 28.326799393000044 ], [ 93.154968263000171, 28.318481446000078 ], [ 93.193756103000169, 28.318040848000066 ], [ 93.224769591000097, 28.336219787000061 ], [ 93.227600099000142, 28.344980240000041 ], [ 93.243927001000145, 28.361431121000066 ], [ 93.25800323600015, 28.367630004000034 ], [ 93.281112671000074, 28.365409850000049 ], [ 93.292526246000193, 28.341009139 ], [ 93.335250855000197, 28.35402107200008 ], [ 93.342628479000098, 28.346130372000175 ], [ 93.358818055000086, 28.344350816000031 ], [ 93.359275819000118, 28.330530166000131 ], [ 93.376991272000168, 28.324209214000064 ], [ 93.377349853000055, 28.312259674000074 ], [ 93.382431029000031, 28.313539505 ], [ 93.384742737000181, 28.30706977900013 ], [ 93.407035827000129, 28.30756950500006 ], [ 93.412841797000169, 28.289230348000103 ], [ 93.430320740000184, 28.280828477000114 ], [ 93.443862915000068, 28.284049988000163 ], [ 93.451652528000182, 28.272779465000099 ], [ 93.467338563000169, 28.274641037000151 ], [ 93.478408814000147, 28.282320024000171 ], [ 93.54122924800015, 28.268821717000037 ], [ 93.555717469000115, 28.261491776000071 ], [ 93.563171386000192, 28.263069152000014 ], [ 93.570343017000198, 28.256950378 ], [ 93.591583252000191, 28.27218818700004 ], [ 93.609527588000049, 28.272979736000082 ], [ 93.629119874000196, 28.309190751000074 ], [ 93.65592193700013, 28.305549622000171 ], [ 93.679489136000086, 28.322711944000162 ], [ 93.72091674800015, 28.292320251999968 ], [ 93.745033265000075, 28.285659790000125 ], [ 93.764633179000157, 28.264070511 ], [ 93.838630676000093, 28.240480423 ], [ 93.845787049000023, 28.20912170400004 ], [ 93.892028808000077, 28.130239488000143 ], [ 93.879966736000199, 28.127201080000134 ], [ 93.875656129000163, 28.116661072000056 ], [ 93.880249024000136, 28.109289169000192 ], [ 93.853309632000105, 28.084869384000172 ], [ 93.874313354000151, 28.074739457000192 ], [ 93.873573304000047, 28.054960250000136 ], [ 93.887657166000054, 28.039510726000117 ], [ 93.910591126000099, 28.028865815000131 ], [ 93.869468689000144, 28.025289535000184 ], [ 93.842796326000155, 28.003467560000047 ], [ 93.820976257000154, 27.959823609000182 ], [ 93.820976257000154, 27.928302765000183 ], [ 93.811279297000169, 27.911331177000136 ], [ 93.774909973000092, 27.896781921000184 ], [ 93.687622070000089, 27.88950920200017 ], [ 93.656097413000055, 27.860412599000085 ], [ 93.634277343000122, 27.828893662000155 ], [ 93.607604981, 27.811920166000164 ], [ 93.573661805000143, 27.809495926000125 ], [ 93.544563294000113, 27.794946671000048 ], [ 93.525169373000153, 27.773124696000082 ], [ 93.517890929000089, 27.746454239000059 ], [ 93.481521607000047, 27.719781876000184 ], [ 93.454849243000126, 27.712509156000124 ], [ 93.42817688000008, 27.712509156000124 ], [ 93.411209107000104, 27.695535660000075 ], [ 93.399085999000135, 27.671289443999967 ], [ 93.391731262000121, 27.641866685000139 ], [ 93.329605103000063, 27.639152528000182 ], [ 93.284820557000103, 27.61608123700006 ], [ 93.271018981000168, 27.595371247000116 ] ] ] } },
{ "type": "Feature", "properties": { "district": "Lohit" }, "geometry": { "type": "Polygon", "coordinates": [ [ [ 96.330856323000148, 28.130733491000058 ], [ 96.305938720000199, 28.105375290000097 ], [ 96.276618958000086, 28.090808868000124 ], [ 96.276947021000126, 28.079914094000173 ], [ 96.291427612000177, 28.061355590000119 ], [ 96.374565125000174, 27.997417451000103 ], [ 96.395446777000075, 27.974557877000166 ], [ 96.400131226000155, 27.957000732000097 ], [ 96.420097352000141, 27.922847747000162 ], [ 96.434600829000146, 27.913578033000078 ], [ 96.532447814000193, 27.900259018000156 ], [ 96.58962249800004, 27.852861405000056 ], [ 96.617561340000179, 27.857166291000055 ], [ 96.623870850000117, 27.847703933000162 ], [ 96.622810363000042, 27.835393906000093 ], [ 96.633918762000178, 27.826978684000153 ], [ 96.638313293000067, 27.803224564000118 ], [ 96.61630249100017, 27.773456574000193 ], [ 96.617004394000105, 27.765619279000191 ], [ 96.643508911000083, 27.737461090000124 ], [ 96.624290465000115, 27.719820023000068 ], [ 96.619926453000176, 27.708892823000099 ], [ 96.622581482000044, 27.698261261000084 ], [ 96.63291931200007, 27.684226990000184 ], [ 96.652404785000158, 27.67336845400007 ], [ 96.683738708000078, 27.668500901000129 ], [ 96.690986633000136, 27.66283226000013 ], [ 96.672798156000056, 27.655080795000117 ], [ 96.661727905000077, 27.641479492000144 ], [ 96.644401550000111, 27.635589599000184 ], [ 96.628829956000118, 27.639240265000069 ], [ 96.59976959100004, 27.661539077000157 ], [ 96.569877625000174, 27.664262772000029 ], [ 96.553047179000089, 27.654180527000051 ], [ 96.534103394000056, 27.654050827000162 ], [ 96.522567749000132, 27.643980027 ], [ 96.511985778000053, 27.650449753000089 ], [ 96.483612061000088, 27.653272630000174 ], [ 96.455802917000085, 27.648309707000124 ], [ 96.443038940000122, 27.659561157000098 ], [ 96.397377015000075, 27.65570068400018 ], [ 96.387016297000116, 27.645839692000152 ], [ 96.375999450000108, 27.651929855000162 ], [ 96.355102539000086, 27.631509780000044 ], [ 96.351646424000194, 27.6131095880001 ], [ 96.339599610000164, 27.605340959000102 ], [ 96.331039429000043, 27.586240769000142 ], [ 96.292289733000189, 27.562400819000118 ], [ 96.228050232000101, 27.574951172000169 ], [ 96.219032288000051, 27.583948136000117 ], [ 96.173103333000142, 27.604499817000146 ], [ 96.135803223000153, 27.612859726000011 ], [ 96.13622284000013, 27.621580125000094 ], [ 96.128791809000177, 27.625999452000087 ], [ 96.112350464000031, 27.622081756000114 ], [ 96.102424621000068, 27.630493165000189 ], [ 96.046745300000055, 27.619071960000156 ], [ 95.97892761200012, 27.642271042000118 ], [ 95.963584900000058, 27.68403244100017 ], [ 95.95680236700008, 27.746492386000114 ], [ 95.947525025000061, 27.761482238000099 ], [ 95.9293212890002, 27.747920990000182 ], [ 95.899337769000056, 27.755058289000146 ], [ 95.890060425000172, 27.753273011000033 ], [ 95.878639222000118, 27.757913591000147 ], [ 95.876136780000195, 27.771120072000144 ], [ 95.871139526000093, 27.772905351000134 ], [ 95.806541443000185, 27.749347687000181 ], [ 95.794403077000197, 27.726861953000082 ], [ 95.784408569000107, 27.718652726000187 ], [ 95.770523071000184, 27.715999604000046 ], [ 95.758712768000066, 27.726680755000189 ], [ 95.758216859000186, 27.731109620000097 ], [ 95.787773132000098, 27.742050170000084 ], [ 95.780532837000067, 27.758220673000153 ], [ 95.800949097, 27.77686119100008 ], [ 95.823127746000182, 27.809249879000106 ], [ 95.843368529000088, 27.821470261000115 ], [ 95.852096558000085, 27.834110261000035 ], [ 95.876571655000191, 27.841770173000043 ], [ 95.892097473000149, 27.857040406000067 ], [ 95.895027160000154, 27.867221833000031 ], [ 95.907226562000062, 27.868640899000013 ], [ 95.906181335000156, 27.877229692000014 ], [ 95.914093018000074, 27.874650956000039 ], [ 95.921279908000031, 27.890470505 ], [ 95.927352905000077, 27.88726043700018 ], [ 95.925010680000128, 27.900941848000173 ], [ 95.938331604000098, 27.903270722000116 ], [ 95.939315795000084, 27.909820557000046 ], [ 95.955299377000074, 27.926820756000041 ], [ 95.957550050000066, 27.937080384000183 ], [ 95.952346801000033, 27.937179566 ], [ 95.952316284000062, 27.941841125000167 ], [ 95.993362428000012, 27.979990005000047 ], [ 95.989547729000151, 28.005672455000138 ], [ 95.995307922000052, 28.057510377000028 ], [ 95.981826781999985, 28.077182769000046 ], [ 96.003532409000115, 28.100578308000024 ], [ 96.011718750000057, 28.122711182000046 ], [ 96.02720642100013, 28.134990693000077 ], [ 96.034568786000079, 28.152030943999989 ], [ 96.031997681000064, 28.16512107900013 ], [ 96.048416138000107, 28.176519394000081 ], [ 96.053413392000039, 28.202169418000153 ], [ 96.084503174000076, 28.194360733000053 ], [ 96.106307983000022, 28.194709779000164 ], [ 96.119445801000097, 28.182991027000071 ], [ 96.143829346000132, 28.175117493000187 ], [ 96.145706177000079, 28.180419922000056 ], [ 96.170272828000122, 28.19227027900007 ], [ 96.217262267000081, 28.236110688000053 ], [ 96.231971741000166, 28.243909837000103 ], [ 96.269676208000078, 28.244239807000042 ], [ 96.23987579400017, 28.304611206000175 ], [ 96.256889344000115, 28.314220429000045 ], [ 96.268386840000176, 28.335371018000103 ], [ 96.292037964000087, 28.349662782000053 ], [ 96.303169250000053, 28.377212525 ], [ 96.332176209000124, 28.353990555000109 ], [ 96.34074401800018, 28.33914947500017 ], [ 96.338050842000087, 28.327533723000101 ], [ 96.314933777000078, 28.298374176000152 ], [ 96.298606872, 28.267478944000061 ], [ 96.301506042000085, 28.236156463000043 ], [ 96.339111327000182, 28.184701920000123 ], [ 96.339164734000065, 28.171768189000147 ], [ 96.329544068000018, 28.147418975000051 ], [ 96.330856323000148, 28.130733491000058 ] ] ] } },
{ "type": "Feature", "properties": { "district": "Longding" }, "geometry": { "type": "Polygon", "coordinates": [ [ [ 95.371269227000141, 27.111400605000085 ], [ 95.368301391000102, 27.107362747000138 ], [ 95.373657226000091, 27.107999801000119 ], [ 95.372673035000105, 27.101671220000071 ], [ 95.376976012000114, 27.102180481000175 ], [ 95.375129700000116, 27.089414598000076 ], [ 95.38797760000017, 27.083229065000126 ], [ 95.378936769000063, 27.076566696000157 ], [ 95.378936769000063, 27.070379258000173 ], [ 95.391304016000049, 27.058958053000083 ], [ 95.382743835000099, 27.045633316000078 ], [ 95.362754821000181, 27.038494110000045 ], [ 95.367988586000024, 27.020410537000089 ], [ 95.383689881000066, 27.019458770000142 ], [ 95.37750244200015, 27.013748170000156 ], [ 95.38511657600003, 27.011367798000038 ], [ 95.38226318400001, 27.00660896300019 ], [ 95.375129700000116, 27.008037567000088 ], [ 95.379882813000165, 27.001850127000068 ], [ 95.373222351000095, 26.987098694000167 ], [ 95.378456116000166, 26.971870422000109 ], [ 95.363708495000196, 26.94855117700007 ], [ 95.362754821000181, 26.930942535000099 ], [ 95.367988586000024, 26.928564073000132 ], [ 95.362754821000181, 26.918094635000045 ], [ 95.370368957000096, 26.890016557000138 ], [ 95.41367340100004, 26.865270615000099 ], [ 95.431282044000113, 26.848613739000143 ], [ 95.494102478000059, 26.867649079000046 ], [ 95.557868958000199, 26.897153854000123 ], [ 95.557395936000148, 26.871456147000117 ], [ 95.565620422000109, 26.833789825 ], [ 95.554756165000128, 26.839569093000023 ], [ 95.532775880000031, 26.831209183 ], [ 95.514801025, 26.81319999700014 ], [ 95.489143371000182, 26.761671067 ], [ 95.48348999100017, 26.754989624000075 ], [ 95.465660095000146, 26.750410080000051 ], [ 95.428855896000073, 26.700040817000115 ], [ 95.406433105000133, 26.696620942000038 ], [ 95.365867614000081, 26.677589416999979 ], [ 95.346649171000195, 26.677940369000112 ], [ 95.302581786000133, 26.656021119000116 ], [ 95.293136596000011, 26.661230088000082 ], [ 95.272026062, 26.662820816000078 ], [ 95.2620468140002, 26.673650743000053 ], [ 95.260032654000156, 26.686351776000151 ], [ 95.250785829000051, 26.692390441000043 ], [ 95.243957519000105, 26.693901062000066 ], [ 95.237632752000025, 26.686290740000061 ], [ 95.233695983000189, 26.697099687000104 ], [ 95.236106872999983, 26.712209702000052 ], [ 95.2161407480001, 26.735319138000023 ], [ 95.22010040300006, 26.759820938000132 ], [ 95.233177186000148, 26.771930696000084 ], [ 95.231636047000109, 26.777692796000053 ], [ 95.244918824000194, 26.78733062800012 ], [ 95.21511840800008, 26.798379898 ], [ 95.199043274000132, 26.839929580000103 ], [ 95.208602905000191, 26.850719453000124 ], [ 95.195610046000127, 26.849620819000165 ], [ 95.184501648000094, 26.864830017000031 ], [ 95.212852479000048, 26.885602952000113 ], [ 95.22992706399998, 26.88566970800008 ], [ 95.233856201000094, 26.89084053 ], [ 95.23396301300005, 26.920600892000039 ], [ 95.225563049000129, 26.934429168000179 ], [ 95.214447021000183, 26.936950684000124 ], [ 95.209236144000101, 26.956670760000179 ], [ 95.213417053000057, 26.958789827000089 ], [ 95.206756590999987, 26.962591172000089 ], [ 95.215042114000141, 26.970371247000173 ], [ 95.205223084000068, 26.982170105000137 ], [ 95.209960938, 26.982629776000067 ], [ 95.195198059000063, 26.989990234000118 ], [ 95.200080873000104, 27.006229400000109 ], [ 95.195518494000169, 27.042949676000092 ], [ 95.203796387000011, 27.043001175000029 ], [ 95.207687377000127, 27.03478050300015 ], [ 95.213806153000121, 27.033479692000071 ], [ 95.222633362000124, 27.04089164700008 ], [ 95.229469300000119, 27.04017067000018 ], [ 95.230911255000194, 27.045709610000188 ], [ 95.248229981000122, 27.030252458000064 ], [ 95.277626037000175, 27.049770355000192 ], [ 95.277832031000173, 27.056768418000047 ], [ 95.31317901500006, 27.086740495000015 ], [ 95.366470337000123, 27.112850189000142 ], [ 95.371269227000141, 27.111400605000085 ] ] ] } },
{ "type": "Feature", "properties": { "district": "Lower Dibang Valley" }, "geometry": { "type": "Polygon", "coordinates": [ [ [ 96.051261901000089, 28.184989928000164 ], [ 96.040069579000033, 28.167552949000083 ], [ 96.031997681000064, 28.16512107900013 ], [ 96.034568786000079, 28.152030943999989 ], [ 96.02720642100013, 28.134990693000077 ], [ 96.011718750000057, 28.122711182000046 ], [ 96.003532409000115, 28.100578308000024 ], [ 95.981826781999985, 28.077182769000046 ], [ 95.995307922000052, 28.057510377000028 ], [ 95.995658875000061, 28.047241211000141 ], [ 95.989547729000151, 28.005672455000138 ], [ 95.993362428000012, 27.979990005000047 ], [ 95.985160828000176, 27.972061158000088 ], [ 95.956886291000103, 27.969129563000081 ], [ 95.825881957000092, 27.977371217000041 ], [ 95.606742859000065, 27.957769394000081 ], [ 95.58866119400011, 27.941629410000132 ], [ 95.571212769000169, 27.94238090500005 ], [ 95.565048217000083, 27.922519684000122 ], [ 95.543800354000041, 27.913459777000014 ], [ 95.543533324000123, 27.902322770000069 ], [ 95.526229858000193, 27.897899628000175 ], [ 95.5159530640002, 27.881788253000025 ], [ 95.520088196000074, 27.890800475000162 ], [ 95.516380309000112, 27.916467668000109 ], [ 95.500343323000152, 27.950550080000141 ], [ 95.501586914000086, 27.956188202000192 ], [ 95.508262634000175, 27.972949982000102 ], [ 95.534942627000135, 27.994529724000188 ], [ 95.54563140800019, 28.022380829000042 ], [ 95.559707642000092, 28.039659501000074 ], [ 95.568870544000106, 28.082719803000032 ], [ 95.570457458000135, 28.135419846000161 ], [ 95.560783385000036, 28.172018051000066 ], [ 95.564636231000122, 28.258750915000064 ], [ 95.536300660000165, 28.289920808000034 ], [ 95.512496948000091, 28.277759553000067 ], [ 95.486633300000051, 28.27590942400019 ], [ 95.46640777500005, 28.26288986100019 ], [ 95.461227417000032, 28.282390595000038 ], [ 95.450523376000149, 28.293279648000123 ], [ 95.446578979000037, 28.308059693000132 ], [ 95.43573761000016, 28.318040848000066 ], [ 95.397796630000073, 28.318229676000044 ], [ 95.385910033000073, 28.311491013000193 ], [ 95.375717163000104, 28.322999955000114 ], [ 95.377166748000036, 28.337181092000094 ], [ 95.370109558000195, 28.34239006100006 ], [ 95.36902618400012, 28.359928131000061 ], [ 95.338417053000114, 28.368991853000182 ], [ 95.338279724000074, 28.409090042000116 ], [ 95.320365907000109, 28.428899765000097 ], [ 95.339050292000195, 28.442020417000151 ], [ 95.33489227300015, 28.455198288000076 ], [ 95.33679199200003, 28.47991943400001 ], [ 95.353256225000109, 28.493072510000104 ], [ 95.366203307000035, 28.49498748700006 ], [ 95.377021789000082, 28.511199952000027 ], [ 95.392791748000036, 28.515241623000065 ], [ 95.392738343000133, 28.532030105000047 ], [ 95.409706116000109, 28.552431106000029 ], [ 95.400947570000199, 28.570610046000127 ], [ 95.381881714000087, 28.573150635000104 ], [ 95.375129700000116, 28.617069245000039 ], [ 95.365180969000164, 28.628730774000076 ], [ 95.367156982000154, 28.646690368000179 ], [ 95.359359741000105, 28.662090302000024 ], [ 95.356552125000121, 28.698209761999976 ], [ 95.350509644000169, 28.706890107000106 ], [ 95.366790772000058, 28.716800691000174 ], [ 95.374366760000044, 28.729738235000184 ], [ 95.384246825000105, 28.733190536999984 ], [ 95.388946533000137, 28.743770600000119 ], [ 95.408866882000154, 28.744489671000167 ], [ 95.554138184000067, 28.708173752 ], [ 95.624855042000036, 28.652742387000046 ], [ 95.649703979000037, 28.62407493600017 ], [ 95.752922058000024, 28.593490600000052 ], [ 95.775856018000127, 28.593490600000052 ], [ 95.789237975000049, 28.606870652000055 ], [ 95.873336791000042, 28.610692979000078 ], [ 95.944061280000085, 28.641275407000023 ], [ 96.010955810000155, 28.650831222000136 ], [ 96.152397155000187, 28.654653549000102 ], [ 96.286201477000077, 28.597312927000189 ], [ 96.347358703000111, 28.57628631700004 ], [ 96.367973327000072, 28.563531876000127 ], [ 96.35460662800017, 28.560590744000137 ], [ 96.324302673000034, 28.530340196000111 ], [ 96.36660766500006, 28.504728318000161 ], [ 96.37296295100009, 28.487039567000011 ], [ 96.366958619000172, 28.479530335000106 ], [ 96.341369628000052, 28.470020295000154 ], [ 96.263771057000099, 28.413379670000154 ], [ 96.304641724000192, 28.404720307000161 ], [ 96.315322877000142, 28.388420103999977 ], [ 96.298072814000079, 28.37169265700004 ], [ 96.292037964000087, 28.349662782000053 ], [ 96.268386840000176, 28.335371018000103 ], [ 96.256889344000115, 28.314220429000045 ], [ 96.23987579400017, 28.304611206000175 ], [ 96.269676208000078, 28.244239807000042 ], [ 96.231971741000166, 28.243909837000103 ], [ 96.217262267000081, 28.236110688000053 ], [ 96.170272828000122, 28.19227027900007 ], [ 96.145706177000079, 28.180419922000056 ], [ 96.143829346000132, 28.175117493000187 ], [ 96.119445801000097, 28.182991027000071 ], [ 96.106307983000022, 28.194709779000164 ], [ 96.084503174000076, 28.194360733000053 ], [ 96.061927796000191, 28.201850891000163 ], [ 96.050796509000122, 28.198631287000069 ], [ 96.051261901000089, 28.184989928000164 ] ] ] } },
{ "type": "Feature", "properties": { "district": "Lower Subansiri" }, "geometry": { "type": "Polygon", "coordinates": [ [ [ 93.391731262000121, 27.641866685000139 ], [ 93.399085999000135, 27.671289443999967 ], [ 93.411209107000104, 27.695535660000075 ], [ 93.42817688000008, 27.712509156000124 ], [ 93.454849243000126, 27.712509156000124 ], [ 93.481521607000047, 27.719781876000184 ], [ 93.517890929000089, 27.746454239000059 ], [ 93.525169373000153, 27.773124696000082 ], [ 93.544563294000113, 27.794946671000048 ], [ 93.573661805000143, 27.809495926000125 ], [ 93.607604981, 27.811920166000164 ], [ 93.634277343000122, 27.828893662000155 ], [ 93.656097413000055, 27.860412599000085 ], [ 93.687622070000089, 27.88950920200017 ], [ 93.774909973000092, 27.896781921000184 ], [ 93.811279297000169, 27.911331177000136 ], [ 93.820976257000154, 27.928302765000183 ], [ 93.820976257000154, 27.959823609000182 ], [ 93.842796326000155, 28.003467560000047 ], [ 93.869468689000144, 28.025289535000184 ], [ 93.910591126000099, 28.028865815000131 ], [ 93.912086486000192, 28.014480591000051 ], [ 93.937461853000059, 28.003740310000012 ], [ 93.942520142000149, 27.982860566000113 ], [ 93.965591431000121, 27.978260041000055 ], [ 93.968193055000086, 27.967798233000053 ], [ 93.978630066000051, 27.978679658000033 ], [ 93.98767089800009, 27.976810456000123 ], [ 94.010986328000058, 27.95812988299997 ], [ 94.03842926100009, 27.95870018 ], [ 94.068206787000065, 27.941169738000099 ], [ 94.04769897500006, 27.913940430000082 ], [ 94.056198121000193, 27.908309936000023 ], [ 94.060279845000196, 27.871570587000122 ], [ 94.074386596000068, 27.851511002000166 ], [ 94.096687316000157, 27.86201095600012 ], [ 94.122245789000033, 27.86405181900011 ], [ 94.128837585000099, 27.860080718000063 ], [ 94.14170074499998, 27.86851120100016 ], [ 94.149353027000075, 27.868249894000087 ], [ 94.160446166000156, 27.846090318000165 ], [ 94.170745849000127, 27.847730637000097 ], [ 94.192230225000174, 27.838911056000143 ], [ 94.193847656000173, 27.813808442000095 ], [ 94.258003235000047, 27.810260773999971 ], [ 94.294616699000017, 27.793031694000149 ], [ 94.317771911000136, 27.776630403000183 ], [ 94.310752869000055, 27.747940063000044 ], [ 94.314872742000148, 27.741729737000128 ], [ 94.339378356, 27.727920533000088 ], [ 94.356796265000128, 27.731559753000113 ], [ 94.352432250000106, 27.717100143000096 ], [ 94.322799681999982, 27.705810547000169 ], [ 94.303169251000156, 27.687480928000127 ], [ 94.267707825000059, 27.668529510000099 ], [ 94.231925963000151, 27.640481948000058 ], [ 94.211112976000152, 27.610841752000056 ], [ 94.213508605000186, 27.604421616000138 ], [ 94.225051879000148, 27.598510742000087 ], [ 94.221443177000197, 27.587911607000024 ], [ 94.226478576000147, 27.575630189000094 ], [ 94.256500245000041, 27.557428361000063 ], [ 94.262512207000043, 27.527429581000092 ], [ 94.259056092000037, 27.522600174000104 ], [ 94.221672058000195, 27.507030487000122 ], [ 94.212326050000172, 27.497949601000187 ], [ 94.200912475000166, 27.517009735000158 ], [ 94.153411864000077, 27.512935639000034 ], [ 94.103195191000111, 27.473579407000102 ], [ 94.067909240000063, 27.466793061000146 ], [ 94.010902404000035, 27.479007721000187 ], [ 93.993263245000151, 27.487150193000161 ], [ 93.895545958000127, 27.484436036000034 ], [ 93.829048157000102, 27.405719757000099 ], [ 93.835830688000044, 27.363647461000141 ], [ 93.808685303000118, 27.339218141000174 ], [ 93.786972046000074, 27.329719543000124 ], [ 93.656684875000167, 27.331075669000086 ], [ 93.614616394000109, 27.346004486000083 ], [ 93.603752135000093, 27.358219146000181 ], [ 93.59968566900011, 27.38943481400014 ], [ 93.57254028300008, 27.404363633000173 ], [ 93.564399719000107, 27.415220260000069 ], [ 93.564399719000107, 27.432863236 ], [ 93.583396911000079, 27.455934524999975 ], [ 93.634971618000122, 27.483076095 ], [ 93.639038086000141, 27.495292663999976 ], [ 93.613258363000057, 27.504793167000116 ], [ 93.557609558000081, 27.567222595000089 ], [ 93.544036864000077, 27.583509446000051 ], [ 93.527755737000064, 27.622867585000051 ], [ 93.515541077000194, 27.629653931 ], [ 93.489753723000092, 27.624223709000148 ], [ 93.455825806000178, 27.625581742000179 ], [ 93.431396484000174, 27.641866685000139 ], [ 93.391731262000121, 27.641866685000139 ] ] ] } },
{ "type": "Feature", "properties": { "district": "Namsai" }, "geometry": { "type": "Polygon", "coordinates": [ [ [ 96.112350464000031, 27.622081756000114 ], [ 96.064491271000122, 27.612651826000047 ], [ 96.056427003000067, 27.599220277000086 ], [ 96.004898071000127, 27.562931061000086 ], [ 96.001663207000036, 27.565820694000024 ], [ 95.86701965300017, 27.551099777000104 ], [ 95.852096558000085, 27.565650939000079 ], [ 95.839897156000177, 27.566610336000167 ], [ 95.831932068000185, 27.578889846999971 ], [ 95.821243285000151, 27.581720352000161 ], [ 95.824195861000192, 27.603010177000158 ], [ 95.798027039000033, 27.607830048000096 ], [ 95.794296265000071, 27.622369767000066 ], [ 95.787117004000152, 27.623409271000071 ], [ 95.787345887000185, 27.632299424000166 ], [ 95.79741668600002, 27.635890960000154 ], [ 95.801452637000125, 27.64900970500014 ], [ 95.779220581000061, 27.660539628000151 ], [ 95.778472901000157, 27.672349929000063 ], [ 95.780448913000043, 27.679189682000128 ], [ 95.796470642000088, 27.688060760000155 ], [ 95.774551392000149, 27.696701050000058 ], [ 95.770523071000184, 27.715999604000046 ], [ 95.784408569000107, 27.718652726000187 ], [ 95.794403077000197, 27.726861953000082 ], [ 95.79940032900015, 27.742208480000045 ], [ 95.815101624000135, 27.754701615000158 ], [ 95.843299866000166, 27.760055541000099 ], [ 95.871139526000093, 27.772905351000134 ], [ 95.876136780000195, 27.771120072000144 ], [ 95.878639222000118, 27.757913591000147 ], [ 95.890060425000172, 27.753273011000033 ], [ 95.899337769000056, 27.755058289000146 ], [ 95.9293212890002, 27.747920990000182 ], [ 95.947525025000061, 27.761482238000099 ], [ 95.95680236700008, 27.746492386000114 ], [ 95.963584900000058, 27.68403244100017 ], [ 95.97892761200012, 27.642271042000118 ], [ 96.046745300000055, 27.619071960000156 ], [ 96.102424621000068, 27.630493165000189 ], [ 96.112350464000031, 27.622081756000114 ] ] ] } },
{ "type": "Feature", "properties": { "district": "Papum Pare" }, "geometry": { "type": "Polygon", "coordinates": [ [ [ 93.39073181100008, 26.960029602000077 ], [ 93.387672425000062, 26.974502563000044 ], [ 93.381347656000173, 26.976810456000123 ], [ 93.386177062000058, 26.985731125000086 ], [ 93.361610413000051, 26.983972549000043 ], [ 93.340660094000043, 27.003229142000066 ], [ 93.345046997, 27.012920381000129 ], [ 93.340927124000132, 27.034378052000193 ], [ 93.343711852000126, 27.040300369000192 ], [ 93.313285827000016, 27.08133125400019 ], [ 93.296836853000059, 27.078329086000167 ], [ 93.27266693100006, 27.105440139000052 ], [ 93.242988587000127, 27.113330841000106 ], [ 93.230026244999976, 27.111511231000179 ], [ 93.213508606000119, 27.118490220000069 ], [ 93.211212158000194, 27.132829667000181 ], [ 93.216598511000086, 27.140661239000167 ], [ 93.229476929000043, 27.142509461000145 ], [ 93.245407105000197, 27.156009674000074 ], [ 93.270683288000157, 27.155719757000156 ], [ 93.310043335000159, 27.174261094000144 ], [ 93.300239563000048, 27.181619644000023 ], [ 93.300453185000151, 27.188850403000117 ], [ 93.273452760000168, 27.213020325000116 ], [ 93.229125978000184, 27.200429917000065 ], [ 93.221649170000092, 27.20537948700013 ], [ 93.224906922000173, 27.238740920000112 ], [ 93.233749389000195, 27.24074935900012 ], [ 93.225440980000144, 27.252410888000156 ], [ 93.258262633000186, 27.276388169000086 ], [ 93.294776916999979, 27.292329789000178 ], [ 93.295066833000192, 27.313911438000162 ], [ 93.2898330700001, 27.331100463000155 ], [ 93.300430299000027, 27.336139679000041 ], [ 93.307098389000032, 27.346168519000059 ], [ 93.372261047, 27.373159409000095 ], [ 93.368270873000085, 27.381290435000153 ], [ 93.373016358000086, 27.388710023000101 ], [ 93.36827850300017, 27.418252945000063 ], [ 93.33833313000008, 27.434770584000091 ], [ 93.330276490000131, 27.445480348 ], [ 93.315162659000066, 27.444910049000157 ], [ 93.324371338000049, 27.453317643 ], [ 93.326858520000144, 27.46439170900004 ], [ 93.312339781999981, 27.505502701000012 ], [ 93.304992675000051, 27.507471085000191 ], [ 93.29456329400017, 27.524642945000096 ], [ 93.316101074000187, 27.535411835000104 ], [ 93.318801880000194, 27.545740128000148 ], [ 93.330696105000129, 27.553600312000185 ], [ 93.321533203000115, 27.567100525000114 ], [ 93.311492920000092, 27.568548202000102 ], [ 93.29962158100011, 27.579931258000101 ], [ 93.280487060000098, 27.580648422000081 ], [ 93.284736634000126, 27.588760377000085 ], [ 93.271018981000168, 27.595371247000116 ], [ 93.284820557000103, 27.61608123700006 ], [ 93.329605103000063, 27.639152528000182 ], [ 93.370323182000163, 27.641866685000139 ], [ 93.431396484000174, 27.641866685000139 ], [ 93.455825806000178, 27.625581742000179 ], [ 93.489753723000092, 27.624223709000148 ], [ 93.515541077000194, 27.629653931 ], [ 93.527755737000064, 27.622867585000051 ], [ 93.544036864000077, 27.583509446000051 ], [ 93.557609558000081, 27.567222595000089 ], [ 93.613258363000057, 27.504793167000116 ], [ 93.639038086000141, 27.495292663999976 ], [ 93.634971618000122, 27.483076095 ], [ 93.583396911000079, 27.455934524999975 ], [ 93.564399719000107, 27.432863236 ], [ 93.564399719000107, 27.415220260000069 ], [ 93.57254028300008, 27.404363633000173 ], [ 93.59968566900011, 27.38943481400014 ], [ 93.603752135000093, 27.358219146000181 ], [ 93.614616394000109, 27.346004486000083 ], [ 93.656684875000167, 27.331075669000086 ], [ 93.786972046000074, 27.329719543000124 ], [ 93.808685303000118, 27.339218141000174 ], [ 93.835830688000044, 27.363647461000141 ], [ 93.829048157000102, 27.405719757000099 ], [ 93.895545958000127, 27.484436036000034 ], [ 93.993263245000151, 27.487150193000161 ], [ 94.010902404000035, 27.479007721000187 ], [ 94.067909240000063, 27.466793061000146 ], [ 94.103195191000111, 27.473579407000102 ], [ 94.153411864000077, 27.512935639000034 ], [ 94.200912475000166, 27.517009735000158 ], [ 94.207695008000144, 27.507507324000073 ], [ 94.21065521200012, 27.497903824000048 ], [ 94.191246031999981, 27.496320725000032 ], [ 94.157211304000043, 27.478048324000156 ], [ 94.160202027000139, 27.466470719000085 ], [ 94.086349487000177, 27.404560090000189 ], [ 94.060928345000036, 27.363559724000083 ], [ 94.000007628000105, 27.334709167000142 ], [ 94.000686645000087, 27.330139161000034 ], [ 93.901046753000116, 27.241540909000037 ], [ 93.867446899000186, 27.198841095000034 ], [ 93.808586121000076, 27.15175056400011 ], [ 93.805610656, 27.137790680000023 ], [ 93.797798158000035, 27.136009216000105 ], [ 93.813507079000146, 27.132011414000033 ], [ 93.813156128000116, 27.123760225000069 ], [ 93.825492858000189, 27.119340898000075 ], [ 93.826637269000116, 27.099380493000126 ], [ 93.836212158000137, 27.086479188000169 ], [ 93.836746216000108, 27.078212738000104 ], [ 93.828247070000145, 27.068950654000105 ], [ 93.824577332000104, 27.072170257000096 ], [ 93.818786621000129, 27.064931870000123 ], [ 93.81288147000015, 27.07068061800004 ], [ 93.804885865000188, 27.061349868000036 ], [ 93.797096252000017, 27.070882796999967 ], [ 93.793998718000068, 27.057729721000044 ], [ 93.787422179000146, 27.054229737000185 ], [ 93.782272338000098, 27.066900253000142 ], [ 93.777946472999986, 27.052770615999975 ], [ 93.772399903000064, 27.062301635000154 ], [ 93.768478394000056, 27.043291092000118 ], [ 93.718933105000076, 27.019220353000037 ], [ 93.675781250000057, 26.971071242999983 ], [ 93.624496460000103, 26.96421051100009 ], [ 93.584220887000015, 26.952648164000038 ], [ 93.525840759000062, 26.948631286000023 ], [ 93.489356995000151, 26.938529968000012 ], [ 93.486831666000171, 26.943090439000173 ], [ 93.468109131000176, 26.938890457000127 ], [ 93.4478683480001, 26.954151154000044 ], [ 93.39073181100008, 26.960029602000077 ] ] ] } },
{ "type": "Feature", "properties": { "district": "Tawang" }, "geometry": { "type": "Polygon", "coordinates": [ [ [ 92.315956115000176, 27.778240203000109 ], [ 92.279457092000143, 27.6769104 ], [ 92.246376037000118, 27.629512787000067 ], [ 92.134033203000115, 27.565059661000191 ], [ 92.0937194830002, 27.528240204000099 ], [ 92.031707763000156, 27.491500854000151 ], [ 91.994895935000102, 27.47791290300006 ], [ 91.98884582400018, 27.467063904000042 ], [ 91.977874755000016, 27.462482452000074 ], [ 91.971801758000197, 27.466297151000106 ], [ 91.960083009000186, 27.459932328000093 ], [ 91.942527771000186, 27.459896088000107 ], [ 91.930229187000123, 27.465490341000191 ], [ 91.923332214000084, 27.475276947000054 ], [ 91.897041320000085, 27.470912934000012 ], [ 91.881484986000089, 27.475105285999973 ], [ 91.872016906999988, 27.470613480000111 ], [ 91.865447997000047, 27.48138046300005 ], [ 91.848121643000184, 27.486255646000131 ], [ 91.841339112000014, 27.476369858000169 ], [ 91.824897767000095, 27.467433929000038 ], [ 91.813804627000081, 27.473594665000121 ], [ 91.797904969000115, 27.473073959000033 ], [ 91.767311096000185, 27.464897155000131 ], [ 91.767379761000086, 27.473794937000036 ], [ 91.752548219000175, 27.476671219000139 ], [ 91.7294540420001, 27.46894455000006 ], [ 91.714370727000073, 27.474721908000049 ], [ 91.717239380000194, 27.485172273000103 ], [ 91.713180542000089, 27.493572236000091 ], [ 91.694725037000126, 27.505918503000146 ], [ 91.683021546000191, 27.495107651000069 ], [ 91.651710511000033, 27.484342576000074 ], [ 91.646705627000188, 27.500501633000113 ], [ 91.623603822000177, 27.514316559000122 ], [ 91.612525940000182, 27.543352127000162 ], [ 91.593948365000074, 27.543548583000074 ], [ 91.583122253000113, 27.557044983000139 ], [ 91.58334350500013, 27.566230774000189 ], [ 91.566886902000192, 27.584144593000076 ], [ 91.570571899000186, 27.594749450000108 ], [ 91.584388734000186, 27.608903886000121 ], [ 91.566612244000169, 27.624477386000081 ], [ 91.564437867000152, 27.641969680000045 ], [ 91.573829652000143, 27.660991669000168 ], [ 91.593940734000057, 27.670909881000114 ], [ 91.607086182000046, 27.689107894000074 ], [ 91.628700256000172, 27.699323655000057 ], [ 91.639366150000171, 27.733140945000173 ], [ 91.634704589000194, 27.744888306000064 ], [ 91.645927430000199, 27.767448425000168 ], [ 91.638542174000179, 27.775436402000025 ], [ 91.634826660000101, 27.803632736000111 ], [ 91.616699218000178, 27.819974899000044 ], [ 91.607521058000145, 27.823734283000022 ], [ 91.579788208000025, 27.813064575000055 ], [ 91.568916321000131, 27.820489883 ], [ 91.55482482900004, 27.849945068000068 ], [ 91.560928345000036, 27.853164674000027 ], [ 91.570159912000065, 27.84855079800019 ], [ 91.57776641900017, 27.863100052000163 ], [ 91.607376099000135, 27.854000091000103 ], [ 91.621604920000152, 27.857692719000113 ], [ 91.641853332000039, 27.854129792000094 ], [ 91.669326782000041, 27.856710435000025 ], [ 91.694122314000083, 27.822130203000029 ], [ 91.709571838000159, 27.813289643000076 ], [ 91.74627685500019, 27.803350450000039 ], [ 91.771125794000113, 27.801240921000044 ], [ 91.804122926000048, 27.808889389000115 ], [ 91.81527709900007, 27.803379059000179 ], [ 91.8242111200002, 27.810350418000155 ], [ 91.833488464000084, 27.779888153000059 ], [ 91.845199585000159, 27.775659562000044 ], [ 91.860527039000033, 27.736932755000055 ], [ 91.8704376230001, 27.734460832000082 ], [ 91.878646850000109, 27.721839905000024 ], [ 91.908378601000152, 27.726310730000023 ], [ 91.918762207000043, 27.715101242000173 ], [ 91.94506073000008, 27.728691101000095 ], [ 91.955589294000106, 27.750669479000123 ], [ 91.965827943000193, 27.751440048000177 ], [ 91.983856201000037, 27.769990922000147 ], [ 92.037773132000098, 27.757200242000181 ], [ 92.05539703300019, 27.759130478000031 ], [ 92.156097412000065, 27.837020875000178 ], [ 92.210395813000105, 27.858989715000121 ], [ 92.246276855000076, 27.863519669000141 ], [ 92.264022826000144, 27.857931137000151 ], [ 92.284690857000044, 27.807559967000088 ], [ 92.307388306000121, 27.779239655000026 ], [ 92.315956115000176, 27.778240203000109 ] ] ] } },
{ "type": "Feature", "properties": { "district": "Tirap" }, "geometry": { "type": "Polygon", "coordinates": [ [ [ 95.634132384999987, 27.239810943000066 ], [ 95.64422607500012, 27.214820862000181 ], [ 95.643959045000031, 27.199131012000123 ], [ 95.671859740000059, 27.178226472000119 ], [ 95.675674439000147, 27.167764664000117 ], [ 95.667213440000069, 27.124618530000134 ], [ 95.648094177000075, 27.11094856200009 ], [ 95.642585753000105, 27.099584580000055 ], [ 95.652465821000078, 27.080266952000102 ], [ 95.653350830000022, 27.06276512200003 ], [ 95.63244628800004, 27.026357651000126 ], [ 95.634574890000124, 27.010562898000046 ], [ 95.646354675000168, 26.990139008000028 ], [ 95.684532166, 26.984487534000095 ], [ 95.685440063999977, 26.961372375000053 ], [ 95.69685363800005, 26.943836211000075 ], [ 95.69761657700019, 26.917177200000083 ], [ 95.690757751000092, 26.903196334000029 ], [ 95.668197631000055, 26.908340455000143 ], [ 95.65099334700011, 26.883848190000037 ], [ 95.636756897000112, 26.879289627000048 ], [ 95.632232666000107, 26.849479675000055 ], [ 95.611518860000103, 26.821212768000066 ], [ 95.584732055000188, 26.822771073000126 ], [ 95.565620422000109, 26.833789825 ], [ 95.557395936000148, 26.871456147000117 ], [ 95.557868958000199, 26.897153854000123 ], [ 95.494102478000059, 26.867649079000046 ], [ 95.431282044000113, 26.848613739000143 ], [ 95.41367340100004, 26.865270615000099 ], [ 95.370368957000096, 26.890016557000138 ], [ 95.365608214000076, 26.901912689000142 ], [ 95.362274170000092, 26.923328400000116 ], [ 95.367988586000024, 26.928564073000132 ], [ 95.362754821000181, 26.930942535000099 ], [ 95.363708495000196, 26.94855117700007 ], [ 95.378456116000166, 26.971870422000109 ], [ 95.373222351000095, 26.987098694000167 ], [ 95.379882813000165, 27.001850127000068 ], [ 95.375129700000116, 27.008037567000088 ], [ 95.38226318400001, 27.00660896300019 ], [ 95.38511657600003, 27.011367798000038 ], [ 95.37750244200015, 27.013748170000156 ], [ 95.383689881000066, 27.019458770000142 ], [ 95.367988586000024, 27.020410537000089 ], [ 95.362754821000181, 27.038494110000045 ], [ 95.382743835000099, 27.045633316000078 ], [ 95.391304016000049, 27.058958053000083 ], [ 95.378936769000063, 27.070379258000173 ], [ 95.378936769000063, 27.076566696000157 ], [ 95.38797760000017, 27.083229065000126 ], [ 95.375129700000116, 27.089414598000076 ], [ 95.376976012000114, 27.102180481000175 ], [ 95.420272828000122, 27.130781174000049 ], [ 95.440986634000126, 27.132810594000091 ], [ 95.450752259000183, 27.138839722000171 ], [ 95.457786561000091, 27.135641099000111 ], [ 95.465850829000146, 27.154800415000125 ], [ 95.45870971700009, 27.163288117000036 ], [ 95.468009948000145, 27.172290802000191 ], [ 95.463668824000138, 27.182121277000078 ], [ 95.468643188000158, 27.190500260000135 ], [ 95.459709167000199, 27.213430404000064 ], [ 95.469429017000095, 27.218259811000053 ], [ 95.48722839300018, 27.246030807000125 ], [ 95.510643005000077, 27.258979798000098 ], [ 95.510887147000176, 27.266269685000111 ], [ 95.516181945000028, 27.268630981000058 ], [ 95.520462036000083, 27.263740539000082 ], [ 95.534812928000179, 27.270620347000033 ], [ 95.556137085000159, 27.254369735000125 ], [ 95.574462891000167, 27.251060485000039 ], [ 95.59008789100011, 27.229520798000181 ], [ 95.634132384999987, 27.239810943000066 ] ] ] } },
{ "type": "Feature", "properties": { "district": "Upper Siang" }, "geometry": { "type": "Polygon", "coordinates": [ [ [ 95.272377013000039, 29.05861282300009 ], [ 95.267562867000152, 29.049608231000036 ], [ 95.274368286000197, 29.045579910000072 ], [ 95.276657104000037, 29.034170150000136 ], [ 95.264251710000167, 29.0265598310001 ], [ 95.250732421000066, 29.004978180000137 ], [ 95.242431640000063, 29.002420425000139 ], [ 95.243888855000137, 28.989229202000161 ], [ 95.254432677000182, 28.982370378000041 ], [ 95.254386902000192, 28.971700668000096 ], [ 95.2607269290001, 28.965541839000025 ], [ 95.254913330000079, 28.952972413000111 ], [ 95.2718124390002, 28.947040558000026 ], [ 95.298721313000158, 28.958538056000066 ], [ 95.306060791000107, 28.956190109000033 ], [ 95.305046081000171, 28.947849273000031 ], [ 95.311859131000062, 28.941970825000055 ], [ 95.311546326000041, 28.936080934000017 ], [ 95.323196412000129, 28.931720734000066 ], [ 95.326942444999986, 28.923290252000072 ], [ 95.317390442000033, 28.911830902000133 ], [ 95.324371337000059, 28.908510209000099 ], [ 95.324623109000129, 28.89397239800013 ], [ 95.315353394000113, 28.888099670000031 ], [ 95.327102660000037, 28.855911255000137 ], [ 95.322341919000053, 28.852790833000029 ], [ 95.323432923000041, 28.845500947000119 ], [ 95.32966613800005, 28.836128235 ], [ 95.33783722000004, 28.836919785000134 ], [ 95.354736327000182, 28.825429916000076 ], [ 95.362075806, 28.789310456000067 ], [ 95.376716615000191, 28.78008079600005 ], [ 95.373596191000104, 28.767030717000068 ], [ 95.388946533000137, 28.743770600000119 ], [ 95.384246825000105, 28.733190536999984 ], [ 95.374366760000044, 28.729738235000184 ], [ 95.366790772000058, 28.716800691000174 ], [ 95.350509644000169, 28.706890107000106 ], [ 95.356552125000121, 28.698209761999976 ], [ 95.359359741000105, 28.662090302000024 ], [ 95.367156982000154, 28.646690368000179 ], [ 95.365180969000164, 28.628730774000076 ], [ 95.375129700000116, 28.617069245000039 ], [ 95.381881714000087, 28.573150635000104 ], [ 95.400947570000199, 28.570610046000127 ], [ 95.409706116000109, 28.552431106000029 ], [ 95.392738343000133, 28.532030105000047 ], [ 95.392791748000036, 28.515241623000065 ], [ 95.377021789000082, 28.511199952000027 ], [ 95.366203307000035, 28.49498748700006 ], [ 95.353256225000109, 28.493072510000104 ], [ 95.33679199200003, 28.47991943400001 ], [ 95.33489227300015, 28.455198288000076 ], [ 95.339050292000195, 28.442020417000151 ], [ 95.320365907000109, 28.428899765000097 ], [ 95.338279724000074, 28.409090042000116 ], [ 95.338417053000114, 28.368991853000182 ], [ 95.36902618400012, 28.359928131000061 ], [ 95.370109558000195, 28.34239006100006 ], [ 95.377166748000036, 28.337181092000094 ], [ 95.375717163000104, 28.322999955000114 ], [ 95.38226318400001, 28.314229965000152 ], [ 95.385910033000073, 28.311491013000193 ], [ 95.409240724000199, 28.319370270000093 ], [ 95.377372741000158, 28.280147552000187 ], [ 95.344764710000163, 28.280147552000187 ], [ 95.337783813000158, 28.273160935000078 ], [ 95.336616516000106, 28.226581574000136 ], [ 95.30867004400011, 28.221923829000104 ], [ 95.297019958000192, 28.209114076000105 ], [ 95.298187255000016, 28.196304321000071 ], [ 95.281883241000173, 28.177671433000114 ], [ 95.238800049000076, 28.162534714000117 ], [ 95.225990295000145, 28.149723053000116 ], [ 95.208518983000147, 28.148559571000135 ], [ 95.195709228000169, 28.149723053000116 ], [ 95.160774231000175, 28.200962066999978 ], [ 95.133995056, 28.204456330000028 ], [ 95.111869812000066, 28.226581574000136 ], [ 95.107208251000145, 28.254528047000065 ], [ 95.108375550000176, 28.290626525999983 ], [ 95.120018006000123, 28.299943925000093 ], [ 95.120018006000123, 28.336040497000113 ], [ 95.110702515000071, 28.353511810000043 ], [ 95.072273254000152, 28.39776039100019 ], [ 95.073440551000033, 28.407077790000073 ], [ 95.101387023000029, 28.428039550000051 ], [ 95.103713990000131, 28.444341659000031 ], [ 95.102554320000081, 28.476947784000174 ], [ 95.09091186500018, 28.487426758000026 ], [ 95.08158874500009, 28.504892349000158 ], [ 95.052482604000147, 28.511880874000099 ], [ 95.014053345000093, 28.495578767000097 ], [ 94.997749329000044, 28.502565384000093 ], [ 94.952331543000014, 28.560789108000051 ], [ 94.943016052000132, 28.563119889000063 ], [ 94.926712036000083, 28.539829253000164 ], [ 94.889450074000081, 28.525854111000058 ], [ 94.877807616000098, 28.525854111000058 ], [ 94.85684204100005, 28.547981263000167 ], [ 94.83937835800009, 28.554967880000163 ], [ 94.806770325000116, 28.552639008000028 ], [ 94.758537292000142, 28.537389756000039 ], [ 94.740692139000032, 28.556850433000193 ], [ 94.7356948850001, 28.663553238000077 ], [ 94.730690002000188, 28.686893463999979 ], [ 94.674003601000095, 28.726909637000063 ], [ 94.643997193000189, 28.740245820000155 ], [ 94.598983766000174, 28.79026222300007 ], [ 94.525619508000148, 28.796930313000018 ], [ 94.495613097000103, 28.833608627000103 ], [ 94.458930968, 28.860286712000061 ], [ 94.427253724000082, 28.871955872000115 ], [ 94.400581359000057, 28.890295028000139 ], [ 94.378906251000046, 28.926973342000167 ], [ 94.357231140000124, 28.948648453000089 ], [ 94.278869628000166, 28.995332718000157 ], [ 94.225524903, 29.007001877000164 ], [ 94.171928407000109, 29.007001877000164 ], [ 94.184989929000096, 29.039121627000156 ], [ 94.214691163000168, 29.084089279000182 ], [ 94.257682800000055, 29.116790772000115 ], [ 94.287727356000119, 29.148149491000083 ], [ 94.356925963000037, 29.152589799000111 ], [ 94.367630005000137, 29.16633987400013 ], [ 94.372276305000184, 29.190229416000022 ], [ 94.431182861000195, 29.226821900000118 ], [ 94.494461060000106, 29.216672897000137 ], [ 94.53306579700012, 29.218719483000029 ], [ 94.557899476000046, 29.228910446000043 ], [ 94.572082520000095, 29.250570298000071 ], [ 94.5777587890002, 29.280769348000092 ], [ 94.605369568000071, 29.296989441000051 ], [ 94.61900329600013, 29.312799454000128 ], [ 94.623542786000201, 29.345590591000189 ], [ 94.628158570000039, 29.348590851000097 ], [ 94.641456604000041, 29.346920013000044 ], [ 94.677246093000178, 29.327840806000154 ], [ 94.711051940000118, 29.304340363000051 ], [ 94.777381898000101, 29.241119385000104 ], [ 94.790840149000132, 29.226190568000106 ], [ 94.797897339000144, 29.209989549000113 ], [ 94.792869568000071, 29.180360793000034 ], [ 94.792922974000021, 29.169740678000153 ], [ 94.797988891000045, 29.164609910000024 ], [ 94.84658813600015, 29.18299102900005 ], [ 94.871803285000055, 29.184289932000127 ], [ 94.918800355000144, 29.162300109000114 ], [ 94.967689513000153, 29.159751892000031 ], [ 94.995101928000111, 29.140960694000114 ], [ 95.022796630000073, 29.13062095700019 ], [ 95.025672913000108, 29.133590699000024 ], [ 95.018226624000135, 29.142959595000036 ], [ 94.986686706000171, 29.173538208000139 ], [ 94.997497558000077, 29.173011781000184 ], [ 95.039741517000095, 29.152421951000122 ], [ 95.098396301000037, 29.143800735000184 ], [ 95.113533020000034, 29.121200561000023 ], [ 95.121757508000201, 29.116250992000175 ], [ 95.196647644000166, 29.107580185000131 ], [ 95.250762940000186, 29.109880448000126 ], [ 95.25010681200007, 29.068571090000091 ], [ 95.266555785000151, 29.057649613000137 ], [ 95.272377013000039, 29.05861282300009 ] ] ] } },
{ "type": "Feature", "properties": { "district": "Upper Subansiri" }, "geometry": { "type": "Polygon", "coordinates": [ [ [ 93.910591126000099, 28.028865815000131 ], [ 93.887657166000054, 28.039510726000117 ], [ 93.873573304000047, 28.054960250000136 ], [ 93.874313354000151, 28.074739457000192 ], [ 93.853309632000105, 28.084869384000172 ], [ 93.880249024000136, 28.109289169000192 ], [ 93.875656129000163, 28.116661072000056 ], [ 93.879966736000199, 28.127201080000134 ], [ 93.892028808000077, 28.130239488000143 ], [ 93.845787049000023, 28.20912170400004 ], [ 93.841018676000147, 28.237569809999968 ], [ 93.81723022400007, 28.250181198 ], [ 93.764633179000157, 28.264070511 ], [ 93.745033265000075, 28.285659790000125 ], [ 93.72091674800015, 28.292320251999968 ], [ 93.682662963000041, 28.3216094980001 ], [ 93.669860840000126, 28.317621231000032 ], [ 93.65592193700013, 28.305549622000171 ], [ 93.629119874000196, 28.309190751000074 ], [ 93.609527588000049, 28.272979736000082 ], [ 93.591583252000191, 28.27218818700004 ], [ 93.570343017000198, 28.256950378 ], [ 93.563171386000192, 28.263069152000014 ], [ 93.555717469000115, 28.261491776000071 ], [ 93.54122924800015, 28.268821717000037 ], [ 93.478408814000147, 28.282320024000171 ], [ 93.467338563000169, 28.274641037000151 ], [ 93.453880310000159, 28.272569657000133 ], [ 93.443862915000068, 28.284049988000163 ], [ 93.423431396000183, 28.283500672000173 ], [ 93.412841797000169, 28.289230348000103 ], [ 93.407035827000129, 28.30756950500006 ], [ 93.384742737000181, 28.30706977900013 ], [ 93.382431029000031, 28.313539505 ], [ 93.377349853000055, 28.312259674000074 ], [ 93.376991272000168, 28.324209214000064 ], [ 93.359275819000118, 28.330530166000131 ], [ 93.358818055000086, 28.344350816000031 ], [ 93.342628479000098, 28.346130372000175 ], [ 93.335250855000197, 28.35402107200008 ], [ 93.292526246000193, 28.341009139 ], [ 93.281112671000074, 28.365409850000049 ], [ 93.25800323600015, 28.367630004000034 ], [ 93.243927001000145, 28.361431121000066 ], [ 93.227600099000142, 28.344980240000041 ], [ 93.224769591000097, 28.336219787000061 ], [ 93.219886780000138, 28.335510254000042 ], [ 93.219276429000161, 28.361499787000071 ], [ 93.231521607000104, 28.400711059000059 ], [ 93.225868225000056, 28.408300399999973 ], [ 93.181068421000191, 28.432741165000095 ], [ 93.182662963000155, 28.439990997000109 ], [ 93.207542419000049, 28.452228546000185 ], [ 93.235305787000186, 28.482730865000065 ], [ 93.275917053000057, 28.504829408000148 ], [ 93.288909912000122, 28.543411256000127 ], [ 93.305267333000074, 28.566259384000034 ], [ 93.297538758000144, 28.592029572000115 ], [ 93.299873353000123, 28.599550247000025 ], [ 93.327636719000111, 28.60828971900014 ], [ 93.336906433000081, 28.640159607000101 ], [ 93.350860595000199, 28.63889122 ], [ 93.411842347000118, 28.652900697000177 ], [ 93.44567108200016, 28.676040649000072 ], [ 93.456748962000177, 28.66842079200012 ], [ 93.466758728000059, 28.652120590000038 ], [ 93.474197387000117, 28.65365028400015 ], [ 93.479179383000201, 28.674980164000146 ], [ 93.491119385000104, 28.683961868999972 ], [ 93.509208680000199, 28.679840089000038 ], [ 93.518432617000144, 28.673830032000012 ], [ 93.524467467000136, 28.661279679000188 ], [ 93.533836364000024, 28.658849716000077 ], [ 93.620086670000092, 28.657730103000119 ], [ 93.731567382000151, 28.689279556000088 ], [ 93.775177003000181, 28.668518066000161 ], [ 93.844039917000089, 28.70738983200016 ], [ 93.865272522000168, 28.703712463000102 ], [ 93.919601440000122, 28.670379637999986 ], [ 93.93456268400007, 28.677099227999975 ], [ 93.960289002000025, 28.713060378000023 ], [ 94.013938904000099, 28.669420243000104 ], [ 94.021736144000101, 28.652120590000038 ], [ 94.004600526000161, 28.62263107300015 ], [ 93.999938965000013, 28.5787506100001 ], [ 94.079406739000035, 28.535499573000038 ], [ 94.095619201000147, 28.53722953900018 ], [ 94.107582092000087, 28.522491456000125 ], [ 94.104461669999978, 28.498809814000026 ], [ 94.11374664300007, 28.477010727000163 ], [ 94.12535095200019, 28.468290329000183 ], [ 94.138168335000103, 28.445829391000188 ], [ 94.161682128999985, 28.43369102500003 ], [ 94.172370910000041, 28.436450959000126 ], [ 94.191612244000112, 28.431270599000129 ], [ 94.218322753000109, 28.437690735000047 ], [ 94.230766296000184, 28.429679872000065 ], [ 94.240898131000165, 28.448219300000119 ], [ 94.266693115000123, 28.433731079000154 ], [ 94.292030335000106, 28.430320739000024 ], [ 94.307746886000132, 28.418529512000077 ], [ 94.301033019000158, 28.397550584000157 ], [ 94.307899476000102, 28.377212525 ], [ 94.321487427000022, 28.37030983000011 ], [ 94.329048157000159, 28.359569549000071 ], [ 94.367446899000129, 28.354930879000108 ], [ 94.376136781000014, 28.342359543000043 ], [ 94.385627746000068, 28.33770942700005 ], [ 94.400878905000127, 28.342170716000112 ], [ 94.402786255000194, 28.329719543000124 ], [ 94.377166749000196, 28.310808182000073 ], [ 94.374427796000134, 28.296880722000026 ], [ 94.389541626000096, 28.280509949000077 ], [ 94.391281128000116, 28.267770767000115 ], [ 94.416732788000161, 28.256240845000036 ], [ 94.383132934000059, 28.259971619000169 ], [ 94.368949889000135, 28.246110917000124 ], [ 94.367523192000135, 28.213500977000081 ], [ 94.35626983700007, 28.20054817200014 ], [ 94.37431335500014, 28.183170318000066 ], [ 94.377677918000074, 28.16077995400002 ], [ 94.391418457000043, 28.144069671000068 ], [ 94.386497497, 28.123260498000036 ], [ 94.397712706999982, 28.106960297000057 ], [ 94.390571595000154, 28.086347581000041 ], [ 94.408416748000036, 28.071460724000076 ], [ 94.467308045000095, 28.051189423000153 ], [ 94.481117248000032, 28.025819779000187 ], [ 94.513351441000168, 28.017980575000138 ], [ 94.532516479000151, 27.988580705000118 ], [ 94.523246764000135, 27.969070435000162 ], [ 94.538322448000145, 27.936090470000124 ], [ 94.558692933000088, 27.905229569000142 ], [ 94.593620300000111, 27.89295005800011 ], [ 94.595581053999979, 27.873649597000053 ], [ 94.589866638000046, 27.864561081000147 ], [ 94.577926636000143, 27.858961106000152 ], [ 94.559951782000041, 27.859058380000022 ], [ 94.50448608500011, 27.839130402000023 ], [ 94.483840943000075, 27.838939667000147 ], [ 94.470161437000115, 27.835630417000061 ], [ 94.4619216910001, 27.827859878000083 ], [ 94.448966981000126, 27.82796096800007 ], [ 94.440681458000142, 27.813821793000045 ], [ 94.418685912000115, 27.809160232000067 ], [ 94.403030396000077, 27.795301438000024 ], [ 94.385566710000035, 27.796947480000142 ], [ 94.333229065000069, 27.760490417000028 ], [ 94.305946349000067, 27.786249161000057 ], [ 94.258003235000047, 27.810260773999971 ], [ 94.193847656000173, 27.813808442000095 ], [ 94.192230225000174, 27.838911056000143 ], [ 94.170745849000127, 27.847730637000097 ], [ 94.160446166000156, 27.846090318000165 ], [ 94.149353027000075, 27.868249894000087 ], [ 94.14170074499998, 27.86851120100016 ], [ 94.128837585000099, 27.860080718000063 ], [ 94.122245789000033, 27.86405181900011 ], [ 94.096687316000157, 27.86201095600012 ], [ 94.074386596000068, 27.851511002000166 ], [ 94.060279845000196, 27.871570587000122 ], [ 94.056198121000193, 27.908309936000023 ], [ 94.04769897500006, 27.913940430000082 ], [ 94.068206787000065, 27.941169738000099 ], [ 94.03842926100009, 27.95870018 ], [ 94.010986328000058, 27.95812988299997 ], [ 93.98767089800009, 27.976810456000123 ], [ 93.978630066000051, 27.978679658000033 ], [ 93.968193055000086, 27.967798233000053 ], [ 93.965591431000121, 27.978260041000055 ], [ 93.942520142000149, 27.982860566000113 ], [ 93.937461853000059, 28.003740310000012 ], [ 93.912086486000192, 28.014480591000051 ], [ 93.910591126000099, 28.028865815000131 ] ] ] } },
{ "type": "Feature", "properties": { "district": "West Kameng" }, "geometry": { "type": "Polygon", "coordinates": [ [ [ 93.207748413000047, 27.741889955000033 ], [ 93.14848327600015, 27.738679886999989 ], [ 93.140686035999977, 27.729009629000132 ], [ 93.138206481999987, 27.711410522000165 ], [ 93.113571168000021, 27.685859680000078 ], [ 93.101547242000095, 27.682859421000103 ], [ 93.083190917000195, 27.663049698000179 ], [ 93.07892608700007, 27.651220321000096 ], [ 93.055099488000167, 27.650430679000124 ], [ 93.044219971000132, 27.642980575000081 ], [ 93.028945923000094, 27.60383987400013 ], [ 93.017036437, 27.597158433000061 ], [ 93.010406494000108, 27.58367919900013 ], [ 92.984237670000084, 27.563400269 ], [ 92.971336365000127, 27.565120697000054 ], [ 92.96018981800006, 27.576509475000023 ], [ 92.939781189000087, 27.584470749000104 ], [ 92.935913086000085, 27.59263038600011 ], [ 92.928787232000047, 27.591670991000058 ], [ 92.913803100000166, 27.604480744000057 ], [ 92.895446777000018, 27.610652923000146 ], [ 92.888893127000131, 27.621290205999969 ], [ 92.853126526000096, 27.64794159000013 ], [ 92.827209472000106, 27.647150040000042 ], [ 92.812080383000023, 27.637550353000051 ], [ 92.80622100800008, 27.647321701000124 ], [ 92.790527343, 27.643220901000063 ], [ 92.766960144000052, 27.646911622000175 ], [ 92.748306274000129, 27.622648240000103 ], [ 92.720817566000107, 27.639970779000123 ], [ 92.716972351000038, 27.64776992700007 ], [ 92.708450317000143, 27.629261017000033 ], [ 92.65297699000007, 27.586181641000053 ], [ 92.646171571000195, 27.576890946000049 ], [ 92.643432618000134, 27.54338073800011 ], [ 92.657119751000096, 27.526239395000175 ], [ 92.665283204000104, 27.53671074000016 ], [ 92.678276063000169, 27.538351060000025 ], [ 92.718307496000079, 27.557140350000168 ], [ 92.771278381000059, 27.550210953000146 ], [ 92.783538818000068, 27.557279587000039 ], [ 92.789871215000119, 27.555000305000078 ], [ 92.809761047000165, 27.523349762000123 ], [ 92.813606262000064, 27.525150299000131 ], [ 92.810638428, 27.485250474000054 ], [ 92.803161620000083, 27.471040726000126 ], [ 92.804840088000049, 27.458200454000178 ], [ 92.801086425000051, 27.452079772000161 ], [ 92.808067322000113, 27.428928375000169 ], [ 92.812782288000108, 27.428060532000188 ], [ 92.804672241000105, 27.420200348000151 ], [ 92.818367005000084, 27.417499541999973 ], [ 92.821395874000132, 27.41044998100017 ], [ 92.823562621000121, 27.382110596000018 ], [ 92.814506531000063, 27.378419876 ], [ 92.814506531000063, 27.356010438 ], [ 92.806198120000147, 27.360187531000065 ], [ 92.806556702000137, 27.350851059000092 ], [ 92.799797057000148, 27.351480483000103 ], [ 92.808746339000038, 27.337949754000135 ], [ 92.809150696000188, 27.329010010000104 ], [ 92.844566345000146, 27.303989410000099 ], [ 92.847412109000061, 27.290729524000028 ], [ 92.874015808000081, 27.293811798000149 ], [ 92.888153075000162, 27.285840988000189 ], [ 92.889228821000188, 27.278671264000081 ], [ 92.885528565000072, 27.276929855000162 ], [ 92.89612579400017, 27.267721176 ], [ 92.897041321000188, 27.234859466000103 ], [ 92.90305328300002, 27.221290588000045 ], [ 92.899803161000079, 27.209619523000129 ], [ 92.89383697400018, 27.206020355000021 ], [ 92.832328797000116, 27.188779831000147 ], [ 92.81619262800001, 27.179210663000106 ], [ 92.781608582000047, 27.182310104000123 ], [ 92.768310547000169, 27.195430756000064 ], [ 92.749877930000139, 27.19656944400009 ], [ 92.716667175000168, 27.177150727000026 ], [ 92.607872009000118, 27.141420365000045 ], [ 92.601791381000055, 27.109300614000176 ], [ 92.594146728, 27.105791093000107 ], [ 92.600196839000148, 27.098270416000048 ], [ 92.590179442000021, 27.080230713 ], [ 92.597763062000126, 27.054189682000185 ], [ 92.623931884000115, 27.029939651 ], [ 92.635581970000032, 27.025222778000114 ], [ 92.644630431000053, 27.010040283000023 ], [ 92.645462035000094, 26.987449647000176 ], [ 92.585212707000039, 26.961862564000057 ], [ 92.553611756000066, 26.959070204999989 ], [ 92.505020142000035, 26.9667701730001 ], [ 92.44616699200003, 26.960639954000158 ], [ 92.425765991, 26.943468094000082 ], [ 92.411888123000153, 26.94419098000003 ], [ 92.399757384, 26.926271438000072 ], [ 92.353050233000033, 26.935569764000093 ], [ 92.302856446000192, 26.92420959400016 ], [ 92.303749085000049, 26.90954017700011 ], [ 92.276390076000041, 26.902469635000045 ], [ 92.25456237800006, 26.912229538000133 ], [ 92.194847107000044, 26.891000748000124 ], [ 92.112983704000101, 26.892383575000053 ], [ 92.120132446000071, 26.909542084000179 ], [ 92.114387512000121, 26.94753074700003 ], [ 92.122177124000132, 26.957937242000128 ], [ 92.11965942400019, 26.973276138000074 ], [ 92.104995727000073, 26.98173523000014 ], [ 92.107154846000128, 26.990192413000045 ], [ 92.101158142000088, 27.006792069000028 ], [ 92.078262329000097, 27.017684937000183 ], [ 92.081527710000159, 27.041219712000157 ], [ 92.043991088000155, 27.051645278000137 ], [ 92.023902892000194, 27.109489441000051 ], [ 92.035865783000133, 27.140010834000066 ], [ 92.026824951000094, 27.168603896000093 ], [ 92.040077210000163, 27.182264329000191 ], [ 92.054061890000128, 27.186969757000099 ], [ 92.070930481000062, 27.226175309000041 ], [ 92.070648193000181, 27.238016129000073 ], [ 92.059486389000142, 27.252033233000077 ], [ 92.03853607200017, 27.254760743000134 ], [ 92.045143127000188, 27.268886566000162 ], [ 92.073715211000092, 27.278219223000065 ], [ 92.08720398000014, 27.269083024000111 ], [ 92.113601685, 27.269517899999983 ], [ 92.121849059000112, 27.272649764000164 ], [ 92.124755860000164, 27.282365799000161 ], [ 92.102348328000176, 27.301391601000148 ], [ 92.078857422, 27.311483383999985 ], [ 92.066352844000107, 27.32467079200012 ], [ 92.061782837000067, 27.343338014000096 ], [ 92.047233582000047, 27.360872268000151 ], [ 92.058258057000103, 27.399980546000165 ], [ 92.043640137000182, 27.414104462000125 ], [ 92.041511535000097, 27.435289383000111 ], [ 92.022666931000174, 27.445829392000121 ], [ 92.018768311000144, 27.480323791000046 ], [ 92.000976563000108, 27.478666306000093 ], [ 92.031707763000156, 27.491500854000151 ], [ 92.0937194830002, 27.528240204000099 ], [ 92.134033203000115, 27.565059661000191 ], [ 92.246376037000118, 27.629512787000067 ], [ 92.279457092000143, 27.6769104 ], [ 92.315956115000176, 27.778240203000109 ], [ 92.350280761000192, 27.790660858000081 ], [ 92.379837036000083, 27.795019150000087 ], [ 92.382957459000068, 27.815570832000049 ], [ 92.406860352000081, 27.82208824300011 ], [ 92.413856507000162, 27.823040008000078 ], [ 92.443809509000118, 27.800781250000114 ], [ 92.454933167000149, 27.803262711000173 ], [ 92.501327514000195, 27.84150123500018 ], [ 92.515090943000075, 27.840219498000067 ], [ 92.54389953600014, 27.817470551000099 ], [ 92.560691833000135, 27.821041107000156 ], [ 92.605072022000172, 27.877508165000052 ], [ 92.669212341000048, 27.900131225000166 ], [ 92.701255797000101, 27.933809281000151 ], [ 92.733161927000197, 27.977930068000035 ], [ 92.756500244000051, 27.95763015700004 ], [ 92.786521912000183, 27.951139450000085 ], [ 92.820457458000135, 27.95957756100006 ], [ 92.858352661000026, 27.957019806000062 ], [ 92.857910156000116, 27.949600220000093 ], [ 92.878562928000065, 27.938949584000113 ], [ 92.929481507000048, 27.920450210000126 ], [ 92.930442809000169, 27.875850677000074 ], [ 92.9368667600001, 27.871490478000169 ], [ 92.943885804000161, 27.845928193000134 ], [ 92.94621276800018, 27.842351913000186 ], [ 92.95916748000019, 27.843402862 ], [ 92.965888978000123, 27.826990128000034 ], [ 92.981880187000115, 27.821161270000061 ], [ 93.003410339000027, 27.826200486000062 ], [ 93.011466981000183, 27.819910051000193 ], [ 93.071716309000067, 27.829921723000041 ], [ 93.094673157000045, 27.811700821000045 ], [ 93.108200074000081, 27.820461274000024 ], [ 93.124153137000121, 27.82011032000014 ], [ 93.129837035000037, 27.824211120000143 ], [ 93.158920288000047, 27.819562912000151 ], [ 93.173782349000078, 27.822370529000182 ], [ 93.185226441000168, 27.83327102700008 ], [ 93.187637329000154, 27.845769883 ], [ 93.196067811000091, 27.847259522000115 ], [ 93.206077575000165, 27.837230683000143 ], [ 93.221038819000114, 27.831970216000173 ], [ 93.236282348000088, 27.797901153999987 ], [ 93.229705810000041, 27.776201248000064 ], [ 93.207748413000047, 27.741889955000033 ] ] ] } },
{ "type": "Feature", "properties": { "district": "West Siang" }, "geometry": { "type": "Polygon", "coordinates": [ [ [ 94.758537292000142, 28.537389756000039 ], [ 94.747695922, 28.523309707000067 ], [ 94.746437073000038, 28.506290437000189 ], [ 94.741355895000083, 28.500322342000118 ], [ 94.751358033000088, 28.473941803000059 ], [ 94.745773315000179, 28.459880829000156 ], [ 94.763290405000077, 28.425741195000057 ], [ 94.806053161000136, 28.422391893 ], [ 94.810317994000116, 28.426179885000067 ], [ 94.875907897, 28.411849976000042 ], [ 94.88726043700018, 28.376840591000189 ], [ 94.889457702000129, 28.353620530000171 ], [ 94.89801788300008, 28.346540451000067 ], [ 94.913017274000083, 28.305442810000045 ], [ 94.922386170000095, 28.297090531000094 ], [ 94.920776367000201, 28.275409698000033 ], [ 94.936203003000116, 28.254070283000033 ], [ 94.93714141900017, 28.243360519000134 ], [ 94.88137054300006, 28.235349656000153 ], [ 94.913032532000102, 28.203821183000116 ], [ 94.908699036000201, 28.161869050000064 ], [ 94.913230896000186, 28.151939392000088 ], [ 94.931716920000099, 28.147809983000059 ], [ 94.94954681300004, 28.131969451000032 ], [ 94.928680420000035, 28.099710465000044 ], [ 94.916007996000133, 28.094360351000034 ], [ 94.90068817100007, 28.07967186000019 ], [ 94.93109130800002, 28.050951005000172 ], [ 94.906707763000043, 28.034870149000085 ], [ 94.902542115000188, 28.023351669000078 ], [ 94.887237548000144, 28.015350341999977 ], [ 94.881202698000152, 28.003578187000016 ], [ 94.896736146000194, 27.997961044000078 ], [ 94.922302246000072, 28.000600815000041 ], [ 94.947868347000053, 27.990240097000083 ], [ 94.957893372000058, 27.984178543000041 ], [ 94.956428528000174, 27.96866989200015 ], [ 94.954483032000155, 27.959011079000049 ], [ 94.947135925, 27.952552796000134 ], [ 94.947898866000173, 27.940820694000024 ], [ 94.941902160000154, 27.92663192700013 ], [ 94.92800140300011, 27.909259794999969 ], [ 94.925407409000059, 27.892850876000068 ], [ 94.906608581000171, 27.883739472000059 ], [ 94.910308837000116, 27.863330841000163 ], [ 94.93009948700012, 27.860469819000059 ], [ 94.906326295000099, 27.845859527000187 ], [ 94.910247804000107, 27.837221147000037 ], [ 94.902069091000101, 27.832519532000163 ], [ 94.891906739000035, 27.813430787000186 ], [ 94.899276733000193, 27.809209824000106 ], [ 94.896919250000053, 27.80475044300016 ], [ 94.889671325000165, 27.799890518000097 ], [ 94.885490417000085, 27.788160323000056 ], [ 94.86847686700014, 27.779020310000078 ], [ 94.86003112800006, 27.757368088000021 ], [ 94.865913391000106, 27.745630265000102 ], [ 94.858062744000108, 27.74568748500019 ], [ 94.8660278320001, 27.736240388000056 ], [ 94.853576661000091, 27.731620788999976 ], [ 94.848793029000035, 27.71068191500018 ], [ 94.839385986000195, 27.703540803000124 ], [ 94.821266174000186, 27.696220398000094 ], [ 94.795349122000061, 27.698078157000054 ], [ 94.790992736000192, 27.688850402000128 ], [ 94.772163391000049, 27.68396949800001 ], [ 94.755920410000158, 27.666519166000171 ], [ 94.742668151000146, 27.663421631000119 ], [ 94.720703125000114, 27.669990541000061 ], [ 94.713066102000198, 27.660261155000114 ], [ 94.689407348000032, 27.667190552000136 ], [ 94.68387603900004, 27.663339614000165 ], [ 94.686996459999989, 27.653310777000058 ], [ 94.682510375000163, 27.649589540000079 ], [ 94.669113159000119, 27.650278092 ], [ 94.648422242000152, 27.642070770000032 ], [ 94.634452820000149, 27.628770829000132 ], [ 94.591468811000198, 27.622810365000078 ], [ 94.573532105000083, 27.606969833000051 ], [ 94.526283264000199, 27.59576988300006 ], [ 94.500228881000112, 27.577310563000083 ], [ 94.479156493000062, 27.576990128000091 ], [ 94.459739686000148, 27.557710647000192 ], [ 94.453468322000106, 27.570940017000169 ], [ 94.436050416000114, 27.584421158000168 ], [ 94.43103790300006, 27.603080750000061 ], [ 94.420928955000136, 27.601341249000086 ], [ 94.403182983000193, 27.587190628000144 ], [ 94.387596130000077, 27.589279176000105 ], [ 94.375839234000182, 27.58457756100006 ], [ 94.367492676000097, 27.576749802000109 ], [ 94.312408447000053, 27.589651108000169 ], [ 94.298019410000109, 27.604270936000091 ], [ 94.28765869200015, 27.591791154000134 ], [ 94.276031495000097, 27.593349456999988 ], [ 94.272453307000148, 27.603469849000192 ], [ 94.25408935500019, 27.613700867999967 ], [ 94.267166137, 27.627862931000152 ], [ 94.262786865000066, 27.636020661000146 ], [ 94.252227782000091, 27.640930175999983 ], [ 94.235076904000152, 27.63251113900003 ], [ 94.217437744000165, 27.609001160000162 ], [ 94.211112976000152, 27.610841752000056 ], [ 94.231925963000151, 27.640481948000058 ], [ 94.267707825000059, 27.668529510000099 ], [ 94.303169251000156, 27.687480928000127 ], [ 94.322799681999982, 27.705810547000169 ], [ 94.356239319000053, 27.722009658000161 ], [ 94.356796265000128, 27.731559753000113 ], [ 94.339378356, 27.727920533000088 ], [ 94.314872742000148, 27.741729737000128 ], [ 94.310752869000055, 27.747940063000044 ], [ 94.317771911000136, 27.776630403000183 ], [ 94.333229065000069, 27.760490417000028 ], [ 94.385566710000035, 27.796947480000142 ], [ 94.403030396000077, 27.795301438000024 ], [ 94.418685912000115, 27.809160232000067 ], [ 94.440681458000142, 27.813821793000045 ], [ 94.448966981000126, 27.82796096800007 ], [ 94.4619216910001, 27.827859878000083 ], [ 94.470161437000115, 27.835630417000061 ], [ 94.50448608500011, 27.839130402000023 ], [ 94.534309388000054, 27.852792739000051 ], [ 94.577926636000143, 27.858961106000152 ], [ 94.589866638000046, 27.864561081000147 ], [ 94.595581053999979, 27.873649597000053 ], [ 94.595260621000023, 27.88391113300014 ], [ 94.593620300000111, 27.89295005800011 ], [ 94.558692933000088, 27.905229569000142 ], [ 94.543128968000076, 27.928171159000101 ], [ 94.523246764000135, 27.969070435000162 ], [ 94.532516479000151, 27.988580705000118 ], [ 94.513351441000168, 28.017980575000138 ], [ 94.481117248000032, 28.025819779000187 ], [ 94.467308045000095, 28.051189423000153 ], [ 94.408416748000036, 28.071460724000076 ], [ 94.390571595000154, 28.086347581000041 ], [ 94.397712706999982, 28.106960297000057 ], [ 94.386497497, 28.123260498000036 ], [ 94.391418457000043, 28.144069671000068 ], [ 94.377677918000074, 28.16077995400002 ], [ 94.37431335500014, 28.183170318000066 ], [ 94.35626983700007, 28.20054817200014 ], [ 94.367523192000135, 28.213500977000081 ], [ 94.368949889000135, 28.246110917000124 ], [ 94.383132934000059, 28.259971619000169 ], [ 94.416732788000161, 28.256240845000036 ], [ 94.391281128000116, 28.267770767000115 ], [ 94.389541626000096, 28.280509949000077 ], [ 94.374427796000134, 28.296880722000026 ], [ 94.377166749000196, 28.310808182000073 ], [ 94.402786255000194, 28.329719543000124 ], [ 94.400878905000127, 28.342170716000112 ], [ 94.385627746000068, 28.33770942700005 ], [ 94.376136781000014, 28.342359543000043 ], [ 94.367446899000129, 28.354930879000108 ], [ 94.329048157000159, 28.359569549000071 ], [ 94.321487427000022, 28.37030983000011 ], [ 94.307899476000102, 28.377212525 ], [ 94.301033019000158, 28.397550584000157 ], [ 94.307746886000132, 28.418529512000077 ], [ 94.292030335000106, 28.430320739000024 ], [ 94.266693115000123, 28.433731079000154 ], [ 94.240898131000165, 28.448219300000119 ], [ 94.230766296000184, 28.429679872000065 ], [ 94.218322753000109, 28.437690735000047 ], [ 94.183670044000053, 28.430839539000146 ], [ 94.172370910000041, 28.436450959000126 ], [ 94.161682128999985, 28.43369102500003 ], [ 94.150878906000116, 28.437480927000081 ], [ 94.138168335000103, 28.445829391000188 ], [ 94.12535095200019, 28.468290329000183 ], [ 94.11374664300007, 28.477010727000163 ], [ 94.104461669999978, 28.498809814000026 ], [ 94.107582092000087, 28.522491456000125 ], [ 94.095619201000147, 28.53722953900018 ], [ 94.079406739000035, 28.535499573000038 ], [ 93.999938965000013, 28.5787506100001 ], [ 94.004600526000161, 28.62263107300015 ], [ 94.021736144000101, 28.652120590000038 ], [ 94.013938904000099, 28.669420243000104 ], [ 93.960289002000025, 28.713060378000023 ], [ 93.965553284000066, 28.723239898000145 ], [ 93.968505860000107, 28.751382829000136 ], [ 94.001426697000056, 28.775539398000035 ], [ 94.001632690000122, 28.784280778000152 ], [ 93.985267640000188, 28.798290252000186 ], [ 93.985572814000193, 28.806770325000116 ], [ 93.999977112000067, 28.819770814000094 ], [ 93.994911194000167, 28.841369628000166 ], [ 94.030067444000053, 28.853450775000113 ], [ 94.066535950000116, 28.89608955500006 ], [ 94.155136108000079, 28.954761504000089 ], [ 94.158317566000051, 28.97406005900018 ], [ 94.172943115000066, 28.99182128800004 ], [ 94.171928407000109, 29.007001877000164 ], [ 94.225524903, 29.007001877000164 ], [ 94.278869628000166, 28.995332718000157 ], [ 94.357231140000124, 28.948648453000089 ], [ 94.378906251000046, 28.926973342000167 ], [ 94.400581359000057, 28.890295028000139 ], [ 94.427253724000082, 28.871955872000115 ], [ 94.458930968, 28.860286712000061 ], [ 94.495613097000103, 28.833608627000103 ], [ 94.525619508000148, 28.796930313000018 ], [ 94.598983766000174, 28.79026222300007 ], [ 94.643997193000189, 28.740245820000155 ], [ 94.674003601000095, 28.726909637000063 ], [ 94.730690002000188, 28.686893463999979 ], [ 94.7356948850001, 28.663553238000077 ], [ 94.740692139000032, 28.556850433000193 ], [ 94.758537292000142, 28.537389756000039 ] ] ] } }
]
}
